<?xml version="1.0" encoding="UTF-8"?>
<COLLADA xmlns="http://www.collada.org/2005/11/COLLADASchema" version="1.4.1">
<!--
# File generated by ImageToStl.com - Free Image and 3D model conversion tools
-->
  <asset>
    <contributor>
      <author>ImageToStl.com</author>
      <authoring_tool>ImageToStl.com</authoring_tool>
    </contributor>
    <created>2026-03-25T08:45:32</created>
    <modified>2026-03-25T08:45:32</modified>
    <up_axis>Z_UP</up_axis>
  </asset>
  <library_effects>
    <effect id="effect_0">
        <profile_COMMON>
          <technique sid="common">
            <phong>
              <diffuse>
                <color>0.85 0.85 0.85 1</color>
              </diffuse>
              <specular>
                <color>0.05 0.05 0.05 1</color>
              </specular>
              <shininess>
                <float>64</float>
              </shininess>
            </phong>
          </technique>
        </profile_COMMON>
    </effect>
  </library_effects>
  <library_materials>
    <material id="mat_0">
      <instance_effect url="#effect_0"/>
    </material>
  </library_materials>
  <library_geometries>
    <geometry id="geometry_f6116d47_4da0_4028_88d8_d6f0288c4e0d">
      <mesh>
        <source id="pos_0">
          <float_array id="pos_0-array" count="15615">86.20961761 50.94957733 51.40124512 84.49500275 51.37535095 51.40124512 86.20961761 43.75196075 51.40124512 77.93636322 55.04576874 51.40124512 79.87815857 39.90480423 51.40124512 81.6942749 40.63578033 51.40124512 10.55847645 54.66915131 51.40124512 8.41335297 53.57615662 51.40124512 5.61798096 44.97288513 51.40124512 81.6942749 54.06576157 51.40124512 79.87815857 54.79673767 51.40124512 84.49500275 43.32619095 51.40124512 83.26715851 41.8013916 51.40124512 88.33324432 46.4674263 51.40124512 88.33324432 48.23411179 51.40124512 87.57680511 49.83066559 51.40124512 83.26715851 52.9001503 51.40124512 12.93636227 55.04576874 51.40124512 6.71097374 42.8277626 51.40124512 8.41335297 41.12538528 51.40124512 6.71097374 51.8737793 51.40124512 5.61798096 49.72865677 51.40124512 5.24136162 47.35076904 51.40124512 10.55847645 40.03239059 51.40124512 12.93636227 39.65576935 51.40124512 77.93636322 39.65576935 51.40124512 87.57680511 44.87087631 51.40124512 84.49500275 43.32619095 51.33524704 83.26715851 41.8013916 51.33524704 81.6942749 40.63578033 51.33524704 79.87815857 39.90480423 51.33524704 77.93636322 39.65576935 51.33524704 84.49500275 51.37535095 51.33524704 86.20961761 50.94957733 51.33524704 87.57680511 49.83066559 51.33524704 88.33324432 48.23411179 51.33524704 88.33324432 46.4674263 51.33524704 87.57680511 44.87087631 51.33524704 86.20961761 43.75196075 51.33524704 77.93636322 55.04576874 51.33524704 79.87815857 54.79673767 51.33524704 81.6942749 54.06576157 51.33524704 83.26715851 52.9001503 51.33524704 12.93636227 55.04576874 51.33524704 12.93636227 39.65576935 51.33524704 10.55847645 40.03239059 51.33524704 8.41335297 41.12538528 51.33524704 6.71097374 42.8277626 51.33524704 5.61798096 44.97288513 51.33524704 5.24136162 47.35076904 51.33524704 5.61798096 49.72865677 51.33524704 6.71097374 51.8737793 51.33524704 8.41335297 53.57615662 51.33524704 10.55847645 54.66915131 51.33524704 10.49667358 39.84217834 51.33524704 12.93636227 39.45576859 51.33524704 12.93636227 55.2457695 51.33524704 8.2957983 53.73796082 51.33524704 6.54917336 51.99133301 51.33524704 8.2957983 40.96358109 51.33524704 77.93636322 55.2457695 51.33524704 77.93636322 39.45576859 51.33524704 80.37604523 54.85935974 51.33524704 10.49667358 54.85935974 51.33524704 5.42777157 49.79045868 51.33524704 5.04136229 47.35076904 51.33524704 6.54917336 42.71020508 51.33524704 5.42777157 44.91107941 51.33524704 84.32354736 42.71020508 51.33524704 82.57692719 40.96358109 51.33524704 80.37604523 39.84217834 51.33524704 85.44495392 44.91107941 51.33524704 85.83135986 47.35076904 51.33524704 85.44495392 49.79045868 51.33524704 84.32354736 51.99133301 51.33524704 82.57692719 53.73796082 51.33524704 77.93636322 39.35577011 51.23524475 12.93636227 39.35577011 51.23524475 80.4069519 39.74707413 51.23524475 82.63570404 40.88267899 51.23524475 84.40444946 42.65142822 51.23524475 85.54005432 44.88018036 51.23524475 85.93135834 47.35076904 51.23524475 85.54005432 49.82136154 51.23524475 84.40444946 52.05011368 51.23524475 82.63570404 53.8188591 51.23524475 80.4069519 54.95446777 51.23524475 77.93636322 55.34577179 51.23524475 12.93636227 55.34577179 51.23524475 10.46576881 54.95446777 51.23524475 8.23701668 53.8188591 51.23524475 6.46827126 52.05011368 51.23524475 5.33266497 49.82136154 51.23524475 4.94136047 47.35076904 51.23524475 5.33266497 44.88018036 51.23524475 6.46827126 42.65142822 51.23524475 8.23701668 40.88267899 51.23524475 10.46576881 39.74707413 51.23524475 77.93636322 39.35577011 50.63024521 12.93636227 39.35577011 50.63024521 77.93636322 55.34577179 50.63024521 80.4069519 54.95446777 50.63024521 82.63570404 53.8188591 50.63024521 84.40444946 52.05011368 50.63024521 85.54005432 49.82136154 50.63024521 85.93135834 47.35076904 50.63024521 85.54005432 44.88018036 50.63024521 84.40444946 42.65142822 50.63024521 82.63570404 40.88267899 50.63024521 80.4069519 39.74707413 50.63024521 12.93636227 55.34577179 50.63024521 10.46576881 39.74707413 50.63024521 8.23701668 40.88267899 50.63024521 6.46827126 42.65142822 50.63024521 5.33266497 44.88018036 50.63024521 4.94136047 47.35076904 50.63024521 5.33266497 49.82136154 50.63024521 6.46827126 52.05011368 50.63024521 8.23701668 53.8188591 50.63024521 10.46576881 54.95446777 50.63024521 11.9863615 59.22664642 30.88975143 11.9863615 59.81446838 30.88975143 12.80556393 59.25486755 30.88975143 12.93636227 59.85062027 30.88975143 36.38636017 59.25486755 30.88975143 34.60302734 59.85062027 30.88975143 36.30626678 59.85062027 30.88975143 36.39376068 59.80076218 30.88975143 36.38567734 59.81253052 30.88975143 36.32951736 59.84793854 30.88975143 36.36073685 59.83486557 30.88975143 36.40180969 59.78340912 30.88975143 36.4074173 59.75058746 30.88975143 36.4074173 59.2298584 30.88975143 36.38636017 59.2298584 30.88975143 54.46530533 59.75058746 30.88975143 54.46530533 59.2298584 30.88975143 54.25400162 59.74639893 31.49983597 54.16989136 59.32580948 31.63462639 53.46757507 59.33572388 32.23688126 52.68635941 59.33192825 32.41524506 52.68635941 59.72972488 32.41524506 53.29045486 59.73225403 32.31084824 53.46757889 59.73395157 32.23688126 53.64294052 59.33760834 32.14002609 53.8638382 59.73926926 31.97669601 54.16988754 59.74472427 31.6346302 38.18636322 59.72972488 32.41524506 38.18636322 59.33192825 32.41524506 37.53635406 59.73265457 32.29378128 37.40514755 59.33572388 32.23688126 37.40514374 59.73395157 32.23688126 37.2297821 59.33760834 32.14002609 37.00888824 59.73926926 31.97669983 36.70283508 59.74472427 31.6346302 36.70283127 59.32580948 31.63462639 36.59550476 59.74686813 31.45737076 56.26969528 59.85062027 30.88975143 77.93636322 59.85062027 30.88975143 78.06716156 59.25486755 30.88975143 54.48636246 59.2298584 30.88975143 54.48636246 59.25486755 30.88975143 89.97126007 47.35076904 30.88975143 90.38288879 46.19742966 30.88975143 89.56563568 44.26976395 30.88975143 89.95903778 43.93002319 30.88975143 88.37641144 41.39871979 30.88975143 89.12577057 41.77910614 30.88975143 86.48462677 38.93330002 30.88975143 81.14817047 35.85229492 30.88975143 80.23320007 35.06375504 30.88975143 78.06716156 35.44667053 30.88975143 77.93636322 34.85092163 30.88975143 81.14817047 58.84924698 30.88975143 87.91146088 39.81792831 30.88975143 86.35746002 38.11326981 30.88975143 84.01921082 37.04151917 30.88975143 84.51668549 36.72318268 30.88975143 82.451828 35.69500732 30.88975143 80.23320007 59.63778687 30.88975143 82.451828 59.00653458 30.88975143 84.01921082 57.66002274 30.88975143 84.51668549 57.97835541 30.88975143 86.48462677 55.76823807 30.88975143 86.35746002 56.58827209 30.88975143 87.91146088 54.88361359 30.88975143 88.37641144 53.3028183 30.88975143 89.12577057 52.92243195 30.88975143 89.56563568 50.43177795 30.88975143 89.95903778 50.77151489 30.88975143 90.38288879 48.50411224 30.88975143 75.93969727 34.85092163 30.88975143 75.92895508 34.85080719 30.88975143 70.93636322 34.85076904 30.88975143 75.92572021 34.85076904 30.88975143 54.46753693 59.77146912 30.88975143 54.48015976 59.80275726 30.88975143 54.50276184 59.8282814 30.88975143 67.93636322 34.85076904 30.88975143 64.93636322 34.85076904 30.88975143 49.78554916 35.44667053 30.88975143 61.93635941 34.85076904 30.88975143 58.93636322 34.85076904 30.88975143 54.56645584 59.85062027 30.88975143 54.53270721 59.84488297 30.88975143 55.93635941 34.85076904 30.88975143 52.93635941 34.85076904 30.88975143 49.78554916 34.85076904 30.88975143 52.93815994 58.83700562 28.83294487 52.68635941 58.82436752 28.81524467 52.68635941 58.4065094 28.81524467 53.18284988 58.87359238 28.88507271 53.3039856 58.47414017 28.92452431 53.39590836 58.9252739 28.96099472 53.95010757 58.69997025 29.3334713 53.95121002 59.1541214 29.33455849 53.68386459 59.02573395 29.11691666 53.44467926 58.9397583 28.98277664 54.36816406 58.97631454 29.97373581 54.1700592 59.291996 29.59610748 54.08652878 59.2349968 29.48408127 54.48617935 59.69617462 30.5897522 54.45582581 59.58698654 30.28510284 54.48617935 59.16392517 30.5897522 54.44696426 59.57030106 30.24071503 54.33974457 59.43428421 29.90368652 45.43635941 58.82431793 28.81524467 38.18636322 58.4065094 28.81524467 41.81136322 58.82434464 28.81524467 38.18636322 58.82436752 28.81524467 36.38654327 59.69617844 30.5897522 36.38636017 59.16392517 30.5897522 36.52437973 59.44301605 29.92399788 36.50455856 58.97631454 29.97373581 36.62847137 59.34868622 29.71359062 36.92261505 58.69997025 29.3334713 36.92030334 59.15479279 29.33575439 36.8846283 59.17494583 29.3720665 36.67906189 59.30932617 29.63134956 37.66540909 58.878582 28.89228058 37.56873703 58.47414017 28.92452431 37.94526291 58.83595657 28.83146477 37.97395325 58.83336258 28.82782173 37.40320206 58.94752502 28.99454689 37.26869583 58.99420929 29.06673241 37.12472534 59.05321503 29.16165352 80.36650085 59.56241989 30.5897522 79.24647522 59.73279572 30.5897522 54.48636246 59.25486755 30.5897522 77.93637848 59.80189133 30.5897522 54.5863533 59.80189133 30.5897522 54.55448532 59.79640579 30.5897522 86.48462677 38.93330002 30.5897522 86.85358429 38.66091156 30.5897522 87.8504715 39.81811523 30.5897522 78.06716156 35.44667053 30.5897522 77.93637848 34.89964676 30.5897522 79.47227478 34.99471283 30.5897522 80.82790375 59.46144104 30.5897522 78.06716156 59.25486755 30.5897522 81.14817047 58.84924698 30.5897522 88.37641144 41.39871979 30.5897522 84.01921082 37.04151917 30.5897522 84.79755402 36.96065903 30.5897522 85.71355438 37.62731171 30.5897522 81.14817047 35.85229492 30.5897522 11.9863615 35.47489166 30.5897522 11.9863615 34.93595123 30.5897522 12.80556393 35.44667053 30.5897522 12.93634796 34.89964676 30.5897522 54.52622986 59.78074265 30.5897522 54.50398636 59.75634766 30.5897522 54.48989105 59.72467422 30.5897522 90.35144043 46.40414047 30.5897522 90.38361359 47.66111374 30.5897522 89.97126007 47.35076904 30.5897522 90.30391693 48.79067612 30.5897522 89.56563568 50.43177795 30.5897522 88.49337006 40.74924088 30.5897522 89.22704315 42.10186768 30.5897522 89.56563568 44.26976395 30.5897522 80.97340393 35.27576828 30.5897522 82.05600739 35.60092926 30.5897522 83.47377014 36.19872665 30.5897522 89.784729 43.52376175 30.5897522 90.08335114 44.61579895 30.5897522 90.32796478 46.13496017 30.5897522 29.55877495 34.89964676 30.5897522 45.43636322 34.89964676 30.5897522 61.31394577 34.89964676 30.5897522 85.40294647 57.31472778 30.5897522 84.27084351 58.07013702 30.5897522 84.01921082 57.66002274 30.5897522 83.27120209 58.60112762 30.5897522 81.84288788 59.17316437 30.5897522 86.48462677 55.76823807 30.5897522 88.37641144 53.3028183 30.5897522 88.37234497 54.14200974 30.5897522 90.03180695 50.30530548 30.5897522 89.57910919 51.76397705 30.5897522 89.13034821 52.80285645 30.5897522 87.46230316 55.36868668 30.5897522 86.69425964 56.2011795 30.5897522 85.53561401 57.21392059 30.5897522 11.9863615 59.76558685 30.5897522 11.9863615 59.22664642 30.5897522 12.93634796 59.80189133 30.5897522 12.80556393 59.25486755 30.5897522 36.28636932 59.80189133 30.5897522 36.38636017 59.25486755 30.5897522 36.38037491 59.73269272 30.5897522 36.37430573 59.74680328 30.5897522 36.30303955 59.80041885 30.5897522 36.36234665 59.76507568 30.5897522 36.3350296 59.78858948 30.5897522 12.93636227 36.15868759 44.68524551 12.93636227 35.43924332 40.11656952 15.7303133 35.53022003 40.81229782 15.96614265 35.63054276 41.52667999 16.03910637 35.65068817 41.66439819 16.34222603 35.71566391 42.09695816 16.66972733 35.76577759 42.41937637 16.90643883 35.79385376 42.59610367 17.50386429 35.842453 42.89578247 18.43636131 35.86922073 43.05763245 25.46777916 35.86922073 43.05763245 25.43636131 35.89812469 43.22999954 25.43636131 36.15868759 44.68524551 18.24310112 35.86811829 43.05100632 12.93636227 34.85092163 30.88975143 14.93303013 34.85092163 30.88975143 12.93636227 35.00276947 35.51223373 14.96159077 34.91485214 33.83946991 12.93636227 35.18550491 37.8177681 15.16461658 35.09448242 36.78104401 15.5424633 35.38933182 39.71159363 11.28636074 59.68767929 33.56524658 11.28636074 59.15753174 33.56524658 11.10367203 59.13258362 34.48368454 11.10367203 59.62115479 34.48368454 10.58341694 59.04562378 35.2623024 10.58341694 59.48832703 35.2623024 9.72455502 58.84924698 35.81411743 9.80480099 59.27675247 35.78255844 8.88636112 58.5912056 35.96524429 8.88636112 58.98366547 35.96524429 11.28636074 59.15753174 31.5897522 11.28636074 59.73653412 31.5897522 11.28636074 34.96500778 31.5897522 11.28636074 35.54401016 31.5897522 11.33964729 35.53727722 31.32187271 11.33964729 34.95544815 31.32187271 11.49138546 35.51943588 31.09477615 11.49138546 34.93541336 31.09477615 11.71848297 35.49641037 30.94303513 11.71848297 34.91051865 30.94303513 11.9863615 35.47489166 30.88975143 11.9863615 34.88707352 30.88975143 12.80556393 35.44667053 30.88975143 41.08716965 34.85076904 30.88975143 34.93636322 34.85076904 30.88975143 41.08716965 35.44667053 30.88975143 31.93636131 34.85076904 30.88975143 28.93636131 34.85076904 30.88975143 25.93636131 34.85076904 30.88975143 22.93635941 34.85076904 30.88975143 19.93636131 34.85076904 30.88975143 16.21668816 34.85076904 30.88975143 14.9470129 34.85076904 30.88975143 14.94377232 34.85080719 30.88975143 49.76809692 35.55076981 31.88975143 49.63440323 35.55076981 31.88975143 49.77333069 35.55076981 31.5897522 49.64226151 35.55076981 31.5897522 41.2383194 35.55076981 31.88975143 41.1046257 35.55076981 31.88975143 41.23046112 35.55076981 31.5897522 41.09938812 35.55076981 31.5897522 49.63440323 36.35076904 31.88975143 49.76809692 36.35076904 31.88975143 49.50996399 36.35076904 36.64191437 49.68571472 36.35076904 36.60941696 49.07410812 36.35076904 38.37166595 49.24219513 36.35076904 38.42684174 47.94117737 36.35076904 39.74951553 48.06126404 36.35076904 39.87775803 46.32826996 36.35076904 40.51144028 46.37174225 36.35076904 40.68103409 44.54445267 36.35076904 40.51144028 44.50098038 36.35076904 40.68103409 42.93154526 36.35076904 39.74951553 42.81145859 36.35076904 39.87775803 41.7986145 36.35076904 38.37166595 41.6305275 36.35076904 38.42684174 41.36275864 36.35076904 36.64191437 41.1870079 36.35076904 36.60941696 41.2383194 36.35076904 31.88975143 41.1046257 36.35076904 31.88975143 14.39521217 58.19130325 35.57877731 14.68636036 58.08707809 36.96015167 14.68636036 58.08707809 37.23524475 14.80785656 58.02572632 37.6444931 15.18177891 57.75035858 40.11524582 14.76063538 58.0509491 37.5606575 14.39521217 58.19130325 40.11524582 13.4775095 58.19130325 40.11524582 13.87113094 58.24958801 34.59508133 13.92772961 58.2507515 34.57290268 13.95831776 58.25063705 34.57506943 13.4775095 58.19130325 35.57877731 13.63214207 58.2248764 35.03982544 14.01547813 58.24903107 35.30930328 13.81324387 58.24655533 34.65239716 13.98698711 58.25005722 34.58611679 14.07354069 58.2455368 34.67147446 14.21274757 58.22942352 34.96149445 13.03197193 58.00707245 37.8394165 12.69094372 57.75035858 40.11524582 70.47750854 58.19130325 40.11524582 71.39521027 58.19130325 40.11524582 69.69094086 57.75035858 40.11524582 72.18177795 57.75035858 40.11524582 18.43636131 34.87086487 42.56475067 18.43636131 34.894207 42.59531784 17.75692558 34.894207 42.48805618 18.43636131 34.92576981 42.61965561 18.43636131 34.94855499 42.63037109 17.74612808 34.94855499 42.52140427 16.23155212 34.94855499 40.78874207 16.461689 34.94855499 41.44853973 16.22232246 35.00077057 40.7904129 16.45342064 35.00077057 41.45297241 16.60481262 35.00077057 41.69662857 16.99997902 34.94855499 42.10939407 16.99396515 35.00077057 42.11659622 17.47651672 35.00077057 42.42474365 17.74323654 35.00077057 42.53033066 18.43636131 35.00077057 42.63975143 17.78944588 34.85076904 42.38762665 18.43636131 34.85076904 42.48974991 18.43636131 34.85966492 42.54063797 17.77376938 34.85966492 42.43603897 17.05750275 34.85966492 42.04052734 17.09012413 34.85076904 42.00147247 16.54076767 34.85966492 41.40613937 16.58561516 34.85076904 41.38209152 16.31984901 34.85966492 40.7727623 16.36992264 34.85076904 40.76370239 17.0224514 34.894207 42.08249283 16.49258041 34.894207 41.43197632 16.26604652 34.894207 40.78249741 72.43636322 35.00077057 42.63975143 72.43636322 34.94885254 42.63047791 72.43636322 34.92576981 42.61965561 72.43636322 34.89470291 42.59581757 72.43636322 34.87086487 42.56475067 22.93635941 34.85076904 42.48974991 19.93636131 34.85076904 42.48974991 25.93636131 34.85076904 42.48974991 28.93636131 34.85076904 42.48974991 31.93636131 34.85076904 42.48974991 34.93636322 34.85076904 42.48974991 45.43635941 34.85076904 42.48974991 52.93635941 34.85076904 42.48974991 55.93635941 34.85076904 42.48974991 58.93636322 34.85076904 42.48974991 61.93635941 34.85076904 42.48974991 64.93636322 34.85076904 42.48974991 67.93636322 34.85076904 42.48974991 70.93636322 34.85076904 42.48974991 72.43636322 34.86004257 42.54166794 72.43636322 34.85076904 42.48974991 73.11595154 34.89470291 42.48853302 73.09927368 34.86004257 42.43701935 73.12663269 34.94885254 42.52151108 73.12948608 35.00077057 42.53033066 73.39620209 35.00077057 42.42474365 73.87281036 34.94885254 42.10948181 73.87875366 35.00077057 42.11659622 74.26791382 35.00077057 41.69662857 74.41113281 34.94885254 41.44859314 74.41930389 35.00077057 41.45297241 74.64128113 34.94885254 40.78876114 74.65039825 35.00077057 40.7904129 74.28710938 34.85076904 41.38209152 74.50279999 34.85076904 40.76370239 74.55388641 34.86004257 40.7729454 74.33286285 34.86004257 41.40662384 73.81587982 34.86004257 42.0413208 73.7826004 34.85076904 42.00147247 73.08327484 34.85076904 42.38762665 74.6071701 34.89470291 40.78258896 74.38058472 34.89470291 41.43221283 73.85059357 34.89470291 42.08287811 74.54750824 34.85076904 40.51299667 74.60292816 34.86172485 40.52273178 74.65139771 34.89412689 40.53125 74.68384552 34.94299316 40.53694916 74.69524384 35.00077057 40.53895187 22.18636131 35.05076981 40.43524551 22.38636017 34.85076904 40.43524551 22.08588028 35.05076981 40.81024551 22.25908661 34.85076904 40.91024399 21.81136131 35.05076981 41.08476639 21.91136169 34.85076904 41.2579689 21.43636131 35.05076981 41.18524551 21.43636131 34.85076904 41.38524628 21.06136131 35.05076981 41.08476639 20.96136093 34.85076904 41.2579689 20.78684235 35.05076981 40.81024551 20.61363602 34.85076904 40.91024399 20.68636131 35.05076981 40.43524551 20.48636246 34.85076904 40.43524551 25.18636131 35.05076981 40.43524551 25.38636017 34.85076904 40.43524551 25.08588028 35.05076981 40.81024551 25.25908661 34.85076904 40.91024399 24.81136131 35.05076981 41.08476639 24.91136169 34.85076904 41.2579689 24.43636131 35.05076981 41.18524551 24.43636131 34.85076904 41.38524628 24.06136131 35.05076981 41.08476639 23.96136093 34.85076904 41.2579689 23.78684235 35.05076981 40.81024551 23.61363602 34.85076904 40.91024399 23.68636131 35.05076981 40.43524551 23.48636055 34.85076904 40.43524551 28.18636131 35.05076981 40.43524551 28.38636208 34.85076904 40.43524551 28.08588028 35.05076981 40.81024551 28.2590847 34.85076904 40.91024399 27.81136131 35.05076981 41.08476639 27.91135979 34.85076904 41.2579689 27.43636131 35.05076981 41.18524551 27.43636131 34.85076904 41.38524628 27.06136131 35.05076981 41.08476639 26.96136093 34.85076904 41.2579689 26.78684235 35.05076981 40.81024551 26.61363792 34.85076904 40.91024399 26.68636131 35.05076981 40.43524551 26.48636055 34.85076904 40.43524551 31.18636131 35.05076981 40.43524551 31.38636017 34.85076904 40.43524551 31.08588028 35.05076981 40.81024551 31.2590847 34.85076904 40.91024399 30.81136131 35.05076981 41.08476639 30.91136169 34.85076904 41.2579689 30.43636131 35.05076981 41.18524551 30.43636131 34.85076904 41.38524628 30.06136131 35.05076981 41.08476639 29.96136093 34.85076904 41.2579689 29.78684044 35.05076981 40.81024551 29.61363792 34.85076904 40.91024399 29.68636131 35.05076981 40.43524551 29.48636055 34.85076904 40.43524551 34.18635941 35.05076981 40.43524551 34.38636017 34.85076904 40.43524551 34.08588028 35.05076981 40.81024551 34.25908661 34.85076904 40.91024399 33.81135941 35.05076981 41.08476639 33.91136169 34.85076904 41.2579689 33.43635941 35.05076981 41.18524551 33.43635941 34.85076904 41.38524628 33.06135941 35.05076981 41.08476639 32.96136093 34.85076904 41.2579689 32.78684235 35.05076981 40.81024551 32.61363602 34.85076904 40.91024399 32.68636322 35.05076981 40.43524551 32.48636246 34.85076904 40.43524551 37.18635941 35.05076981 40.43524551 37.38636017 34.85076904 40.43524551 37.08588028 35.05076981 40.81024551 37.25908661 34.85076904 40.91024399 36.81136322 35.05076981 41.08476639 36.91136169 34.85076904 41.2579689 36.43636322 35.05076981 41.18524551 36.43636322 34.85076904 41.38524628 36.06135941 35.05076981 41.08476639 35.96136093 34.85076904 41.2579689 35.78684235 35.05076981 40.81024551 35.61363602 34.85076904 40.91024399 35.68635941 35.05076981 40.43524551 35.48636246 34.85076904 40.43524551 40.18635941 35.05076981 40.43524551 40.38636017 34.85076904 40.43524551 40.08588028 35.05076981 40.81024551 40.25908661 34.85076904 40.91024399 39.81135941 35.05076981 41.08476639 39.91136169 34.85076904 41.2579689 39.43635941 35.05076981 41.18524551 39.43635941 34.85076904 41.38524628 39.06136322 35.05076981 41.08476639 38.96136093 34.85076904 41.2579689 38.78684235 35.05076981 40.81024551 38.61363602 34.85076904 40.91024399 38.68635941 35.05076981 40.43524551 38.48636246 34.85076904 40.43524551 52.18636322 35.05076981 40.43524551 52.38636017 34.85076904 40.43524551 52.08588028 35.05076981 40.81024551 52.25908661 34.85076904 40.91024399 51.81135941 35.05076981 41.08476639 51.91136169 34.85076904 41.2579689 51.43635941 35.05076981 41.18524551 51.43635941 34.85076904 41.38524628 51.06136322 35.05076981 41.08476639 50.96136093 34.85076904 41.2579689 50.78684235 35.05076981 40.81024551 50.61363602 34.85076904 40.91024399 50.68635941 35.05076981 40.43524551 50.48636246 34.85076904 40.43524551 55.18636322 35.05076981 40.43524551 55.38636017 34.85076904 40.43524551 55.08588028 35.05076981 40.81024551 55.25908661 34.85076904 40.91024399 54.81136322 35.05076981 41.08476639 54.91136169 34.85076904 41.2579689 54.43635941 35.05076981 41.18524551 54.43635941 34.85076904 41.38524628 54.06135941 35.05076981 41.08476639 53.96136093 34.85076904 41.2579689 53.78684235 35.05076981 40.81024551 53.61363602 34.85076904 40.91024399 53.68635941 35.05076981 40.43524551 53.48636246 34.85076904 40.43524551 58.18635941 35.05076981 40.43524551 58.38636017 34.85076904 40.43524551 58.08588028 35.05076981 40.81024551 58.25908661 34.85076904 40.91024399 57.81135941 35.05076981 41.08476639 57.91136169 34.85076904 41.2579689 57.43636322 35.05076981 41.18524551 57.43636322 34.85076904 41.38524628 57.06136322 35.05076981 41.08476639 56.96136093 34.85076904 41.2579689 56.78684235 35.05076981 40.81024551 56.61363602 34.85076904 40.91024399 56.68636322 35.05076981 40.43524551 56.48636246 34.85076904 40.43524551 61.18636322 35.05076981 40.43524551 61.38636017 34.85076904 40.43524551 61.08588028 35.05076981 40.81024551 61.25908661 34.85076904 40.91024399 60.81136322 35.05076981 41.08476639 60.91136169 34.85076904 41.2579689 60.43635941 35.05076981 41.18524551 60.43635941 34.85076904 41.38524628 60.06135941 35.05076981 41.08476639 59.96136093 34.85076904 41.2579689 59.78684235 35.05076981 40.81024551 59.61363602 34.85076904 40.91024399 59.68635941 35.05076981 40.43524551 59.48636246 34.85076904 40.43524551 64.18636322 35.05076981 40.43524551 64.38636017 34.85076904 40.43524551 64.08587646 35.05076981 40.81024551 64.25908661 34.85076904 40.91024399 63.81135941 35.05076981 41.08476639 63.91136169 34.85076904 41.2579689 63.43635941 35.05076981 41.18524551 63.43635941 34.85076904 41.38524628 63.06136322 35.05076981 41.08476639 62.96136093 34.85076904 41.2579689 62.78684235 35.05076981 40.81024551 62.61363602 34.85076904 40.91024399 62.68635941 35.05076981 40.43524551 62.48636246 34.85076904 40.43524551 67.18636322 35.05076981 40.43524551 67.38636017 34.85076904 40.43524551 67.08587646 35.05076981 40.81024551 67.25908661 34.85076904 40.91024399 66.81136322 35.05076981 41.08476639 66.91136169 34.85076904 41.2579689 66.43636322 35.05076981 41.18524551 66.43636322 34.85076904 41.38524628 66.06136322 35.05076981 41.08476639 65.96135712 34.85076904 41.2579689 65.78684235 35.05076981 40.81024551 65.61363983 34.85076904 40.91024399 65.68636322 35.05076981 40.43524551 65.48635864 34.85076904 40.43524551 70.18636322 35.05076981 40.43524551 70.38636017 34.85076904 40.43524551 70.08588409 35.05076981 40.81024551 70.25908661 34.85076904 40.91024399 69.81136322 35.05076981 41.08476639 69.91136169 34.85076904 41.2579689 69.43636322 35.05076981 41.18524551 69.43636322 34.85076904 41.38524628 69.06136322 35.05076981 41.08476639 68.96135712 34.85076904 41.2579689 68.78684235 35.05076981 40.81024551 68.61363983 34.85076904 40.91024399 68.68636322 35.05076981 40.43524551 68.48635864 34.85076904 40.43524551 73.18636322 35.05076981 40.43524551 73.38636017 34.85076904 40.43524551 73.08588409 35.05076981 40.81024551 73.25908661 34.85076904 40.91024399 72.81136322 35.05076981 41.08476639 72.91136169 34.85076904 41.2579689 72.43636322 35.05076981 41.18524551 72.43636322 34.85076904 41.38524628 72.06136322 35.05076981 41.08476639 71.96136475 34.85076904 41.2579689 71.78684235 35.05076981 40.81024551 71.61363983 34.85076904 40.91024399 71.68636322 35.05076981 40.43524551 71.48635864 34.85076904 40.43524551 19.18636131 35.05076981 40.43524551 19.38636208 34.85076904 40.43524551 19.08588028 35.05076981 40.81024551 19.2590847 34.85076904 40.91024399 18.81136131 35.05076981 41.08476639 18.91136169 34.85076904 41.2579689 18.43636131 35.05076981 41.18524551 18.43636131 34.85076904 41.38524628 18.06136131 35.05076981 41.08476639 17.96136093 34.85076904 41.2579689 17.78684044 35.05076981 40.81024551 17.61363792 34.85076904 40.91024399 17.68636131 35.05076981 40.43524551 17.48636055 34.85076904 40.43524551 16.26979446 34.86172485 40.52273178 16.32521629 34.85076904 40.51299667 16.22132111 34.89412689 40.53125 16.18887901 34.94299316 40.53694916 16.1774807 35.00077057 40.53895187 22.18636131 35.05076981 34.03524399 22.38636017 34.85076904 34.03524399 20.68636131 35.05076981 34.03524399 20.48636246 34.85076904 34.03524399 20.76063347 35.05076981 33.70983124 20.58044052 34.85076904 33.62305832 20.96874428 35.05076981 33.44887161 20.84404564 34.85076904 33.29250717 21.26947021 35.05076981 33.30405045 21.22496605 34.85076904 33.10906219 21.60325241 35.05076981 33.30405045 21.64775658 34.85076904 33.10906219 21.90397835 35.05076981 33.44887161 22.02867699 34.85076904 33.29250717 22.11208725 35.05076981 33.70983124 22.2922821 34.85076904 33.62305832 20.68636131 35.60076904 40.43524551 20.78684235 35.60076904 40.81024551 21.06136131 35.60076904 41.08476639 21.43636131 35.60076904 41.18524551 21.81136131 35.60076904 41.08476639 22.08588028 35.60076904 40.81024551 22.18636131 35.60076904 40.43524551 20.68636131 35.60076904 37.23524475 20.78684235 35.60076904 37.61024475 21.06136131 35.60076904 37.88476562 21.43636131 35.60076904 37.98524475 21.81136131 35.60076904 37.88476562 22.08588028 35.60076904 37.61024475 22.18636131 35.60076904 37.23524475 25.18636131 35.05076981 34.03524399 25.38636017 34.85076904 34.03524399 23.68636131 35.05076981 34.03524399 23.48636055 34.85076904 34.03524399 23.76063538 35.05076981 33.70983124 23.58044052 34.85076904 33.62305832 23.96874428 35.05076981 33.44887161 23.84404564 34.85076904 33.29250717 24.26947021 35.05076981 33.30405045 24.22496605 34.85076904 33.10906219 24.60325241 35.05076981 33.30405045 24.64775658 34.85076904 33.10906219 24.90397835 35.05076981 33.44887161 25.02867699 34.85076904 33.29250717 25.11208725 35.05076981 33.70983124 25.2922821 34.85076904 33.62305832 23.68636131 35.60076904 40.43524551 23.78684235 35.60076904 40.81024551 24.06136131 35.60076904 41.08476639 24.43636131 35.60076904 41.18524551 24.81136131 35.60076904 41.08476639 25.08588028 35.60076904 40.81024551 25.18636131 35.60076904 40.43524551 23.68636131 35.60076904 37.23524475 23.78684235 35.60076904 37.61024475 24.06136131 35.60076904 37.88476562 25.18636131 35.60076904 37.23524475 25.08588028 35.60076904 37.61024475 24.81136131 35.60076904 37.88476562 24.43636131 35.60076904 37.98524475 28.18636131 35.05076981 34.03524399 28.38636208 34.85076904 34.03524399 26.68636131 35.05076981 34.03524399 26.48636055 34.85076904 34.03524399 26.76063538 35.05076981 33.70983124 26.58044052 34.85076904 33.62305832 26.96874237 35.05076981 33.44887161 26.84404564 34.85076904 33.29250717 27.26947021 35.05076981 33.30405045 27.22496605 34.85076904 33.10906219 27.6032505 35.05076981 33.30405045 27.64775467 34.85076904 33.10906219 27.90397835 35.05076981 33.44887161 28.02867508 34.85076904 33.29250717 28.11208916 35.05076981 33.70983124 28.2922802 34.85076904 33.62305832 26.68636131 35.60076904 40.43524551 26.78684235 35.60076904 40.81024551 27.06136131 35.60076904 41.08476639 27.43636131 35.60076904 41.18524551 27.81136131 35.60076904 41.08476639 28.08588028 35.60076904 40.81024551 28.18636131 35.60076904 40.43524551 28.08588028 35.60076904 37.61024475 28.18636131 35.60076904 37.23524475 27.81136131 35.60076904 37.88476562 27.06136131 35.60076904 37.88476562 26.78684235 35.60076904 37.61024475 26.68636131 35.60076904 37.23524475 27.43636131 35.60076904 37.98524475 31.18636131 35.05076981 34.03524399 31.38636017 34.85076904 34.03524399 29.68636131 35.05076981 34.03524399 29.48636055 34.85076904 34.03524399 29.76063347 35.05076981 33.70983124 29.58044243 34.85076904 33.62305832 29.96874428 35.05076981 33.44887161 29.84404564 34.85076904 33.29250717 30.26947021 35.05076981 33.30405045 30.22496605 34.85076904 33.10906219 30.60325241 35.05076981 33.30405045 30.64775658 34.85076904 33.10906219 30.90397835 35.05076981 33.44887161 31.02867699 34.85076904 33.29250717 31.11208916 35.05076981 33.70983124 31.2922821 34.85076904 33.62305832 29.68636131 35.60076904 40.43524551 29.78684044 35.60076904 40.81024551 30.06136131 35.60076904 41.08476639 30.43636131 35.60076904 41.18524551 30.81136131 35.60076904 41.08476639 31.08588028 35.60076904 40.81024551 31.18636131 35.60076904 40.43524551 31.08588028 35.60076904 37.61024475 31.18636131 35.60076904 37.23524475 30.81136131 35.60076904 37.88476562 29.68636131 35.60076904 37.23524475 29.78684044 35.60076904 37.61024475 30.06136131 35.60076904 37.88476562 30.43636131 35.60076904 37.98524475 34.18635941 35.05076981 34.03524399 34.38636017 34.85076904 34.03524399 32.68636322 35.05076981 34.03524399 32.48636246 34.85076904 34.03524399 32.76063538 35.05076981 33.70983124 32.58044052 34.85076904 33.62305832 32.96874237 35.05076981 33.44887161 32.84404373 34.85076904 33.29250717 33.26947021 35.05076981 33.30405045 33.22496796 34.85076904 33.10906219 33.60325241 35.05076981 33.30405045 33.64775467 34.85076904 33.10906219 33.90397644 35.05076981 33.44887161 34.02867508 34.85076904 33.29250717 34.11208725 35.05076981 33.70983124 34.2922821 34.85076904 33.62305832 32.68636322 35.60076904 40.43524551 32.78684235 35.60076904 40.81024551 33.06135941 35.60076904 41.08476639 33.43635941 35.60076904 41.18524551 33.81135941 35.60076904 41.08476639 34.08588028 35.60076904 40.81024551 34.18635941 35.60076904 40.43524551 32.68636322 35.60076904 37.23524475 32.78684235 35.60076904 37.61024475 33.06135941 35.60076904 37.88476562 34.18635941 35.60076904 37.23524475 34.08588028 35.60076904 37.61024475 33.81135941 35.60076904 37.88476562 33.43635941 35.60076904 37.98524475 37.18635941 35.05076981 34.03524399 37.38636017 34.85076904 34.03524399 35.68635941 35.05076981 34.03524399 35.48636246 34.85076904 34.03524399 35.76063538 35.05076981 33.70983124 35.58044052 34.85076904 33.62305832 35.96874237 35.05076981 33.44887161 35.84404755 34.85076904 33.29250717 36.26947021 35.05076981 33.30405045 36.22496796 34.85076904 33.10906219 36.60325241 35.05076981 33.30405045 36.64775467 34.85076904 33.10906219 36.90398026 35.05076981 33.44887161 37.02867508 34.85076904 33.29250717 37.11208725 35.05076981 33.70983124 37.2922821 34.85076904 33.62305832 35.68635941 35.60076904 40.43524551 35.78684235 35.60076904 40.81024551 36.06135941 35.60076904 41.08476639 36.43636322 35.60076904 41.18524551 36.81136322 35.60076904 41.08476639 37.08588028 35.60076904 40.81024551 37.18635941 35.60076904 40.43524551 37.08588028 35.60076904 37.61024475 37.18635941 35.60076904 37.23524475 36.81136322 35.60076904 37.88476562 36.06135941 35.60076904 37.88476562 35.78684235 35.60076904 37.61024475 35.68635941 35.60076904 37.23524475 36.43636322 35.60076904 37.98524475 40.18635941 35.05076981 34.03524399 40.38636017 34.85076904 34.03524399 38.68635941 35.05076981 34.03524399 38.48636246 34.85076904 34.03524399 38.76063538 35.05076981 33.70983124 38.58044052 34.85076904 33.62305832 38.96874237 35.05076981 33.44887161 38.84404755 34.85076904 33.29250717 39.26947021 35.05076981 33.30405045 39.22496796 34.85076904 33.10906219 39.60325241 35.05076981 33.30405045 39.64775467 34.85076904 33.10906219 39.90398026 35.05076981 33.44887161 40.02867508 34.85076904 33.29250717 40.11208725 35.05076981 33.70983124 40.2922821 34.85076904 33.62305832 38.68635941 35.60076904 40.43524551 38.78684235 35.60076904 40.81024551 39.06136322 35.60076904 41.08476639 39.43635941 35.60076904 41.18524551 39.81135941 35.60076904 41.08476639 40.08588028 35.60076904 40.81024551 40.18635941 35.60076904 40.43524551 38.68635941 35.60076904 37.23524475 38.78684235 35.60076904 37.61024475 39.06136322 35.60076904 37.88476562 40.18635941 35.60076904 37.23524475 40.08588028 35.60076904 37.61024475 39.81135941 35.60076904 37.88476562 39.43635941 35.60076904 37.98524475 52.18636322 35.05076981 34.03524399 52.38636017 34.85076904 34.03524399 50.68635941 35.05076981 34.03524399 50.48636246 34.85076904 34.03524399 50.76063538 35.05076981 33.70983124 50.58044052 34.85076904 33.62305832 50.96874237 35.05076981 33.44887161 50.84404755 34.85076904 33.29250717 51.26947021 35.05076981 33.30405045 51.22496796 34.85076904 33.10906219 51.60325241 35.05076981 33.30405045 51.64775467 34.85076904 33.10906219 51.90398026 35.05076981 33.44887161 52.02867508 34.85076904 33.29250717 52.11208725 35.05076981 33.70983124 52.2922821 34.85076904 33.62305832 50.68635941 35.60076904 40.43524551 50.78684235 35.60076904 40.81024551 51.06136322 35.60076904 41.08476639 51.43635941 35.60076904 41.18524551 51.81135941 35.60076904 41.08476639 52.08588028 35.60076904 40.81024551 52.18636322 35.60076904 40.43524551 52.08588028 35.60076904 37.61024475 52.18636322 35.60076904 37.23524475 51.81135941 35.60076904 37.88476562 51.06136322 35.60076904 37.88476562 50.78684235 35.60076904 37.61024475 50.68635941 35.60076904 37.23524475 51.43635941 35.60076904 37.98524475 55.18636322 35.05076981 34.03524399 55.38636017 34.85076904 34.03524399 53.68635941 35.05076981 34.03524399 53.48636246 34.85076904 34.03524399 53.76063538 35.05076981 33.70983124 53.58044052 34.85076904 33.62305832 53.96874237 35.05076981 33.44887161 53.84404755 34.85076904 33.29250717 54.26947021 35.05076981 33.30405045 54.22496796 34.85076904 33.10906219 54.60325241 35.05076981 33.30405045 54.64775467 34.85076904 33.10906219 54.90398026 35.05076981 33.44887161 55.02867508 34.85076904 33.29250717 55.11208725 35.05076981 33.70983124 55.2922821 34.85076904 33.62305832 53.68635941 35.60076904 40.43524551 53.78684235 35.60076904 40.81024551 54.06135941 35.60076904 41.08476639 54.43635941 35.60076904 41.18524551 54.81136322 35.60076904 41.08476639 55.08588028 35.60076904 40.81024551 55.18636322 35.60076904 40.43524551 53.68635941 35.60076904 37.23524475 53.78684235 35.60076904 37.61024475 54.06135941 35.60076904 37.88476562 55.18636322 35.60076904 37.23524475 55.08588028 35.60076904 37.61024475 54.81136322 35.60076904 37.88476562 54.43635941 35.60076904 37.98524475 58.18635941 35.05076981 34.03524399 58.38636017 34.85076904 34.03524399 56.68636322 35.05076981 34.03524399 56.48636246 34.85076904 34.03524399 56.76063538 35.05076981 33.70983124 56.58044052 34.85076904 33.62305832 56.96874237 35.05076981 33.44887161 56.84404755 34.85076904 33.29250717 57.26947021 35.05076981 33.30405045 57.22496414 34.85076904 33.10906219 57.60325241 35.05076981 33.30405045 57.64775467 34.85076904 33.10906219 57.90398026 35.05076981 33.44887161 58.02867508 34.85076904 33.29250717 58.11208725 35.05076981 33.70983124 58.2922821 34.85076904 33.62305832 56.68636322 35.60076904 40.43524551 56.78684235 35.60076904 40.81024551 57.06136322 35.60076904 41.08476639 57.43636322 35.60076904 41.18524551 57.81135941 35.60076904 41.08476639 58.08588028 35.60076904 40.81024551 58.18635941 35.60076904 40.43524551 58.08588028 35.60076904 37.61024475 58.18635941 35.60076904 37.23524475 57.81135941 35.60076904 37.88476562 57.06136322 35.60076904 37.88476562 56.78684235 35.60076904 37.61024475 56.68636322 35.60076904 37.23524475 57.43636322 35.60076904 37.98524475 61.18636322 35.05076981 34.03524399 61.38636017 34.85076904 34.03524399 59.68635941 35.05076981 34.03524399 59.48636246 34.85076904 34.03524399 59.76063538 35.05076981 33.70983124 59.58044052 34.85076904 33.62305832 59.96874237 35.05076981 33.44887161 59.84404755 34.85076904 33.29250717 60.26947021 35.05076981 33.30405045 60.22496796 34.85076904 33.10906219 60.60325241 35.05076981 33.30405045 60.64775467 34.85076904 33.10906219 60.90398026 35.05076981 33.44887161 61.02867508 34.85076904 33.29250717 61.11208725 35.05076981 33.70983124 61.2922821 34.85076904 33.62305832 59.68635941 35.60076904 40.43524551 59.78684235 35.60076904 40.81024551 60.06135941 35.60076904 41.08476639 60.43635941 35.60076904 41.18524551 60.81136322 35.60076904 41.08476639 61.08588028 35.60076904 40.81024551 61.18636322 35.60076904 40.43524551 61.08588028 35.60076904 37.61024475 61.18636322 35.60076904 37.23524475 60.81136322 35.60076904 37.88476562 59.68635941 35.60076904 37.23524475 59.78684235 35.60076904 37.61024475 60.06135941 35.60076904 37.88476562 60.43635941 35.60076904 37.98524475 64.18636322 35.05076981 34.03524399 64.38636017 34.85076904 34.03524399 62.68635941 35.05076981 34.03524399 62.48636246 34.85076904 34.03524399 62.76063538 35.05076981 33.70983124 62.58044052 34.85076904 33.62305832 62.96874237 35.05076981 33.44887161 62.84404755 34.85076904 33.29250717 63.26947021 35.05076981 33.30405045 63.22496796 34.85076904 33.10906219 63.60325241 35.05076981 33.30405045 63.64775467 34.85076904 33.10906219 63.90398026 35.05076981 33.44887161 64.02867889 34.85076904 33.29250717 64.11208344 35.05076981 33.70983124 64.2922821 34.85076904 33.62305832 62.68635941 35.60076904 40.43524551 62.78684235 35.60076904 40.81024551 63.06136322 35.60076904 41.08476639 63.43635941 35.60076904 41.18524551 63.81135941 35.60076904 41.08476639 64.08587646 35.60076904 40.81024551 64.18636322 35.60076904 40.43524551 64.08587646 35.60076904 37.61024475 64.18636322 35.60076904 37.23524475 63.81135941 35.60076904 37.88476562 62.68635941 35.60076904 37.23524475 62.78684235 35.60076904 37.61024475 63.06136322 35.60076904 37.88476562 63.43635941 35.60076904 37.98524475 67.18636322 35.05076981 34.03524399 67.38636017 34.85076904 34.03524399 65.68636322 35.05076981 34.03524399 65.48635864 34.85076904 34.03524399 65.76063538 35.05076981 33.70983124 65.58043671 34.85076904 33.62305832 65.96874237 35.05076981 33.44887161 65.84404755 34.85076904 33.29250717 66.26947021 35.05076981 33.30405045 66.22496796 34.85076904 33.10906219 66.6032486 35.05076981 33.30405045 66.64775848 34.85076904 33.10906219 66.90397644 35.05076981 33.44887161 67.02867889 34.85076904 33.29250717 67.11209106 35.05076981 33.70983124 67.2922821 34.85076904 33.62305832 65.68636322 35.60076904 40.43524551 65.78684235 35.60076904 40.81024551 66.06136322 35.60076904 41.08476639 66.43636322 35.60076904 41.18524551 66.81136322 35.60076904 41.08476639 67.08587646 35.60076904 40.81024551 67.18636322 35.60076904 40.43524551 65.68636322 35.60076904 37.23524475 65.78684235 35.60076904 37.61024475 66.06136322 35.60076904 37.88476562 66.43636322 35.60076904 37.98524475 66.81136322 35.60076904 37.88476562 67.08587646 35.60076904 37.61024475 67.18636322 35.60076904 37.23524475 70.18636322 35.05076981 34.03524399 70.38636017 34.85076904 34.03524399 68.68636322 35.05076981 34.03524399 68.48635864 34.85076904 34.03524399 68.76063538 35.05076981 33.70983124 68.58044434 34.85076904 33.62305832 68.96874237 35.05076981 33.44887161 68.84404755 34.85076904 33.29250717 69.26947021 35.05076981 33.30405045 69.22496796 34.85076904 33.10906219 69.60325623 35.05076981 33.30405045 69.64775848 34.85076904 33.10906219 69.90397644 35.05076981 33.44887161 70.02867889 34.85076904 33.29250717 70.11209106 35.05076981 33.70983124 70.2922821 34.85076904 33.62305832 68.68636322 35.60076904 40.43524551 68.78684235 35.60076904 40.81024551 69.06136322 35.60076904 41.08476639 69.43636322 35.60076904 41.18524551 69.81136322 35.60076904 41.08476639 70.08588409 35.60076904 40.81024551 70.18636322 35.60076904 40.43524551 70.08588409 35.60076904 37.61024475 70.18636322 35.60076904 37.23524475 69.06136322 35.60076904 37.88476562 68.78684235 35.60076904 37.61024475 68.68636322 35.60076904 37.23524475 69.81136322 35.60076904 37.88476562 69.43636322 35.60076904 37.98524475 73.18636322 35.05076981 34.03524399 73.38636017 34.85076904 34.03524399 71.68636322 35.05076981 34.03524399 71.48635864 34.85076904 34.03524399 71.76063538 35.05076981 33.70983124 71.58044434 34.85076904 33.62305832 71.96874237 35.05076981 33.44887161 71.84404755 34.85076904 33.29250717 72.26947021 35.05076981 33.30405045 72.22496796 34.85076904 33.10906219 72.6032486 35.05076981 33.30405045 72.64775848 34.85076904 33.10906219 72.90397644 35.05076981 33.44887161 73.02867889 34.85076904 33.29250717 73.11209106 35.05076981 33.70983124 73.2922821 34.85076904 33.62305832 71.68636322 35.60076904 40.43524551 71.78684235 35.60076904 40.81024551 72.06136322 35.60076904 41.08476639 72.43636322 35.60076904 41.18524551 72.81136322 35.60076904 41.08476639 73.08588409 35.60076904 40.81024551 73.18636322 35.60076904 40.43524551 73.08588409 35.60076904 37.61024475 73.18636322 35.60076904 37.23524475 72.06136322 35.60076904 37.88476562 71.78684235 35.60076904 37.61024475 71.68636322 35.60076904 37.23524475 72.81136322 35.60076904 37.88476562 72.43636322 35.60076904 37.98524475 19.18636131 35.05076981 34.03524399 19.38636208 34.85076904 34.03524399 17.68636131 35.05076981 34.03524399 17.48636055 34.85076904 34.03524399 17.76063347 35.05076981 33.70983124 17.58044243 34.85076904 33.62305832 17.96874428 35.05076981 33.44887161 17.84404755 34.85076904 33.29250717 18.26947212 35.05076981 33.30405045 18.22496796 34.85076904 33.10906219 18.60325241 35.05076981 33.30405045 18.64775658 34.85076904 33.10906219 18.90398026 35.05076981 33.44887161 19.02867699 34.85076904 33.29250717 19.11208725 35.05076981 33.70983124 19.2922821 34.85076904 33.62305832 17.68636131 35.60076904 40.43524551 17.78684044 35.60076904 40.81024551 18.06136131 35.60076904 41.08476639 18.43636131 35.60076904 41.18524551 18.81136131 35.60076904 41.08476639 19.08588028 35.60076904 40.81024551 19.18636131 35.60076904 40.43524551 17.68636131 35.60076904 37.23524475 17.78684044 35.60076904 37.61024475 18.06136131 35.60076904 37.88476562 18.43636131 35.60076904 37.98524475 18.81136131 35.60076904 37.88476562 19.08588028 35.60076904 37.61024475 19.18636131 35.60076904 37.23524475 18.43636131 35.37600708 42.63975143 17.6568718 35.34785461 42.50041199 17.47611809 35.33269501 42.42455673 16.99092293 35.27187347 42.11405182 16.60459328 35.19317245 41.69631958 16.47498131 35.15602493 41.49224472 16.22232246 35.03475189 40.7904129 72.43636322 35.37600708 42.63975143 73.34181976 35.33766937 42.44952011 73.88180542 35.27187347 42.114048 74.2025528 35.20933914 41.78368759 74.65039825 35.03475189 40.7904129 74.53836823 35.10296631 41.19229889 75.06663513 34.94235229 38.38129807 74.84408569 34.92313766 39.57759857 75.11553192 34.92313766 38.04447174 74.88999939 34.96892548 39.42433167 74.86274719 34.97248077 39.58093262 74.83803558 34.97711945 39.72389221 75.21018219 34.92214966 37.4902153 75.20496368 34.92286301 37.52348709 75.12162781 34.93445969 38.04560089 75.26028442 34.91541672 37.16641617 75.08480072 34.88648605 38.03913116 75.43114471 34.89389038 35.9941864 75.46658325 34.88972092 35.73441315 75.52145386 34.88347244 35.31754303 75.41794586 34.85993958 35.72700119 75.72926331 34.86262894 33.50345993 75.74764252 34.86106873 33.31638718 75.76724243 34.859478 33.10979462 75.69338989 34.85076904 33.31002808 75.82276154 34.85076904 32.10112 75.85189819 34.85365295 32.10391617 75.87771606 34.85076904 31.49563599 75.89394379 34.85165787 31.49701309 74.81337738 34.88648605 39.57210922 75.49893951 34.8860054 35.49092102 75.03995514 34.85993958 38.03134155 74.76857758 34.85993958 39.56410217 75.76048279 34.86001968 33.18198013 75.36688995 34.85076904 35.71923828 74.98907471 34.85076904 38.02249908 74.71773529 34.85076904 39.55501938 31.93636131 34.85076904 31.98749733 15.50583267 34.85076904 35.71923828 15.19074059 34.85076904 33.40661621 16.21668816 34.85076904 31.98749733 15.02716827 34.85076904 31.85900688 19.93636131 34.85076904 31.98749733 70.93636322 34.85076904 31.98749733 52.93635941 34.85076904 31.98749733 49.76639175 34.85076904 31.98749733 45.43635941 34.85076904 40.78524399 46.37174225 34.85076904 40.68103409 48.06126404 34.85076904 39.87775803 49.68571472 34.85076904 36.60941696 49.24219513 34.85076904 38.42684174 34.93636322 34.85076904 31.98749733 41.10633087 34.85076904 31.98749733 42.81145859 34.85076904 39.87775803 41.1870079 34.85076904 36.60941696 41.6305275 34.85076904 38.42684174 44.50098038 34.85076904 40.68103409 22.93635941 34.85076904 31.98749733 25.93636131 34.85076904 31.98749733 28.93636131 34.85076904 31.98749733 55.93635941 34.85076904 31.98749733 58.93636322 34.85076904 31.98749733 61.93635941 34.85076904 31.98749733 64.93636322 34.85076904 31.98749733 67.93636322 34.85076904 31.98749733 15.10803699 34.8596611 33.13663864 15.00310326 34.8527298 31.86120605 15.44653797 34.89458084 36.03062439 15.40610504 34.88975525 35.73441315 15.44908142 34.86218643 35.72786713 15.13855457 34.86216736 33.45339203 15.13459873 34.86183167 33.41329193 15.83907509 34.94756699 38.58064651 15.49321938 34.90032959 36.36234283 15.77970123 34.93896484 38.22211456 15.79371071 34.940979 38.30732727 15.48333263 34.89909363 36.29293442 16.19974327 35.01765823 40.66472244 41.09938812 35.44667053 31.5897522 20.68636131 36.35076904 37.23524475 20.78684235 36.35076904 37.61024475 21.06136131 36.35076904 37.88476562 21.43636131 36.35076904 37.98524475 21.81136131 36.35076904 37.88476562 22.08588028 36.35076904 37.61024475 22.18636131 36.35076904 37.23524475 22.18636131 36.35076904 34.03524399 22.11208725 36.35076904 33.70983124 21.90397835 36.35076904 33.44887161 21.60325241 36.35076904 33.30405045 21.26947021 36.35076904 33.30405045 20.96874428 36.35076904 33.44887161 20.76063347 36.35076904 33.70983124 20.68636131 36.35076904 34.03524399 23.68636131 36.35076904 37.23524475 23.78684235 36.35076904 37.61024475 24.06136131 36.35076904 37.88476562 24.43636131 36.35076904 37.98524475 24.81136131 36.35076904 37.88476562 25.08588028 36.35076904 37.61024475 25.18636131 36.35076904 37.23524475 25.18636131 36.35076904 34.03524399 25.11208725 36.35076904 33.70983124 24.90397835 36.35076904 33.44887161 24.60325241 36.35076904 33.30405045 24.26947021 36.35076904 33.30405045 23.96874428 36.35076904 33.44887161 23.76063538 36.35076904 33.70983124 23.68636131 36.35076904 34.03524399 26.68636131 36.35076904 37.23524475 26.78684235 36.35076904 37.61024475 27.06136131 36.35076904 37.88476562 27.43636131 36.35076904 37.98524475 27.81136131 36.35076904 37.88476562 28.08588028 36.35076904 37.61024475 28.18636131 36.35076904 37.23524475 28.18636131 36.35076904 34.03524399 28.11208916 36.35076904 33.70983124 27.90397835 36.35076904 33.44887161 27.6032505 36.35076904 33.30405045 27.26947021 36.35076904 33.30405045 26.96874237 36.35076904 33.44887161 26.76063538 36.35076904 33.70983124 26.68636131 36.35076904 34.03524399 29.68636131 36.35076904 37.23524475 29.78684044 36.35076904 37.61024475 30.06136131 36.35076904 37.88476562 30.43636131 36.35076904 37.98524475 30.81136131 36.35076904 37.88476562 31.08588028 36.35076904 37.61024475 31.18636131 36.35076904 37.23524475 31.18636131 36.35076904 34.03524399 31.11208916 36.35076904 33.70983124 30.90397835 36.35076904 33.44887161 30.60325241 36.35076904 33.30405045 30.26947021 36.35076904 33.30405045 29.96874428 36.35076904 33.44887161 29.76063347 36.35076904 33.70983124 29.68636131 36.35076904 34.03524399 32.68636322 36.35076904 37.23524475 32.78684235 36.35076904 37.61024475 33.06135941 36.35076904 37.88476562 33.43635941 36.35076904 37.98524475 33.81135941 36.35076904 37.88476562 34.08588028 36.35076904 37.61024475 34.18635941 36.35076904 37.23524475 34.18635941 36.35076904 34.03524399 34.11208725 36.35076904 33.70983124 33.90397644 36.35076904 33.44887161 33.60325241 36.35076904 33.30405045 33.26947021 36.35076904 33.30405045 32.96874237 36.35076904 33.44887161 32.76063538 36.35076904 33.70983124 32.68636322 36.35076904 34.03524399 35.68635941 36.35076904 37.23524475 35.78684235 36.35076904 37.61024475 36.06135941 36.35076904 37.88476562 36.43636322 36.35076904 37.98524475 36.81136322 36.35076904 37.88476562 37.08588028 36.35076904 37.61024475 37.18635941 36.35076904 37.23524475 37.18635941 36.35076904 34.03524399 37.11208725 36.35076904 33.70983124 36.90398026 36.35076904 33.44887161 36.60325241 36.35076904 33.30405045 36.26947021 36.35076904 33.30405045 35.96874237 36.35076904 33.44887161 35.76063538 36.35076904 33.70983124 35.68635941 36.35076904 34.03524399 38.68635941 36.35076904 37.23524475 38.78684235 36.35076904 37.61024475 39.06136322 36.35076904 37.88476562 39.43635941 36.35076904 37.98524475 39.81135941 36.35076904 37.88476562 40.08588028 36.35076904 37.61024475 40.18635941 36.35076904 37.23524475 40.18635941 36.35076904 34.03524399 40.11208725 36.35076904 33.70983124 39.90398026 36.35076904 33.44887161 39.60325241 36.35076904 33.30405045 39.26947021 36.35076904 33.30405045 38.96874237 36.35076904 33.44887161 38.76063538 36.35076904 33.70983124 38.68635941 36.35076904 34.03524399 50.68635941 36.35076904 37.23524475 50.78684235 36.35076904 37.61024475 51.06136322 36.35076904 37.88476562 51.43635941 36.35076904 37.98524475 51.81135941 36.35076904 37.88476562 52.08588028 36.35076904 37.61024475 52.18636322 36.35076904 37.23524475 52.18636322 36.35076904 34.03524399 52.11208725 36.35076904 33.70983124 51.90398026 36.35076904 33.44887161 51.60325241 36.35076904 33.30405045 51.26947021 36.35076904 33.30405045 50.96874237 36.35076904 33.44887161 50.76063538 36.35076904 33.70983124 50.68635941 36.35076904 34.03524399 53.68635941 36.35076904 37.23524475 53.78684235 36.35076904 37.61024475 54.06135941 36.35076904 37.88476562 54.43635941 36.35076904 37.98524475 54.81136322 36.35076904 37.88476562 55.08588028 36.35076904 37.61024475 55.18636322 36.35076904 37.23524475 55.18636322 36.35076904 34.03524399 55.11208725 36.35076904 33.70983124 54.90398026 36.35076904 33.44887161 54.60325241 36.35076904 33.30405045 54.26947021 36.35076904 33.30405045 53.96874237 36.35076904 33.44887161 53.76063538 36.35076904 33.70983124 53.68635941 36.35076904 34.03524399 56.68636322 36.35076904 37.23524475 56.78684235 36.35076904 37.61024475 57.06136322 36.35076904 37.88476562 57.43636322 36.35076904 37.98524475 57.81135941 36.35076904 37.88476562 58.08588028 36.35076904 37.61024475 58.18635941 36.35076904 37.23524475 58.18635941 36.35076904 34.03524399 58.11208725 36.35076904 33.70983124 57.90398026 36.35076904 33.44887161 57.60325241 36.35076904 33.30405045 57.26947021 36.35076904 33.30405045 56.96874237 36.35076904 33.44887161 56.76063538 36.35076904 33.70983124 56.68636322 36.35076904 34.03524399 59.68635941 36.35076904 37.23524475 59.78684235 36.35076904 37.61024475 60.06135941 36.35076904 37.88476562 60.43635941 36.35076904 37.98524475 60.81136322 36.35076904 37.88476562 61.08588028 36.35076904 37.61024475 61.18636322 36.35076904 37.23524475 61.18636322 36.35076904 34.03524399 61.11208725 36.35076904 33.70983124 60.90398026 36.35076904 33.44887161 60.60325241 36.35076904 33.30405045 60.26947021 36.35076904 33.30405045 59.96874237 36.35076904 33.44887161 59.76063538 36.35076904 33.70983124 59.68635941 36.35076904 34.03524399 62.68635941 36.35076904 37.23524475 62.78684235 36.35076904 37.61024475 63.06136322 36.35076904 37.88476562 63.43635941 36.35076904 37.98524475 63.81135941 36.35076904 37.88476562 64.08587646 36.35076904 37.61024475 64.18636322 36.35076904 37.23524475 64.18636322 36.35076904 34.03524399 64.11208344 36.35076904 33.70983124 63.90398026 36.35076904 33.44887161 63.60325241 36.35076904 33.30405045 63.26947021 36.35076904 33.30405045 62.96874237 36.35076904 33.44887161 62.76063538 36.35076904 33.70983124 62.68635941 36.35076904 34.03524399 65.68636322 36.35076904 37.23524475 65.78684235 36.35076904 37.61024475 66.06136322 36.35076904 37.88476562 66.43636322 36.35076904 37.98524475 66.81136322 36.35076904 37.88476562 67.08587646 36.35076904 37.61024475 67.18636322 36.35076904 37.23524475 67.18636322 36.35076904 34.03524399 67.11209106 36.35076904 33.70983124 66.90397644 36.35076904 33.44887161 66.6032486 36.35076904 33.30405045 66.26947021 36.35076904 33.30405045 65.96874237 36.35076904 33.44887161 65.76063538 36.35076904 33.70983124 65.68636322 36.35076904 34.03524399 68.68636322 36.35076904 37.23524475 68.78684235 36.35076904 37.61024475 69.06136322 36.35076904 37.88476562 69.43636322 36.35076904 37.98524475 69.81136322 36.35076904 37.88476562 70.08588409 36.35076904 37.61024475 70.18636322 36.35076904 37.23524475 70.18636322 36.35076904 34.03524399 70.11209106 36.35076904 33.70983124 69.90397644 36.35076904 33.44887161 69.60325623 36.35076904 33.30405045 69.26947021 36.35076904 33.30405045 68.96874237 36.35076904 33.44887161 68.76063538 36.35076904 33.70983124 68.68636322 36.35076904 34.03524399 71.68636322 36.35076904 37.23524475 71.78684235 36.35076904 37.61024475 72.06136322 36.35076904 37.88476562 72.43636322 36.35076904 37.98524475 72.81136322 36.35076904 37.88476562 73.08588409 36.35076904 37.61024475 73.18636322 36.35076904 37.23524475 73.18636322 36.35076904 34.03524399 73.11209106 36.35076904 33.70983124 72.90397644 36.35076904 33.44887161 72.6032486 36.35076904 33.30405045 72.26947021 36.35076904 33.30405045 71.96874237 36.35076904 33.44887161 71.76063538 36.35076904 33.70983124 71.68636322 36.35076904 34.03524399 17.68636131 36.35076904 37.23524475 17.78684044 36.35076904 37.61024475 18.06136131 36.35076904 37.88476562 18.43636131 36.35076904 37.98524475 18.81136131 36.35076904 37.88476562 19.08588028 36.35076904 37.61024475 19.18636131 36.35076904 37.23524475 19.18636131 36.35076904 34.03524399 19.11208725 36.35076904 33.70983124 18.90398026 36.35076904 33.44887161 18.60325241 36.35076904 33.30405045 18.26947212 36.35076904 33.30405045 17.96874428 36.35076904 33.44887161 17.76063347 36.35076904 33.70983124 17.68636131 36.35076904 34.03524399 70.18636322 59.01974869 40.43524551 70.18636322 58.65077209 40.43524551 70.11353302 58.96522141 40.75764847 70.08588409 58.65077209 40.81024551 70.08592224 58.95611954 40.81016541 69.81136322 58.65077209 41.08476639 69.81144714 58.90756226 41.0847168 69.97026825 58.92947769 40.96197891 69.28339386 58.89223099 41.16947937 69.43634796 58.88936234 41.18524551 69.43636322 58.65077209 41.18524551 69.53287506 58.89049911 41.17900848 69.76972961 58.90353394 41.10708237 69.04813385 58.90895844 41.07694626 69.06136322 58.65077209 41.08476639 68.8554306 58.93872452 40.90960693 68.78684235 58.65077209 40.81024551 68.78678131 58.95612335 40.81014252 68.72980499 58.97739792 40.68680573 68.68636322 58.65077209 40.43524551 68.68636322 59.01974869 40.43524551 68.76063538 58.65077209 37.5606575 68.68636322 58.65077209 37.23524475 69.90397644 58.65077209 37.82161713 70.11209106 58.65077209 37.5606575 70.18636322 58.65077209 37.23524475 69.60325623 58.65077209 37.96644211 69.26947021 58.65077209 37.96644211 68.96874237 58.65077209 37.82161713 73.18636322 59.01974869 40.43524551 73.18636322 58.65077209 40.43524551 73.11353302 58.96522141 40.75764847 73.08588409 58.65077209 40.81024551 73.08592224 58.95611954 40.81016541 72.81136322 58.65077209 41.08476639 72.81143951 58.90756226 41.0847168 72.97026825 58.92947769 40.96197891 72.28339386 58.89223099 41.16947937 72.43634796 58.88936234 41.18524551 72.43636322 58.65077209 41.18524551 72.53287506 58.89049911 41.17900848 72.76972961 58.90353394 41.10708237 72.04813385 58.90895844 41.07694626 72.06136322 58.65077209 41.08476639 71.8554306 58.93872452 40.90960693 71.78684235 58.65077209 40.81024551 71.78678131 58.95612335 40.81014252 71.72980499 58.97739792 40.68680573 71.68636322 58.65077209 40.43524551 71.68636322 59.01974869 40.43524551 71.68636322 58.65077209 37.23524475 71.76063538 58.65077209 37.5606575 71.96874237 58.65077209 37.82161713 73.18636322 58.65077209 37.23524475 73.11209106 58.65077209 37.5606575 72.90397644 58.65077209 37.82161713 72.6032486 58.65077209 37.96644211 72.26947021 58.65077209 37.96644211 49.77333069 35.44667053 31.5897522 16.18636131 59.01974869 40.43524551 16.18636131 58.65077209 40.43524551 16.11353111 58.96522141 40.75764847 16.08588028 58.65077209 40.81024551 16.08592606 58.95611954 40.81016541 15.81136036 58.65077209 41.08476639 15.81144238 58.90756226 41.0847168 15.97026443 58.92947769 40.96197891 15.28339195 58.89223099 41.16947937 15.43634892 58.88936234 41.18524551 15.43636227 58.65077209 41.18524551 15.53287697 58.89049911 41.17900848 15.76972866 58.90353394 41.10708237 15.0481348 58.90895844 41.07694626 15.06136131 58.65077209 41.08476639 14.8554287 58.93872452 40.90960693 14.78684235 58.65077209 40.81024551 14.78678322 58.95612335 40.81014252 14.72980881 58.97739792 40.68680573 14.68636036 58.65077209 40.43524551 14.68636036 59.01974869 40.43524551 15.26947117 58.65077209 37.96644211 14.96874332 58.65077209 37.82161713 14.76063538 58.65077209 37.5606575 14.68636036 58.65077209 37.23524475 16.18636131 58.65077209 37.23524475 16.11208916 58.65077209 37.5606575 15.9039793 58.65077209 37.82161713 15.60325146 58.65077209 37.96644211 20.76063347 58.65077209 37.5606575 20.68636131 58.65077209 37.23524475 20.68636131 58.65077209 40.43524551 21.90397835 58.65077209 37.82161713 22.18636131 58.65077209 40.43524551 22.11208725 58.65077209 37.5606575 22.18636131 58.65077209 37.23524475 21.60325241 58.65077209 37.96644211 21.26947021 58.65077209 37.96644211 20.96874428 58.65077209 37.82161713 21.06136131 58.65077209 41.08476639 21.43636131 58.65077209 41.18524551 21.81136131 58.65077209 41.08476639 20.78684235 58.65077209 40.81024551 22.08588028 58.65077209 40.81024551 22.18636131 59.01974869 40.43524551 22.11352921 58.96522141 40.75764847 22.08592415 58.95611954 40.81016541 21.81144333 58.90756226 41.0847168 21.97026443 58.92947769 40.96197891 21.28339386 58.89223099 41.16947937 21.43634796 58.88936234 41.18524551 21.53287506 58.89049911 41.17900848 21.76972961 58.90353394 41.10708237 21.04813385 58.90895844 41.07694626 20.8554306 58.93872452 40.90960693 20.78678131 58.95612335 40.81014252 20.7298069 58.97739792 40.68680573 20.68636131 59.01974869 40.43524551 23.76063538 58.65077209 37.5606575 23.68636131 58.65077209 37.23524475 23.68636131 58.65077209 40.43524551 24.90397835 58.65077209 37.82161713 25.18636131 58.65077209 40.43524551 25.11208725 58.65077209 37.5606575 25.18636131 58.65077209 37.23524475 24.60325241 58.65077209 37.96644211 24.26947021 58.65077209 37.96644211 23.96874428 58.65077209 37.82161713 24.06136131 58.65077209 41.08476639 24.43636131 58.65077209 41.18524551 24.81136131 58.65077209 41.08476639 23.78684235 58.65077209 40.81024551 25.08588028 58.65077209 40.81024551 25.18636131 59.01974869 40.43524551 25.11352921 58.96522141 40.75764847 25.08592606 58.95611954 40.81016541 24.81144333 58.90756226 41.0847168 24.97026443 58.92947769 40.96197891 24.28339195 58.89223099 41.16947937 24.43634796 58.88936234 41.18524551 24.53287697 58.89049911 41.17900848 24.76972961 58.90353394 41.10708237 24.04813385 58.90895844 41.07694626 23.8554287 58.93872452 40.90960693 23.78678322 58.95612335 40.81014252 23.72980881 58.97739792 40.68680573 23.68636131 59.01974869 40.43524551 28.18636131 58.65077209 40.43524551 28.18636131 58.65077209 37.23524475 28.11208916 58.65077209 37.5606575 26.68636131 58.65077209 37.23524475 26.68636131 58.65077209 40.43524551 26.76063538 58.65077209 37.5606575 26.96874237 58.65077209 37.82161713 27.81136131 58.65077209 41.08476639 28.08588028 58.65077209 40.81024551 27.90397835 58.65077209 37.82161713 27.6032505 58.65077209 37.96644211 27.26947021 58.65077209 37.96644211 26.78684235 58.65077209 40.81024551 27.06136131 58.65077209 41.08476639 27.43636131 58.65077209 41.18524551 28.18636131 59.01974869 40.43524551 28.11353111 58.96522141 40.75764847 28.08592606 58.95611954 40.81016541 27.81144333 58.90756226 41.0847168 27.97026443 58.92947769 40.96197891 27.28339195 58.89223099 41.16947937 27.43634987 58.88936234 41.18524551 27.53287697 58.89049911 41.17900848 27.76972961 58.90353394 41.10708237 27.04813385 58.90895844 41.07694626 26.8554287 58.93872452 40.90960693 26.78678322 58.95612335 40.81014252 26.72980881 58.97739792 40.68680573 26.68636131 59.01974869 40.43524551 31.18636131 58.65077209 40.43524551 31.18636131 58.65077209 37.23524475 31.11208916 58.65077209 37.5606575 29.68636131 58.65077209 37.23524475 29.68636131 58.65077209 40.43524551 29.76063347 58.65077209 37.5606575 29.96874428 58.65077209 37.82161713 30.90397835 58.65077209 37.82161713 30.60325241 58.65077209 37.96644211 30.26947021 58.65077209 37.96644211 30.43636131 58.65077209 41.18524551 30.81136131 58.65077209 41.08476639 30.06136131 58.65077209 41.08476639 31.08588028 58.65077209 40.81024551 29.78684044 58.65077209 40.81024551 31.18636131 59.01974869 40.43524551 31.11352921 58.96522141 40.75764847 31.08592606 58.95611954 40.81016541 30.81144333 58.90756226 41.0847168 30.97026443 58.92947769 40.96197891 30.28339195 58.89223099 41.16947937 30.43634796 58.88936234 41.18524551 30.53287697 58.89049911 41.17900848 30.76972961 58.90353394 41.10708237 30.04813385 58.90895844 41.07694626 29.8554287 58.93872452 40.90960693 29.78678322 58.95612335 40.81014252 29.72980881 58.97739792 40.68680573 29.68636131 59.01974869 40.43524551 34.18635941 58.65077209 37.23524475 34.11208725 58.65077209 37.5606575 34.18635941 58.65077209 40.43524551 33.90397644 58.65077209 37.82161713 33.60325241 58.65077209 37.96644211 33.26947021 58.65077209 37.96644211 32.96874237 58.65077209 37.82161713 32.68636322 58.65077209 40.43524551 32.76063538 58.65077209 37.5606575 32.68636322 58.65077209 37.23524475 34.08588028 58.65077209 40.81024551 32.78684235 58.65077209 40.81024551 33.06135941 58.65077209 41.08476639 33.43635941 58.65077209 41.18524551 33.81135941 58.65077209 41.08476639 34.18635941 59.01974869 40.43524551 34.11352921 58.96522141 40.75764847 34.08592606 58.95611954 40.81016541 33.81144333 58.90756226 41.0847168 33.97026443 58.92947769 40.96197891 33.28339386 58.89223099 41.16947937 33.43634796 58.88936234 41.18524551 33.53287506 58.89049911 41.17900848 33.76972961 58.90353394 41.10708237 33.04813385 58.90895844 41.07694626 32.8554306 58.93872452 40.90960693 32.78678131 58.95612335 40.81014252 32.72980881 58.97739792 40.68680573 32.68636322 59.01974869 40.43524551 37.18635941 58.65077209 40.43524551 37.18635941 58.65077209 37.23524475 37.11208725 58.65077209 37.5606575 36.26947021 58.65077209 37.96644211 35.96874237 58.65077209 37.82161713 35.68635941 58.65077209 40.43524551 35.76063538 58.65077209 37.5606575 35.68635941 58.65077209 37.23524475 36.90398026 58.65077209 37.82161713 36.60325241 58.65077209 37.96644211 36.43636322 58.65077209 41.18524551 36.81136322 58.65077209 41.08476639 37.08588028 58.65077209 40.81024551 35.78684235 58.65077209 40.81024551 36.06135941 58.65077209 41.08476639 37.18635941 59.01974869 40.43524551 37.11352921 58.96522141 40.75764847 37.08592606 58.95611954 40.81016541 36.81144333 58.90756226 41.0847168 36.97026443 58.92947769 40.96197891 36.28339386 58.89223099 41.16947937 36.43634796 58.88936234 41.18524551 36.53287506 58.89049911 41.17900848 36.76972961 58.90353394 41.10708237 36.04813385 58.90895844 41.07694626 35.8554306 58.93872452 40.90960693 35.78678131 58.95612335 40.81014252 35.72980881 58.97739792 40.68680573 35.68635941 59.01974869 40.43524551 39.26947021 58.65077209 37.96644211 38.96874237 58.65077209 37.82161713 38.68635941 58.65077209 40.43524551 38.76063538 58.65077209 37.5606575 38.68635941 58.65077209 37.23524475 40.18635941 58.65077209 40.43524551 40.18635941 58.65077209 37.23524475 40.11208725 58.65077209 37.5606575 39.90398026 58.65077209 37.82161713 39.60325241 58.65077209 37.96644211 38.78684235 58.65077209 40.81024551 39.06136322 58.65077209 41.08476639 39.43635941 58.65077209 41.18524551 39.81135941 58.65077209 41.08476639 40.08588028 58.65077209 40.81024551 40.18635941 59.01974869 40.43524551 40.11352921 58.96522141 40.75764847 40.08592606 58.95611954 40.81016541 39.81144333 58.90756226 41.0847168 39.97026443 58.92947769 40.96197891 39.28339386 58.89223099 41.16947937 39.43634796 58.88936234 41.18524551 39.53287506 58.89049911 41.17900848 39.76972961 58.90353394 41.10708237 39.04813385 58.90895844 41.07694626 38.8554306 58.93872452 40.90960693 38.78678131 58.95612335 40.81014252 38.72980881 58.97739792 40.68680573 38.68635941 59.01974869 40.43524551 43.18635941 58.65077209 37.23524475 43.11208725 58.65077209 37.5606575 43.18635941 58.65077209 40.43524551 42.90398026 58.65077209 37.82161713 42.60325241 58.65077209 37.96644211 42.26947021 58.65077209 37.96644211 41.96874237 58.65077209 37.82161713 41.68635941 58.65077209 40.43524551 41.76063538 58.65077209 37.5606575 41.68635941 58.65077209 37.23524475 43.08588028 58.65077209 40.81024551 41.78684235 58.65077209 40.81024551 42.06135941 58.65077209 41.08476639 42.43635941 58.65077209 41.18524551 42.81135941 58.65077209 41.08476639 43.18635941 59.01974869 40.43524551 43.11352921 58.96522141 40.75764847 43.08592606 58.95611954 40.81016541 42.81144333 58.90756226 41.0847168 42.97026443 58.92947769 40.96197891 42.28339386 58.89223099 41.16947937 42.43634796 58.88936234 41.18524551 42.53287506 58.89049911 41.17900848 42.76972961 58.90353394 41.10708237 42.04813385 58.90895844 41.07694626 41.8554306 58.93872452 40.90960693 41.78678131 58.95612335 40.81014252 41.72980881 58.97739792 40.68680573 41.68635941 59.01974869 40.43524551 46.18635941 58.65077209 40.43524551 46.18635941 58.65077209 37.23524475 46.11208725 58.65077209 37.5606575 45.81135941 58.65077209 41.08476639 46.08588028 58.65077209 40.81024551 44.68635941 58.65077209 37.23524475 44.68635941 58.65077209 40.43524551 44.76063538 58.65077209 37.5606575 44.96874237 58.65077209 37.82161713 45.90398026 58.65077209 37.82161713 45.60325241 58.65077209 37.96644211 45.26947021 58.65077209 37.96644211 44.78684235 58.65077209 40.81024551 45.06135941 58.65077209 41.08476639 45.43635941 58.65077209 41.18524551 46.18635941 59.01974869 40.43524551 46.11352921 58.96522141 40.75764847 46.08592606 58.95611954 40.81016541 45.81144333 58.90756226 41.0847168 45.97026443 58.92947769 40.96197891 45.28339386 58.89223099 41.16947937 45.43634796 58.88936234 41.18524551 45.53287506 58.89049911 41.17900848 45.76972961 58.90353394 41.10708237 45.04813385 58.90895844 41.07694626 44.8554306 58.93872452 40.90960693 44.78678131 58.95612335 40.81014252 44.72980881 58.97739792 40.68680573 44.68635941 59.01974869 40.43524551 48.26947021 58.65077209 37.96644211 47.96874237 58.65077209 37.82161713 47.68635941 58.65077209 40.43524551 47.76063538 58.65077209 37.5606575 47.68635941 58.65077209 37.23524475 49.18635941 58.65077209 40.43524551 49.18635941 58.65077209 37.23524475 49.11208725 58.65077209 37.5606575 48.90398026 58.65077209 37.82161713 48.60325241 58.65077209 37.96644211 47.78684235 58.65077209 40.81024551 48.06135941 58.65077209 41.08476639 48.43635941 58.65077209 41.18524551 48.81135941 58.65077209 41.08476639 49.08588028 58.65077209 40.81024551 49.18635941 59.01974869 40.43524551 49.11352921 58.96522141 40.75764847 49.08592606 58.95611954 40.81016541 48.81144333 58.90756226 41.0847168 48.97026443 58.92947769 40.96197891 48.28339386 58.89223099 41.16947937 48.43634796 58.88936234 41.18524551 48.53287506 58.89049911 41.17900848 48.76972961 58.90353394 41.10708237 48.04813385 58.90895844 41.07694626 47.8554306 58.93872452 40.90960693 47.78678131 58.95612335 40.81014252 47.72980881 58.97739792 40.68680573 47.68635941 59.01974869 40.43524551 52.18636322 58.65077209 37.23524475 52.11208725 58.65077209 37.5606575 52.18636322 58.65077209 40.43524551 51.90398026 58.65077209 37.82161713 51.60325241 58.65077209 37.96644211 51.26947021 58.65077209 37.96644211 50.96874237 58.65077209 37.82161713 50.68635941 58.65077209 40.43524551 50.76063538 58.65077209 37.5606575 50.68635941 58.65077209 37.23524475 52.08588028 58.65077209 40.81024551 50.78684235 58.65077209 40.81024551 51.06136322 58.65077209 41.08476639 51.43635941 58.65077209 41.18524551 51.81135941 58.65077209 41.08476639 52.18636322 59.01974869 40.43524551 52.11352921 58.96522141 40.75764847 52.08592606 58.95611954 40.81016541 51.81144333 58.90756226 41.0847168 51.97026443 58.92947769 40.96197891 51.28339386 58.89223099 41.16947937 51.43634796 58.88936234 41.18524551 51.53287506 58.89049911 41.17900848 51.76972961 58.90353394 41.10708237 51.04813385 58.90895844 41.07694626 50.8554306 58.93872452 40.90960693 50.78678131 58.95612335 40.81014252 50.72980881 58.97739792 40.68680573 50.68635941 59.01974869 40.43524551 53.76063538 58.65077209 37.5606575 53.68635941 58.65077209 37.23524475 53.68635941 58.65077209 40.43524551 54.90398026 58.65077209 37.82161713 55.18636322 58.65077209 40.43524551 55.11208725 58.65077209 37.5606575 55.18636322 58.65077209 37.23524475 54.60325241 58.65077209 37.96644211 54.26947021 58.65077209 37.96644211 53.96874237 58.65077209 37.82161713 53.78684235 58.65077209 40.81024551 54.06135941 58.65077209 41.08476639 55.08588028 58.65077209 40.81024551 54.81136322 58.65077209 41.08476639 54.43635941 58.65077209 41.18524551 55.18636322 59.01974869 40.43524551 55.11352921 58.96522141 40.75764847 55.08592606 58.95611954 40.81016541 54.81144333 58.90756226 41.0847168 54.97026443 58.92947769 40.96197891 54.28339386 58.89223099 41.16947937 54.43634796 58.88936234 41.18524551 54.53287506 58.89049911 41.17900848 54.76972961 58.90353394 41.10708237 54.04813385 58.90895844 41.07694626 53.8554306 58.93872452 40.90960693 53.78678131 58.95612335 40.81014252 53.72980881 58.97739792 40.68680573 53.68635941 59.01974869 40.43524551 58.18635941 58.65077209 40.43524551 58.18635941 58.65077209 37.23524475 58.11208725 58.65077209 37.5606575 56.68636322 58.65077209 37.23524475 56.68636322 58.65077209 40.43524551 56.76063538 58.65077209 37.5606575 56.96874237 58.65077209 37.82161713 57.81135941 58.65077209 41.08476639 58.08588028 58.65077209 40.81024551 57.90398026 58.65077209 37.82161713 57.60325241 58.65077209 37.96644211 57.26947021 58.65077209 37.96644211 56.78684235 58.65077209 40.81024551 57.06136322 58.65077209 41.08476639 57.43636322 58.65077209 41.18524551 58.18635941 59.01974869 40.43524551 58.11352921 58.96522141 40.75764847 58.08592606 58.95611954 40.81016541 57.81144333 58.90756226 41.0847168 57.97026443 58.92947769 40.96197891 57.28339386 58.89223099 41.16947937 57.43634796 58.88936234 41.18524551 57.53287506 58.89049911 41.17900848 57.76972961 58.90353394 41.10708237 57.04813385 58.90895844 41.07694626 56.8554306 58.93872452 40.90960693 56.78678131 58.95612335 40.81014252 56.72980881 58.97739792 40.68680573 56.68636322 59.01974869 40.43524551 61.18636322 58.65077209 40.43524551 61.18636322 58.65077209 37.23524475 61.11208725 58.65077209 37.5606575 59.68635941 58.65077209 37.23524475 59.68635941 58.65077209 40.43524551 59.76063538 58.65077209 37.5606575 59.96874237 58.65077209 37.82161713 60.81136322 58.65077209 41.08476639 61.08588028 58.65077209 40.81024551 60.90398026 58.65077209 37.82161713 60.60325241 58.65077209 37.96644211 60.26947021 58.65077209 37.96644211 59.78684235 58.65077209 40.81024551 60.06135941 58.65077209 41.08476639 60.43635941 58.65077209 41.18524551 61.18636322 59.01974869 40.43524551 61.11352921 58.96522141 40.75764847 61.08592606 58.95611954 40.81016541 60.81144333 58.90756226 41.0847168 60.97026443 58.92947769 40.96197891 60.28339386 58.89223099 41.16947937 60.43634796 58.88936234 41.18524551 60.53287506 58.89049911 41.17900848 60.76972961 58.90353394 41.10708237 60.04813385 58.90895844 41.07694626 59.8554306 58.93872452 40.90960693 59.78678131 58.95612335 40.81014252 59.72980881 58.97739792 40.68680573 59.68635941 59.01974869 40.43524551 64.18636322 58.65077209 40.43524551 64.18636322 58.65077209 37.23524475 64.11208344 58.65077209 37.5606575 62.68635941 58.65077209 37.23524475 62.68635941 58.65077209 40.43524551 62.76063538 58.65077209 37.5606575 62.96874237 58.65077209 37.82161713 63.81135941 58.65077209 41.08476639 64.08587646 58.65077209 40.81024551 63.90398026 58.65077209 37.82161713 63.60325241 58.65077209 37.96644211 63.26947021 58.65077209 37.96644211 62.78684235 58.65077209 40.81024551 63.06136322 58.65077209 41.08476639 63.43635941 58.65077209 41.18524551 64.18636322 59.01974869 40.43524551 64.11352539 58.96522141 40.75764847 64.08592224 58.95611954 40.81016541 63.81144333 58.90756226 41.0847168 63.97026443 58.92947769 40.96197891 63.28339386 58.89223099 41.16947937 63.43634796 58.88936234 41.18524551 63.53287888 58.89049911 41.17900848 63.76972961 58.90353394 41.10708237 63.04813385 58.90895844 41.07694626 62.8554306 58.93872452 40.90960693 62.78678513 58.95612335 40.81014252 62.72980881 58.97739792 40.68680573 62.68635941 59.01974869 40.43524551 67.18636322 58.65077209 40.43524551 67.18636322 58.65077209 37.23524475 67.11209106 58.65077209 37.5606575 65.68636322 58.65077209 37.23524475 65.68636322 58.65077209 40.43524551 65.76063538 58.65077209 37.5606575 65.96874237 58.65077209 37.82161713 66.81136322 58.65077209 41.08476639 67.08587646 58.65077209 40.81024551 66.90397644 58.65077209 37.82161713 66.6032486 58.65077209 37.96644211 66.26947021 58.65077209 37.96644211 65.78684235 58.65077209 40.81024551 66.06136322 58.65077209 41.08476639 66.43636322 58.65077209 41.18524551 67.18636322 59.01974869 40.43524551 67.11353302 58.96522141 40.75764847 67.08592224 58.95611954 40.81016541 66.81144714 58.90756226 41.0847168 66.97026062 58.92947769 40.96197891 66.28339386 58.89223099 41.16947937 66.43634796 58.88936234 41.18524551 66.53287506 58.89049911 41.17900848 66.76972961 58.90353394 41.10708237 66.04813385 58.90895844 41.07694626 65.8554306 58.93872452 40.90960693 65.78678131 58.95612335 40.81014252 65.72980499 58.97739792 40.68680573 65.68636322 59.01974869 40.43524551 74.76063538 58.65077209 37.5606575 74.68636322 58.65077209 37.23524475 74.68636322 58.65077209 40.43524551 75.90397644 58.65077209 37.82161713 76.18636322 58.65077209 40.43524551 76.11208344 58.65077209 37.5606575 76.18636322 58.65077209 37.23524475 76.08587646 58.65077209 40.81024551 75.6032486 58.65077209 37.96644211 75.26947021 58.65077209 37.96644211 74.96874237 58.65077209 37.82161713 75.43636322 58.65077209 41.18524551 75.81136322 58.65077209 41.08476639 75.06136322 58.65077209 41.08476639 74.78684235 58.65077209 40.81024551 76.18636322 59.01974869 40.43524551 76.11352539 58.96522141 40.75764847 76.08592224 58.95611954 40.81016541 75.81143951 58.90756226 41.0847168 75.97026062 58.92947769 40.96197891 75.28339386 58.89223099 41.16947937 75.43634796 58.88936234 41.18524551 75.53287506 58.89049911 41.17900848 75.76972961 58.90353394 41.10708237 75.04813385 58.90895844 41.07694626 74.8554306 58.93872452 40.90960693 74.78678131 58.95612335 40.81014252 74.72981262 58.97739792 40.68680573 74.68636322 59.01974869 40.43524551 17.76063347 58.65077209 37.5606575 17.68636131 58.65077209 37.23524475 17.68636131 58.65077209 40.43524551 18.90398026 58.65077209 37.82161713 19.18636131 58.65077209 40.43524551 19.11208725 58.65077209 37.5606575 19.18636131 58.65077209 37.23524475 18.60325241 58.65077209 37.96644211 18.26947212 58.65077209 37.96644211 17.96874428 58.65077209 37.82161713 18.06136131 58.65077209 41.08476639 18.43636131 58.65077209 41.18524551 18.81136131 58.65077209 41.08476639 17.78684044 58.65077209 40.81024551 19.08588028 58.65077209 40.81024551 19.18636131 59.01974869 40.43524551 19.11352921 58.96522141 40.75764847 19.08592415 58.95611954 40.81016541 18.81144333 58.90756226 41.0847168 18.97026634 58.92947769 40.96197891 18.28339195 58.89223099 41.16947937 18.43634987 58.88936234 41.18524551 18.53287697 58.89049911 41.17900848 18.76972961 58.90353394 41.10708237 18.04813576 58.90895844 41.07694626 17.8554287 58.93872452 40.90960693 17.78678322 58.95612335 40.81014252 17.72980881 58.97739792 40.68680573 17.68636131 59.01974869 40.43524551 53.29082489 59.74931717 32.31227112 53.86465073 59.75632858 31.97793198 54.25519943 59.76345825 31.50069618 54.26551819 59.79655457 31.50687599 54.28591919 59.82410431 31.51868629 54.31262207 59.84107208 31.53393745 54.37417984 59.84703064 31.48877716 53.99689484 59.84030533 31.9926548 53.47567368 59.83357239 32.34573746 53.90737534 59.8339386 32.02869797 52.68635941 59.82277679 32.47862625 52.68635941 59.82969666 32.51761627 52.86662674 59.82989502 32.50919724 52.68635941 59.76853943 32.42308807 52.68635941 59.77988052 32.42873383 53.29462814 59.78240967 32.32368088 52.68635941 59.80126572 32.44537735 53.30234528 59.80995941 32.3459549 53.31254578 59.826931 32.37496567 53.8874054 59.81697083 32.00531006 53.87222672 59.78942108 31.98727417 38.18636322 59.76853943 32.42308807 38.18636322 59.77988052 32.42873383 38.18636322 59.80126572 32.44537735 38.18636322 59.82277679 32.47862625 38.18636322 59.82969666 32.51761627 37.51256561 59.82732773 32.35729218 37.56703568 59.83208847 32.41371918 37.01478958 59.83819962 32.11293793 36.59031296 59.84527588 31.6474762 36.9653511 59.8339386 32.02870178 36.34083939 59.85005188 31.06802368 36.53596878 59.8415451 31.489851 36.56307983 59.82457352 31.47532845 36.58379364 59.79702377 31.4640789 36.59428024 59.76393127 31.45819092 37.00807953 59.75632858 31.97793579 36.98532104 59.81697083 32.00531387 37.00049973 59.78942108 31.98727798 37.52354431 59.81035995 32.32856369 37.53185272 59.78281021 32.3065033 37.53594971 59.7497139 32.29520035 19.38636208 59.77794647 34.04405594 19.18636131 59.57814026 34.03524399 19.38636208 59.51603317 37.8177681 19.38636208 59.21805954 40.4611702 17.48636055 59.21805954 40.4611702 17.58721542 59.16098022 40.88827896 18.03298569 59.10023117 41.32357788 17.77423286 59.12557602 41.14422989 18.65254593 59.09091949 41.38871765 18.33615303 59.0880928 41.40839386 19.18597412 59.13922501 41.04632187 18.94755173 59.10869217 41.26404953 19.33802605 59.1782341 40.76113892 17.48636055 59.51603317 37.8177681 17.68636131 59.57814026 34.03524399 17.48636055 59.77794647 34.04405594 19.085886 59.59757614 33.66025543 19.11412048 59.5949707 33.71408844 19.27880478 59.79606628 33.60380554 18.96977615 59.60460281 33.50801849 19.08658791 59.80534744 33.34959412 18.81136703 59.60988617 33.38573074 18.82174301 59.81127548 33.17341232 18.7654171 59.61090469 33.36128235 18.51362801 59.81378937 33.09467316 18.52399445 59.61378479 33.29038239 17.90538979 59.80860901 33.25418854 18.06135941 59.60988617 33.38572693 18.19633293 59.81291199 33.12242126 18.27263641 59.61326599 33.30333328 18.43636131 59.61398697 33.28524399 17.72875214 59.591362 33.78666687 17.78683472 59.59757614 33.66025925 17.67400742 59.80084991 33.47569275 17.85117912 59.6019783 33.56613922 18.03960609 59.60933685 33.39878464 17.52913857 59.78987503 33.76144409 22.38636017 59.77794647 34.04405594 22.18636131 59.57814026 34.03524399 22.38636017 59.51603317 37.8177681 22.38636017 59.21805954 40.4611702 20.48636246 59.21805954 40.4611702 20.58721733 59.16098022 40.88827896 21.03298378 59.10023117 41.32357788 20.77423286 59.12557602 41.14422989 21.65254784 59.09091949 41.38871765 21.33615494 59.0880928 41.40839386 22.18597603 59.13922501 41.04632187 21.94755363 59.10869217 41.26404953 22.33802414 59.1782341 40.76113892 20.48636246 59.51603317 37.8177681 20.68636131 59.57814026 34.03524399 20.48636246 59.77794647 34.04405594 22.085886 59.59757614 33.66025543 22.11412239 59.5949707 33.71408844 22.27880478 59.79606628 33.60380554 21.96977615 59.60460281 33.50801849 22.086586 59.80534744 33.34959412 21.81136703 59.60988617 33.38573074 21.82174492 59.81127548 33.17341232 21.76541519 59.61090469 33.36128235 21.51362991 59.81378937 33.09467316 21.52399445 59.61378479 33.29038239 20.90538788 59.80860901 33.25418854 21.0613575 59.60988617 33.38572693 21.19633293 59.81291199 33.12242126 21.27263641 59.61326599 33.30333328 21.43636131 59.61398697 33.28524399 20.72875404 59.591362 33.78666687 20.78683472 59.59757614 33.66025925 20.67400742 59.80084991 33.47569275 20.85117722 59.6019783 33.56613922 21.03960419 59.60933685 33.39878464 20.52913666 59.78987503 33.76144409 25.38636017 59.77794647 34.04405594 25.18636131 59.57814026 34.03524399 25.38636017 59.51603317 37.8177681 25.38636017 59.21805954 40.4611702 23.48636055 59.21805954 40.4611702 23.58721733 59.16098022 40.88827896 24.03298569 59.10023117 41.32357788 23.77423477 59.12557602 41.14422989 24.65254593 59.09091949 41.38871765 24.33615303 59.0880928 41.40839386 25.18597603 59.13922501 41.04632187 24.94755363 59.10869217 41.26404953 25.33802605 59.1782341 40.76113892 23.48636055 59.51603317 37.8177681 23.68636131 59.57814026 34.03524399 23.48636055 59.77794647 34.04405594 25.085886 59.59757614 33.66025543 25.11412048 59.5949707 33.71408844 25.27880478 59.79606628 33.60380554 24.96977615 59.60460281 33.50801849 25.086586 59.80534744 33.34959412 24.81136703 59.60988617 33.38573074 24.82174492 59.81127548 33.17341232 24.7654171 59.61090469 33.36128235 24.51362801 59.81378937 33.09467316 24.52399445 59.61378479 33.29038239 23.90538788 59.80860901 33.25418854 24.06135941 59.60988617 33.38572693 24.19633293 59.81291199 33.12242126 24.27263641 59.61326599 33.30333328 24.43635941 59.61398697 33.28524399 23.72875404 59.591362 33.78666687 23.78683472 59.59757614 33.66025925 23.67400742 59.80084991 33.47569275 23.85117722 59.6019783 33.56613922 24.03960419 59.60933685 33.39878464 23.52913857 59.78987503 33.76144409 28.38636208 59.77794647 34.04405594 28.18636131 59.57814026 34.03524399 28.38636208 59.51603317 37.8177681 28.38636208 59.21805954 40.4611702 26.48636055 59.21805954 40.4611702 26.58721542 59.16098022 40.88827896 27.03298569 59.10023117 41.32357788 26.77423286 59.12557602 41.14422989 27.65254593 59.09091949 41.38871765 27.33615303 59.0880928 41.40839386 28.18597412 59.13922501 41.04632187 27.94755363 59.10869217 41.26404953 28.33802605 59.1782341 40.76113892 26.48636055 59.51603317 37.8177681 26.68636131 59.57814026 34.03524399 26.48636055 59.77794647 34.04405594 28.08588409 59.59757614 33.66025543 28.11412048 59.5949707 33.71408844 28.27880478 59.79606628 33.60380554 27.96977425 59.60460281 33.50801849 28.08658791 59.80534744 33.34959412 27.81136703 59.60988617 33.38573074 27.82174301 59.81127548 33.17341232 27.7654171 59.61090469 33.36128235 27.51362801 59.81378937 33.09467316 27.52399635 59.61378479 33.29038239 26.90538979 59.80860901 33.25418854 27.06135941 59.60988617 33.38572693 27.19633293 59.81291199 33.12242126 27.27263641 59.61326599 33.30333328 27.43635941 59.61398697 33.28524399 26.72875404 59.591362 33.78666687 26.78683281 59.59757614 33.66025925 26.67400742 59.80084991 33.47569275 26.85117912 59.6019783 33.56613922 27.03960609 59.60933685 33.39878464 26.52913857 59.78987503 33.76144409 31.38636017 59.77794647 34.04405594 31.18636131 59.57814026 34.03524399 31.38636017 59.51603317 37.8177681 31.38636017 59.21805954 40.4611702 29.48636055 59.21805954 40.4611702 29.58721542 59.16098022 40.88827896 30.03298569 59.10023117 41.32357788 29.77423286 59.12557602 41.14422989 30.65254593 59.09091949 41.38871765 30.33615494 59.0880928 41.40839386 31.18597412 59.13922501 41.04632187 30.94755363 59.10869217 41.26404953 31.33802605 59.1782341 40.76113892 29.48636055 59.51603317 37.8177681 29.68636131 59.57814026 34.03524399 29.48636055 59.77794647 34.04405594 31.085886 59.59757614 33.66025543 31.11412048 59.5949707 33.71408844 31.27880478 59.79606628 33.60380554 30.96977615 59.60460281 33.50801849 31.086586 59.80534744 33.34959412 30.81136703 59.60988617 33.38573074 30.82174301 59.81127548 33.17341232 30.7654171 59.61090469 33.36128235 30.51362801 59.81378937 33.09467316 30.52399445 59.61378479 33.29038239 29.90538788 59.80860901 33.25418854 30.06135941 59.60988617 33.38572693 30.19633293 59.81291199 33.12242126 30.27263641 59.61326599 33.30333328 30.43636131 59.61398697 33.28524399 29.72875214 59.591362 33.78666687 29.78683472 59.59757614 33.66025925 29.67400742 59.80084991 33.47569275 29.85117722 59.6019783 33.56613922 30.03960419 59.60933685 33.39878464 29.52913666 59.78987503 33.76144409 34.38636017 59.77794647 34.04405594 34.18635941 59.57814026 34.03524399 34.38636017 59.51603317 37.8177681 34.38636017 59.21805954 40.4611702 32.48636246 59.21805954 40.4611702 32.58721542 59.16098022 40.88827896 33.03298569 59.10023117 41.32357788 32.77423096 59.12557602 41.14422989 33.65254593 59.09091949 41.38871765 33.33615494 59.0880928 41.40839386 34.18597412 59.13922501 41.04632187 33.94755173 59.10869217 41.26404953 34.33802414 59.1782341 40.76113892 32.48636246 59.51603317 37.8177681 32.68636322 59.57814026 34.03524399 32.48636246 59.77794647 34.04405594 34.08588409 59.59757614 33.66025543 34.11412048 59.5949707 33.71408844 34.27880478 59.79606628 33.60380554 33.96977615 59.60460281 33.50801849 34.086586 59.80534744 33.34959412 33.81136703 59.60988617 33.38573074 33.82174301 59.81127548 33.17341232 33.76541519 59.61090469 33.36128235 33.51362991 59.81378937 33.09467316 33.52399445 59.61378479 33.29038239 32.90538788 59.80860901 33.25418854 33.06135941 59.60988617 33.38572693 33.19633484 59.81291199 33.12242126 33.27263641 59.61326599 33.30333328 33.43635941 59.61398697 33.28524399 32.72875214 59.591362 33.78666687 32.78683472 59.59757614 33.66025925 32.67400742 59.80084991 33.47569275 32.85117722 59.6019783 33.56613922 33.03960419 59.60933685 33.39878464 32.52913666 59.78987503 33.76144409 37.38636017 59.77794647 34.04405594 37.18635941 59.57814026 34.03524399 37.38636017 59.51603317 37.8177681 37.38636017 59.21805954 40.4611702 35.48636246 59.21805954 40.4611702 35.58721542 59.16098022 40.88827896 36.03298569 59.10023117 41.32357788 35.77423477 59.12557602 41.14422989 36.65254593 59.09091949 41.38871765 36.33615494 59.0880928 41.40839386 37.18597412 59.13922501 41.04632187 36.94755173 59.10869217 41.26404953 37.33802414 59.1782341 40.76113892 35.48636246 59.51603317 37.8177681 35.68635941 59.57814026 34.03524399 35.48636246 59.77794647 34.04405594 37.08588409 59.59757614 33.66025543 37.11412048 59.5949707 33.71408844 37.27880478 59.79606628 33.60380554 36.96977615 59.60460281 33.50801849 37.086586 59.80534744 33.34959412 36.81136703 59.60988617 33.38573074 36.82174301 59.81127548 33.17341232 36.76541519 59.61090469 33.36128235 36.5136261 59.81378937 33.09467316 36.52399445 59.61378479 33.29038239 35.90538788 59.80860901 33.25418854 36.06135941 59.60988617 33.38572693 36.19633102 59.81291199 33.12242126 36.27263641 59.61326599 33.30333328 36.43635941 59.61398697 33.28524399 35.72875214 59.591362 33.78666687 35.78683472 59.59757614 33.66025925 35.67400742 59.80084991 33.47569275 35.85117722 59.6019783 33.56613922 36.03960419 59.60933685 33.39878464 35.52913666 59.78987503 33.76144409 40.38636017 59.77794647 34.04405594 40.18635941 59.57814026 34.03524399 40.38636017 59.51603317 37.8177681 40.38636017 59.21805954 40.4611702 38.48636246 59.21805954 40.4611702 38.58721542 59.16098022 40.88827896 39.03298569 59.10023117 41.32357788 38.77423477 59.12557602 41.14422989 39.65254593 59.09091949 41.38871765 39.33615494 59.0880928 41.40839386 40.18597412 59.13922501 41.04632187 39.94755173 59.10869217 41.26404953 40.33802414 59.1782341 40.76113892 38.48636246 59.51603317 37.8177681 38.68635941 59.57814026 34.03524399 38.48636246 59.77794647 34.04405594 40.08588791 59.59757614 33.66025543 40.11412048 59.5949707 33.71408844 40.27880478 59.79606628 33.60380554 39.96977615 59.60460281 33.50801849 40.086586 59.80534744 33.34959412 39.81136703 59.60988617 33.38573074 39.82174301 59.81127548 33.17341232 39.76541519 59.61090469 33.36128235 39.51362991 59.81378937 33.09467316 39.52399445 59.61378479 33.29038239 38.90538788 59.80860901 33.25418854 39.06135941 59.60988617 33.38572693 39.19633484 59.81291199 33.12242126 39.27263641 59.61326599 33.30333328 39.43635941 59.61398697 33.28524399 38.72875214 59.591362 33.78666687 38.78683472 59.59757614 33.66025925 38.67400742 59.80084991 33.47569275 38.85117722 59.6019783 33.56613922 39.03960419 59.60933685 33.39878464 38.52913666 59.78987503 33.76144409 43.38636017 59.77794647 34.04405594 43.18635941 59.57814026 34.03524399 43.38636017 59.51603317 37.8177681 43.38636017 59.21805954 40.4611702 41.48636246 59.21805954 40.4611702 41.58721542 59.16098022 40.88827896 42.03298569 59.10023117 41.32357788 41.77423477 59.12557602 41.14422989 42.65254593 59.09091949 41.38871765 42.33615494 59.0880928 41.40839386 43.18597412 59.13922501 41.04632187 42.94755173 59.10869217 41.26404953 43.33802414 59.1782341 40.76113892 41.48636246 59.51603317 37.8177681 41.68635941 59.57814026 34.03524399 41.48636246 59.77794647 34.04405594 43.08588409 59.59757614 33.66025543 43.11412048 59.5949707 33.71408844 43.27880478 59.79606628 33.60380554 42.96977615 59.60460281 33.50801849 43.086586 59.80534744 33.34959412 42.81136703 59.60988617 33.38573074 42.82174301 59.81127548 33.17341232 42.76541519 59.61090469 33.36128235 42.51362991 59.81378937 33.09467316 42.52399445 59.61378479 33.29038239 41.90538788 59.80860901 33.25418854 42.06135941 59.60988617 33.38572693 42.19633484 59.81291199 33.12242126 42.27263641 59.61326599 33.30333328 42.43635941 59.61398697 33.28524399 41.72875214 59.591362 33.78666687 41.78683472 59.59757614 33.66025925 41.67400742 59.80084991 33.47569275 41.85117722 59.6019783 33.56613922 42.03960419 59.60933685 33.39878464 41.52913666 59.78987503 33.76144409 46.38636017 59.77794647 34.04405594 46.18635941 59.57814026 34.03524399 46.38636017 59.51603317 37.8177681 46.38636017 59.21805954 40.4611702 44.48636246 59.21805954 40.4611702 44.58721542 59.16098022 40.88827896 45.03298569 59.10023117 41.32357788 44.77423477 59.12557602 41.14422989 45.65254593 59.09091949 41.38871765 45.33615494 59.0880928 41.40839386 46.18597412 59.13922501 41.04632187 45.94755173 59.10869217 41.26404953 46.33802414 59.1782341 40.76113892 44.48636246 59.51603317 37.8177681 44.68635941 59.57814026 34.03524399 44.48636246 59.77794647 34.04405594 46.08588409 59.59757614 33.66025543 46.11412048 59.5949707 33.71408844 46.27880478 59.79606628 33.60380554 45.96977615 59.60460281 33.50801849 46.086586 59.80534744 33.34959412 45.81136703 59.60988617 33.38573074 45.82174301 59.81127548 33.17341232 45.76541519 59.61090469 33.36128235 45.51362991 59.81378937 33.09467316 45.52399445 59.61378479 33.29038239 44.90538788 59.80860901 33.25418854 45.06135941 59.60988617 33.38572693 45.19633484 59.81291199 33.12242126 45.27263641 59.61326599 33.30333328 45.43635941 59.61398697 33.28524399 44.72875214 59.591362 33.78666687 44.78683472 59.59757614 33.66025925 44.67400742 59.80084991 33.47569275 44.85117722 59.6019783 33.56613922 45.03960419 59.60933685 33.39878464 44.52913666 59.78987503 33.76144409 49.38636017 59.77794647 34.04405594 49.18635941 59.57814026 34.03524399 49.38636017 59.51603317 37.8177681 49.38636017 59.21805954 40.4611702 47.48636246 59.21805954 40.4611702 47.58721542 59.16098022 40.88827896 48.03298569 59.10023117 41.32357788 47.77423477 59.12557602 41.14422989 48.65254593 59.09091949 41.38871765 48.33615494 59.0880928 41.40839386 49.18597412 59.13922501 41.04632187 48.94755173 59.10869217 41.26404953 49.33802414 59.1782341 40.76113892 47.48636246 59.51603317 37.8177681 47.68635941 59.57814026 34.03524399 47.48636246 59.77794647 34.04405594 49.08588409 59.59757614 33.66025543 49.11412048 59.5949707 33.71408844 49.27880478 59.79606628 33.60380554 48.96977615 59.60460281 33.50801849 49.086586 59.80534744 33.34959412 48.81136703 59.60988617 33.38573074 48.82174301 59.81127548 33.17341232 48.76541519 59.61090469 33.36128235 48.51362991 59.81378937 33.09467316 48.52399445 59.61378479 33.29038239 47.90538788 59.80860901 33.25418854 48.06135941 59.60988617 33.38572693 48.19633484 59.81291199 33.12242126 48.27263641 59.61326599 33.30333328 48.43635941 59.61398697 33.28524399 47.72875214 59.591362 33.78666687 47.78683472 59.59757614 33.66025925 47.67400742 59.80084991 33.47569275 47.85117722 59.6019783 33.56613922 48.03960419 59.60933685 33.39878464 47.52913666 59.78987503 33.76144409 52.38636017 59.77794647 34.04405594 52.18636322 59.57814026 34.03524399 52.38636017 59.51603317 37.8177681 52.38636017 59.21805954 40.4611702 50.48636246 59.21805954 40.4611702 50.58721542 59.16098022 40.88827896 51.03298569 59.10023117 41.32357788 50.77423477 59.12557602 41.14422989 51.65254593 59.09091949 41.38871765 51.33615494 59.0880928 41.40839386 52.18597412 59.13922501 41.04632187 51.94755173 59.10869217 41.26404953 52.33802414 59.1782341 40.76113892 50.48636246 59.51603317 37.8177681 50.68635941 59.57814026 34.03524399 50.48636246 59.77794647 34.04405594 52.08588409 59.59757614 33.66025543 52.11412048 59.5949707 33.71408844 52.27880478 59.79606628 33.60380554 51.96977615 59.60460281 33.50801849 52.086586 59.80534744 33.34959412 51.81136703 59.60988617 33.38573074 51.82174301 59.81127548 33.17341232 51.76541519 59.61090469 33.36128235 51.51362991 59.81378937 33.09467316 51.52399445 59.61378479 33.29038239 50.90538788 59.80860901 33.25418854 51.06135941 59.60988617 33.38572693 51.19633102 59.81291199 33.12242126 51.27263641 59.61326599 33.30333328 51.43635941 59.61398697 33.28524399 50.72875214 59.591362 33.78666687 50.78683472 59.59757614 33.66025925 50.67400742 59.80084991 33.47569275 50.85117722 59.6019783 33.56613922 51.03960419 59.60933685 33.39878464 50.52913666 59.78987503 33.76144409 55.38636017 59.77794647 34.04405594 55.18636322 59.57814026 34.03524399 55.38636017 59.51603317 37.8177681 55.38636017 59.21805954 40.4611702 53.48636246 59.21805954 40.4611702 53.58721542 59.16098022 40.88827896 54.03298569 59.10023117 41.32357788 53.77423477 59.12557602 41.14422989 54.65254593 59.09091949 41.38871765 54.33615494 59.0880928 41.40839386 55.18597412 59.13922501 41.04632187 54.94755173 59.10869217 41.26404953 55.33802414 59.1782341 40.76113892 53.48636246 59.51603317 37.8177681 53.68635941 59.57814026 34.03524399 53.48636246 59.77794647 34.04405594 55.08588409 59.59757614 33.66025543 55.11412048 59.5949707 33.71408844 55.27880478 59.79606628 33.60380554 54.96977615 59.60460281 33.50801849 55.086586 59.80534744 33.34959412 54.81136703 59.60988617 33.38573074 54.82174301 59.81127548 33.17341232 54.76541519 59.61090469 33.36128235 54.5136261 59.81378937 33.09467316 54.52399445 59.61378479 33.29038239 53.90538788 59.80860901 33.25418854 54.06135941 59.60988617 33.38572693 54.19633102 59.81291199 33.12242126 54.27263641 59.61326599 33.30333328 54.43635941 59.61398697 33.28524399 53.72875214 59.591362 33.78666687 53.78683472 59.59757614 33.66025925 53.67400742 59.80084991 33.47569275 53.85117722 59.6019783 33.56613922 54.03960419 59.60933685 33.39878464 53.52913666 59.78987503 33.76144409 58.38636017 59.77794647 34.04405594 58.18635941 59.57814026 34.03524399 58.38636017 59.51603317 37.8177681 58.38636017 59.21805954 40.4611702 56.48636246 59.21805954 40.4611702 56.58721542 59.16098022 40.88827896 57.03298569 59.10023117 41.32357788 56.77423477 59.12557602 41.14422989 57.65254593 59.09091949 41.38871765 57.33615494 59.0880928 41.40839386 58.18597412 59.13922501 41.04632187 57.94755173 59.10869217 41.26404953 58.33802414 59.1782341 40.76113892 56.48636246 59.51603317 37.8177681 56.68636322 59.57814026 34.03524399 56.48636246 59.77794647 34.04405594 58.08588791 59.59757614 33.66025543 58.11412048 59.5949707 33.71408844 58.27880478 59.79606628 33.60380554 57.96977615 59.60460281 33.50801849 58.086586 59.80534744 33.34959412 57.81136703 59.60988617 33.38573074 57.82174301 59.81127548 33.17341232 57.76541519 59.61090469 33.36128235 57.51362991 59.81378937 33.09467316 57.52399445 59.61378479 33.29038239 56.90538788 59.80860901 33.25418854 57.06135941 59.60988617 33.38572693 57.19633484 59.81291199 33.12242126 57.27263641 59.61326599 33.30333328 57.43635941 59.61398697 33.28524399 56.72875214 59.591362 33.78666687 56.78683472 59.59757614 33.66025925 56.67400742 59.80084991 33.47569275 56.85117722 59.6019783 33.56613922 57.03960419 59.60933685 33.39878464 56.52913666 59.78987503 33.76144409 61.38636017 59.77794647 34.04405594 61.18636322 59.57814026 34.03524399 61.38636017 59.51603317 37.8177681 61.38636017 59.21805954 40.4611702 59.48636246 59.21805954 40.4611702 59.58721542 59.16098022 40.88827896 60.03298569 59.10023117 41.32357788 59.77423477 59.12557602 41.14422989 60.65254593 59.09091949 41.38871765 60.33615494 59.0880928 41.40839386 61.18597412 59.13922501 41.04632187 60.94755173 59.10869217 41.26404953 61.33802414 59.1782341 40.76113892 59.48636246 59.51603317 37.8177681 59.68635941 59.57814026 34.03524399 59.48636246 59.77794647 34.04405594 61.08588791 59.59757614 33.66025543 61.11412048 59.5949707 33.71408844 61.27880478 59.79606628 33.60380554 60.96977615 59.60460281 33.50801849 61.086586 59.80534744 33.34959412 60.81136703 59.60988617 33.38573074 60.82174301 59.81127548 33.17341232 60.76541519 59.61090469 33.36128235 60.51362991 59.81378937 33.09467316 60.52399445 59.61378479 33.29038239 59.90538788 59.80860901 33.25418854 60.06135941 59.60988617 33.38572693 60.19633484 59.81291199 33.12242126 60.27263641 59.61326599 33.30333328 60.43635941 59.61398697 33.28524399 59.72875214 59.591362 33.78666687 59.78683472 59.59757614 33.66025925 59.67400742 59.80084991 33.47569275 59.85117722 59.6019783 33.56613922 60.03960419 59.60933685 33.39878464 59.52913666 59.78987503 33.76144409 64.38636017 59.77794647 34.04405594 64.18636322 59.57814026 34.03524399 64.38636017 59.51603317 37.8177681 64.38636017 59.21805954 40.4611702 62.48636246 59.21805954 40.4611702 62.58721542 59.16098022 40.88827896 63.03298569 59.10023117 41.32357788 62.77423477 59.12557602 41.14422989 63.65254593 59.09091949 41.38871765 63.33615494 59.0880928 41.40839386 64.18597412 59.13922501 41.04632187 63.94755173 59.10869217 41.26404953 64.33802795 59.1782341 40.76113892 62.48636246 59.51603317 37.8177681 62.68635941 59.57814026 34.03524399 62.48636246 59.77794647 34.04405594 64.08588409 59.59757614 33.66025543 64.11412048 59.5949707 33.71408844 64.27880859 59.79606628 33.60380554 63.96977615 59.60460281 33.50801849 64.086586 59.80534744 33.34959412 63.81136703 59.60988617 33.38573074 63.82174301 59.81127548 33.17341232 63.76541901 59.61090469 33.36128235 63.51362991 59.81378937 33.09467316 63.52399445 59.61378479 33.29038239 62.90538788 59.80860901 33.25418854 63.06135941 59.60988617 33.38572693 63.19633102 59.81291199 33.12242126 63.27263641 59.61326599 33.30333328 63.43635941 59.61398697 33.28524399 62.72875214 59.591362 33.78666687 62.78683472 59.59757614 33.66025925 62.67400742 59.80084991 33.47569275 62.85117722 59.6019783 33.56613922 63.03960419 59.60933685 33.39878464 62.52914047 59.78987503 33.76144409 67.38636017 59.77794647 34.04405594 67.18636322 59.57814026 34.03524399 67.38636017 59.51603317 37.8177681 67.38636017 59.21805954 40.4611702 65.48635864 59.21805954 40.4611702 65.58721924 59.16098022 40.88827896 66.03298187 59.10023117 41.32357788 65.77423096 59.12557602 41.14422989 66.65254974 59.09091949 41.38871765 66.33615112 59.0880928 41.40839386 67.18597412 59.13922501 41.04632187 66.94755554 59.10869217 41.26404953 67.33802795 59.1782341 40.76113892 65.48635864 59.51603317 37.8177681 65.68636322 59.57814026 34.03524399 65.48635864 59.77794647 34.04405594 67.08588409 59.59757614 33.66025543 67.11412048 59.5949707 33.71408844 67.27880859 59.79606628 33.60380554 66.96977234 59.60460281 33.50801849 67.086586 59.80534744 33.34959412 66.81137085 59.60988617 33.38573074 66.82174683 59.81127548 33.17341232 66.76541901 59.61090469 33.36128235 66.5136261 59.81378937 33.09467316 66.52399445 59.61378479 33.29038239 65.90538788 59.80860901 33.25418854 66.06135559 59.60988617 33.38572693 66.19633484 59.81291199 33.12242126 66.27263641 59.61326599 33.30333328 66.43636322 59.61398697 33.28524399 65.72875214 59.591362 33.78666687 65.78683472 59.59757614 33.66025925 65.67401123 59.80084991 33.47569275 65.85118103 59.6019783 33.56613922 66.03960419 59.60933685 33.39878464 65.52913666 59.78987503 33.76144409 70.38636017 59.77794647 34.04405594 70.18636322 59.57814026 34.03524399 70.38636017 59.51603317 37.8177681 70.38636017 59.21805954 40.4611702 68.48635864 59.21805954 40.4611702 68.58721924 59.16098022 40.88827896 69.03298187 59.10023117 41.32357788 68.77423096 59.12557602 41.14422989 69.65254211 59.09091949 41.38871765 69.33615112 59.0880928 41.40839386 70.18597412 59.13922501 41.04632187 69.94755554 59.10869217 41.26404953 70.33802795 59.1782341 40.76113892 68.48635864 59.51603317 37.8177681 68.68636322 59.57814026 34.03524399 68.48635864 59.77794647 34.04405594 69.90398407 59.60719681 33.44887543 69.96977997 59.60460281 33.50801849 70.086586 59.80534744 33.34959412 70.27880859 59.79606628 33.60380554 70.11412048 59.5949707 33.71408844 69.76541901 59.61090469 33.36128235 69.82174683 59.81127548 33.17341232 69.60325623 59.61323547 33.30405045 69.5136261 59.81378937 33.09467316 69.52399445 59.61378479 33.29038239 69.19633484 59.81291199 33.12242126 69.27263641 59.61326599 33.30333328 69.03960419 59.60933685 33.39878464 68.90538788 59.80860901 33.25418854 68.96873474 59.60719681 33.44887924 68.85118103 59.6019783 33.56613922 68.6740036 59.80084991 33.47569275 68.76062775 59.5951767 33.70984268 68.52913666 59.78987503 33.76144409 68.72875214 59.591362 33.78666687 73.38636017 59.77794647 34.04405594 73.18636322 59.57814026 34.03524399 73.38636017 59.51603317 37.8177681 73.38636017 59.21805954 40.4611702 71.48635864 59.21805954 40.4611702 71.58721924 59.16098022 40.88827896 72.03298187 59.10023117 41.32357788 71.77423096 59.12557602 41.14422989 72.65254974 59.09091949 41.38871765 72.33615112 59.0880928 41.40839386 73.18597412 59.13922501 41.04632187 72.94755554 59.10869217 41.26404953 73.33802795 59.1782341 40.76113892 71.48635864 59.51603317 37.8177681 71.68636322 59.57814026 34.03524399 71.48635864 59.77794647 34.04405594 72.90398407 59.60719681 33.44887543 72.96977234 59.60460281 33.50801849 73.086586 59.80534744 33.34959412 73.27880096 59.79606628 33.60380554 73.11412048 59.5949707 33.71408844 72.76541901 59.61090469 33.36128235 72.82174683 59.81127548 33.17341232 72.60325623 59.61323547 33.30405045 72.5136261 59.81378937 33.09467316 72.52399445 59.61378479 33.29038239 72.19633484 59.81291199 33.12242126 72.27263641 59.61326599 33.30333328 72.03960419 59.60933685 33.39878464 71.90538788 59.80860901 33.25418854 71.96873474 59.60719681 33.44887924 71.85118103 59.6019783 33.56613922 71.6740036 59.80084991 33.47569275 71.76062775 59.5951767 33.70984268 71.52913666 59.78987503 33.76144409 71.72875214 59.591362 33.78666687 76.38636017 59.77794647 34.04405594 76.18636322 59.57814026 34.03524399 76.38636017 59.51603317 37.8177681 76.38636017 59.21805954 40.4611702 74.48635864 59.21805954 40.4611702 74.58721924 59.16098022 40.88827896 75.0329895 59.10023117 41.32357788 74.77423096 59.12557602 41.14422989 75.65254974 59.09091949 41.38871765 75.33615112 59.0880928 41.40839386 76.18597412 59.13922501 41.04632187 75.94755554 59.10869217 41.26404953 76.33802795 59.1782341 40.76113892 74.48635864 59.51603317 37.8177681 74.68636322 59.57814026 34.03524399 74.48635864 59.77794647 34.04405594 76.08588409 59.59757614 33.66025543 76.11412048 59.5949707 33.71408844 76.27880859 59.79606628 33.60380554 75.96977234 59.60460281 33.50801849 76.086586 59.80534744 33.34959412 75.81136322 59.60988617 33.38573074 75.82174683 59.81127548 33.17341232 75.76541901 59.61090469 33.36128235 75.5136261 59.81378937 33.09467316 75.52399445 59.61378479 33.29038239 74.90538788 59.80860901 33.25418854 75.06136322 59.60988617 33.38572693 75.19633484 59.81291199 33.12242126 75.27263641 59.61326599 33.30333328 75.43636322 59.61398697 33.28524399 74.72875214 59.591362 33.78666687 74.78683472 59.59757614 33.66025925 74.67401123 59.80084991 33.47569275 74.85118103 59.6019783 33.56613922 75.03960419 59.60933685 33.39878464 74.52913666 59.78987503 33.76144409 16.38636208 59.77794647 34.04405594 16.18636131 59.57814026 34.03524399 16.38636208 59.51603317 37.8177681 16.38636208 59.21805954 40.4611702 14.48636055 59.21805954 40.4611702 14.58721542 59.16098022 40.88827896 15.03298569 59.10023117 41.32357788 14.77423286 59.12557602 41.14422989 15.65254593 59.09091949 41.38871765 15.33615303 59.0880928 41.40839386 16.18597412 59.13922501 41.04632187 15.94755363 59.10869217 41.26404953 16.33802605 59.1782341 40.76113892 14.48636055 59.51603317 37.8177681 14.68636036 59.57814026 34.03524399 14.48636055 59.77794647 34.04405594 15.90398598 59.60719681 33.44887543 15.9697752 59.60460281 33.50801849 16.08658791 59.80534744 33.34959412 16.27880478 59.79606628 33.60380554 16.11412048 59.5949707 33.71408844 15.7654171 59.61090469 33.36128235 15.82174492 59.81127548 33.17341232 15.60325718 59.61323547 33.30405045 15.51362801 59.81378937 33.09467316 15.5239954 59.61378479 33.29038239 15.19633198 59.81291199 33.12242126 15.27263737 59.61326599 33.30333328 15.03960514 59.60933685 33.39878464 14.90538883 59.80860901 33.25418854 14.96873569 59.60719681 33.44887924 14.85117817 59.6019783 33.56613922 14.67400742 59.80084991 33.47569275 14.76062775 59.5951767 33.70984268 14.52913857 59.78987503 33.76144409 14.72875404 59.591362 33.78666687 4.38809538 38.93330002 35.96524429 4.63795424 38.24784851 35.96524429 3.1065917 39.92767334 35.96524429 2.49631095 41.39871979 35.96524429 1.90997255 41.86027908 35.96524429 1.30708647 44.26976395 35.96524429 1.08884406 43.97986221 35.96524429 0.90146565 47.35076904 35.96524429 2.49631095 53.3028183 35.96524429 3.1065917 54.77386856 35.96524429 4.38809538 55.76823807 35.96524429 4.63795424 56.45368958 35.96524429 6.85351467 57.66002274 35.96524429 6.4519062 57.82352448 35.96524429 8.48668194 58.83671951 35.96524429 0.67116821 46.2142334 35.96524429 0.67116821 48.4873085 35.96524429 1.30708647 50.43177795 35.96524429 1.08884406 50.72167969 35.96524429 1.90997255 52.841259 35.96524429 6.4519062 36.87801743 35.96524429 6.85351467 37.04151917 35.96524429 8.48668194 35.86481857 35.96524429 8.88636112 36.11033249 35.96524429 8.88636112 35.71787643 35.96524429 9.80480099 35.83109283 35.78255844 9.80480099 35.42478943 35.78255844 10.58341694 35.65591431 35.2623024 10.58341694 35.21321487 35.2623024 11.10367203 35.56895828 34.48368454 11.10367203 35.0803833 34.48368454 11.28636074 35.54401016 33.56524658 11.28636074 35.01386261 33.56524658 11.71848297 59.20512772 30.94303513 11.71848297 59.79102325 30.94303513 11.49138546 59.18210602 31.09477615 11.49138546 59.76612473 31.09477615 11.33964729 59.16426468 31.32187271 11.33964729 59.74609375 31.32187271 16.75787544 35.73090363 42.3196907 16.17831421 35.61364746 41.59162521 17.52583504 35.80848694 42.77961731 18.43636131 35.77812958 42.84259796 16.32919693 35.50248337 41.52318192 16.87257004 35.61939621 42.20044708 17.58898926 35.69659042 42.62697601 17.63536835 35.52916336 42.52887344 16.95496368 35.4525528 42.12846375 16.43388939 35.33614731 41.48882294 18.43636131 35.55761337 42.67389679 18.43636131 35.59931946 42.69238663 18.43636131 35.72531128 42.78199387 16.18444633 35.21475983 40.77286911 16.0741272 35.38098526 40.77030563 15.90906429 35.49208069 40.7851181 25.93636131 35.70342255 42.76186371 25.80592918 35.71907043 42.77600861 25.68612671 35.75869751 42.81795883 72.43636322 35.77812958 42.84259796 72.43636322 35.86922073 43.05763245 65.40494537 35.86922073 43.05763245 65.36937714 35.85121155 42.9842453 65.23028564 35.77812958 42.84259796 72.43636322 35.72531128 42.78199387 65.18636322 35.75859833 42.81784058 72.43636322 35.59931946 42.69238663 65.06687927 35.71908951 42.77602768 64.93636322 35.70342255 42.76186371 72.43636322 35.55761337 42.67389679 25.5033474 35.85121155 42.9842453 25.64243889 35.77812958 42.84259796 73.18344116 35.53295135 42.54829025 74.68976593 35.21835709 40.77265167 73.18341827 35.852211 42.95503616 73.28574371 35.81233215 42.80200577 74.40779877 35.73628235 42.23073578 74.20303345 35.76576996 42.41934204 74.11485291 35.73090363 42.31968689 73.81121826 35.80928421 42.69208145 73.32479095 35.84497833 42.91114807 74.81257629 35.65607452 41.70090866 74.64622498 35.62719727 41.67803574 75.10094452 35.55617142 41.00194931 74.97577667 35.49694443 40.78665161 75.14241028 35.53022003 40.81229782 73.91776276 35.4525528 42.12845993 73.22678375 35.70041275 42.64771652 74.00016022 35.61939621 42.20044708 74.4981842 35.51600647 41.60368729 74.57879639 35.28298569 41.18213272 74.39504242 35.34963608 41.56509018 74.79859161 35.38098526 40.77030563 74.80472565 35.38705826 40.77059174 75.15457916 35.36053085 39.7266922 75.58740997 35.19119263 37.87749481 75.28012085 35.0165863 37.52310181 75.6516571 34.9578476 35.3217926 75.94946289 34.86098862 31.97777367 75.85633087 34.96787643 34.92932129 75.45133209 35.12699509 37.53250885 74.868927 35.08145905 39.71508408 74.98345184 35.25045395 39.71282959 15.83714008 34.95159149 38.57876968 15.47498608 34.91921997 36.36247635 15.723032 35.12086487 38.57635498 15.15583801 34.89621353 34.17715454 15.30375099 35.0297699 36.36957169 15.55185509 35.23112488 38.58789444 69.60325623 57.99463654 37.96644211 69.26947021 57.99463654 37.96644211 68.96874237 58.00880051 37.82161713 68.76063538 58.03359222 37.5606575 68.68636322 58.06319046 37.23524475 69.90397644 58.00880051 37.82161713 70.06486511 58.02572632 37.6444931 70.11209106 58.0509491 37.5606575 70.18636322 58.08707809 37.23524475 68.68636322 58.27685547 34.03524399 68.76063538 58.29073715 33.70983124 68.96874237 58.30082703 33.44887161 69.26947021 58.30602646 33.30405045 69.60325623 58.30602646 33.30405045 69.90397644 58.30082703 33.44887161 70.11209106 58.29073715 33.70983124 70.18636322 58.27685547 34.03524399 70.18636322 58.08707809 36.96015167 71.68636322 58.08707809 37.23524475 71.68636322 58.08707809 36.96015167 71.68636322 58.27685547 34.03524399 71.76063538 58.29073715 33.70983124 71.96874237 58.30082703 33.44887161 72.26947021 58.30602646 33.30405045 72.6032486 58.30602646 33.30405045 72.90397644 58.30082703 33.44887161 73.11209106 58.29073715 33.70983124 73.18636322 58.27685547 34.03524399 73.18636322 58.06319046 37.23524475 72.6032486 57.99463654 37.96644211 72.26947021 57.99463654 37.96644211 71.96874237 58.00880051 37.82161713 71.8078537 58.02572632 37.6444931 71.76063538 58.0509491 37.5606575 72.90397644 58.00880051 37.82161713 73.11209106 58.03359222 37.5606575 70.92553711 58.25073624 34.99764633 70.88228607 58.24995804 34.58803177 70.91002655 58.25057602 34.57619095 70.99707794 58.24974442 34.59207153 70.96992493 58.25045776 34.57849503 70.94013977 58.25076675 34.57258224 70.47750854 58.19130325 35.57877731 70.63633728 58.22558975 35.02762604 70.8219986 58.24713516 34.64152908 71.07907867 58.24510193 34.67953491 71.21502686 58.22906876 34.96766663 71.39521027 58.19130325 35.57877731 14.68636036 58.27685547 34.03524399 14.76063538 58.29073715 33.70983124 14.96874332 58.30082703 33.44887161 15.26947117 58.30602646 33.30405045 15.60325146 58.30602646 33.30405045 15.9039793 58.30082703 33.44887161 16.11208916 58.29073715 33.70983124 16.18636131 58.27685547 34.03524399 16.18636131 58.06319046 37.23524475 15.60325146 57.99463654 37.96644211 15.26947117 57.99463654 37.96644211 14.96874332 58.00880051 37.82161713 15.9039793 58.00880051 37.82161713 16.11208916 58.03359222 37.5606575 20.68636131 58.27685547 34.03524399 20.78684235 58.29272461 33.6602478 20.90610504 58.29874039 33.50484085 21.06136131 58.30312729 33.38572693 21.24204636 58.30578613 33.31085587 21.43636131 58.30667877 33.28524399 21.63053131 58.30578995 33.3108139 21.81136131 58.30312729 33.38572693 21.96667862 58.29873657 33.50490189 22.08588028 58.29272461 33.6602478 22.18636131 58.27685547 34.03524399 22.18636131 58.06319046 37.23524475 21.60325241 57.99463654 37.96644211 21.26947021 57.99463654 37.96644211 20.96874428 58.00880051 37.82161713 20.76063347 58.03359222 37.5606575 20.68636131 58.06319046 37.23524475 21.90397835 58.00880051 37.82161713 22.11208725 58.03359222 37.5606575 23.68636131 58.27685547 34.03524399 23.78684235 58.29272461 33.6602478 23.90610504 58.29874039 33.50484085 24.06136131 58.30312729 33.38572693 24.24204636 58.30578613 33.31085587 24.43636131 58.30667877 33.28524399 24.63053131 58.30578995 33.3108139 24.81136131 58.30312729 33.38572693 24.96667862 58.29873657 33.50490189 25.08588028 58.29272461 33.6602478 25.18636131 58.27685547 34.03524399 25.18636131 58.06319046 37.23524475 24.60325241 57.99463654 37.96644211 24.26947021 57.99463654 37.96644211 23.96874428 58.00880051 37.82161713 23.76063538 58.03359222 37.5606575 23.68636131 58.06319046 37.23524475 24.90397835 58.00880051 37.82161713 25.11208725 58.03359222 37.5606575 26.68636131 58.27685547 34.03524399 26.78684235 58.29272461 33.6602478 26.90610695 58.29874039 33.50484085 27.06136131 58.30312729 33.38572693 27.24204445 58.30578613 33.31085587 27.43636131 58.30667877 33.28524399 27.63053131 58.30578995 33.3108139 27.81136131 58.30312729 33.38572693 27.96667862 58.29873657 33.50490189 28.08588028 58.29272461 33.6602478 28.18636131 58.27685547 34.03524399 28.18636131 58.06319046 37.23524475 27.6032505 57.99463654 37.96644211 27.26947021 57.99463654 37.96644211 26.96874237 58.00880051 37.82161713 26.76063538 58.03359222 37.5606575 26.68636131 58.06319046 37.23524475 27.90397835 58.00880051 37.82161713 28.11208916 58.03359222 37.5606575 29.68636131 58.27685547 34.03524399 29.78684044 58.29272461 33.6602478 29.90610504 58.29874039 33.50484085 30.06136131 58.30312729 33.38572693 30.24204636 58.30578613 33.31085587 30.43636131 58.30667877 33.28524399 30.63053131 58.30578995 33.3108139 30.81136131 58.30312729 33.38572693 30.96667862 58.29873657 33.50490189 31.08588028 58.29272461 33.6602478 31.18636131 58.27685547 34.03524399 31.18636131 58.06319046 37.23524475 30.60325241 57.99463654 37.96644211 30.26947021 57.99463654 37.96644211 29.96874428 58.00880051 37.82161713 29.76063347 58.03359222 37.5606575 29.68636131 58.06319046 37.23524475 30.90397835 58.00880051 37.82161713 31.11208916 58.03359222 37.5606575 32.68636322 58.27685547 34.03524399 32.78684235 58.29272461 33.6602478 32.90610504 58.29874039 33.50484085 33.06135941 58.30312729 33.38572693 33.24204636 58.30578613 33.31085587 33.43635941 58.30667877 33.28524399 33.63053131 58.30578995 33.3108139 33.81135941 58.30312729 33.38572693 33.96667862 58.29873657 33.50490189 34.08588028 58.29272461 33.6602478 34.18635941 58.27685547 34.03524399 34.18635941 58.06319046 37.23524475 33.60325241 57.99463654 37.96644211 33.26947021 57.99463654 37.96644211 32.96874237 58.00880051 37.82161713 32.76063538 58.03359222 37.5606575 32.68636322 58.06319046 37.23524475 33.90397644 58.00880051 37.82161713 34.11208725 58.03359222 37.5606575 35.68635941 58.27685547 34.03524399 35.78684235 58.29272461 33.6602478 35.90610504 58.29874039 33.50484085 36.06135941 58.30312729 33.38572693 36.24204636 58.30578613 33.31085587 36.43636322 58.30667877 33.28524399 36.63053131 58.30578995 33.3108139 36.81136322 58.30312729 33.38572693 36.96667862 58.29873657 33.50490189 37.08588028 58.29272461 33.6602478 37.18635941 58.27685547 34.03524399 37.18635941 58.06319046 37.23524475 36.60325241 57.99463654 37.96644211 36.26947021 57.99463654 37.96644211 35.96874237 58.00880051 37.82161713 35.76063538 58.03359222 37.5606575 35.68635941 58.06319046 37.23524475 36.90398026 58.00880051 37.82161713 37.11208725 58.03359222 37.5606575 38.68635941 58.27685547 34.03524399 38.78684235 58.29272461 33.6602478 38.90610504 58.29874039 33.50484085 39.06136322 58.30312729 33.38572693 39.24204636 58.30578613 33.31085587 39.43635941 58.30667877 33.28524399 39.63053131 58.30578995 33.3108139 39.81135941 58.30312729 33.38572693 39.96667862 58.29873657 33.50490189 40.08588028 58.29272461 33.6602478 40.18635941 58.27685547 34.03524399 40.18635941 58.06319046 37.23524475 39.60325241 57.99463654 37.96644211 39.26947021 57.99463654 37.96644211 38.96874237 58.00880051 37.82161713 38.76063538 58.03359222 37.5606575 38.68635941 58.06319046 37.23524475 39.90398026 58.00880051 37.82161713 40.11208725 58.03359222 37.5606575 41.68635941 58.27685547 34.03524399 41.78684235 58.29272461 33.6602478 41.90610504 58.29874039 33.50484085 42.06135941 58.30312729 33.38572693 42.24204636 58.30578613 33.31085587 42.43635941 58.30667877 33.28524399 42.63053131 58.30578995 33.3108139 42.81135941 58.30312729 33.38572693 42.96667862 58.29873657 33.50490189 43.08588028 58.29272461 33.6602478 43.18635941 58.27685547 34.03524399 43.18635941 58.06319046 37.23524475 42.60325241 57.99463654 37.96644211 42.26947021 57.99463654 37.96644211 41.96874237 58.00880051 37.82161713 41.76063538 58.03359222 37.5606575 41.68635941 58.06319046 37.23524475 42.90398026 58.00880051 37.82161713 43.11208725 58.03359222 37.5606575 44.68635941 58.27685547 34.03524399 44.78684235 58.29272461 33.6602478 44.90610504 58.29874039 33.50484085 45.06135941 58.30312729 33.38572693 45.24204636 58.30578613 33.31085587 45.43635941 58.30667877 33.28524399 45.63053131 58.30578995 33.3108139 45.81135941 58.30312729 33.38572693 45.96667862 58.29873657 33.50490189 46.08588028 58.29272461 33.6602478 46.18635941 58.27685547 34.03524399 46.18635941 58.06319046 37.23524475 45.90398026 58.00880051 37.82161713 45.60840607 57.99475479 37.96524429 45.60840607 58.04499817 37.96524429 44.96874237 58.00880051 37.82161713 44.76063538 58.03359222 37.5606575 44.68635941 58.06319046 37.23524475 45.26431656 57.99475479 37.96524429 45.26431656 58.04499817 37.96524429 45.43694305 58.04301834 37.98524475 46.11208725 58.03359222 37.5606575 47.68635941 58.27685547 34.03524399 47.78684235 58.29272461 33.6602478 47.90610504 58.29874039 33.50484085 48.06135941 58.30312729 33.38572693 48.24204636 58.30578613 33.31085587 48.43635941 58.30667877 33.28524399 48.63053131 58.30578995 33.3108139 48.81135941 58.30312729 33.38572693 48.96667862 58.29873657 33.50490189 49.08588028 58.29272461 33.6602478 49.18635941 58.27685547 34.03524399 49.18635941 58.06319046 37.23524475 48.60325241 57.99463654 37.96644211 48.26947021 57.99463654 37.96644211 47.96874237 58.00880051 37.82161713 47.76063538 58.03359222 37.5606575 47.68635941 58.06319046 37.23524475 48.90398026 58.00880051 37.82161713 49.11208725 58.03359222 37.5606575 50.68635941 58.27685547 34.03524399 50.78684235 58.29272461 33.6602478 50.90610504 58.29874039 33.50484085 51.06136322 58.30312729 33.38572693 51.24204636 58.30578613 33.31085587 51.43635941 58.30667877 33.28524399 51.63053131 58.30578995 33.3108139 51.81135941 58.30312729 33.38572693 51.96667862 58.29873657 33.50490189 52.08588028 58.29272461 33.6602478 52.18636322 58.27685547 34.03524399 52.18636322 58.06319046 37.23524475 51.60325241 57.99463654 37.96644211 51.26947021 57.99463654 37.96644211 50.96874237 58.00880051 37.82161713 50.76063538 58.03359222 37.5606575 50.68635941 58.06319046 37.23524475 51.90398026 58.00880051 37.82161713 52.11208725 58.03359222 37.5606575 53.68635941 58.27685547 34.03524399 53.78684235 58.29272461 33.6602478 53.90610504 58.29874039 33.50484085 54.06135941 58.30312729 33.38572693 54.24204636 58.30578613 33.31085587 54.43635941 58.30667877 33.28524399 54.63053131 58.30578995 33.3108139 54.81136322 58.30312729 33.38572693 54.96667862 58.29873657 33.50490189 55.08588028 58.29272461 33.6602478 55.18636322 58.27685547 34.03524399 55.18636322 58.06319046 37.23524475 54.60325241 57.99463654 37.96644211 54.26947021 57.99463654 37.96644211 53.96874237 58.00880051 37.82161713 53.76063538 58.03359222 37.5606575 53.68635941 58.06319046 37.23524475 54.90398026 58.00880051 37.82161713 55.11208725 58.03359222 37.5606575 56.68636322 58.27685547 34.03524399 56.78684235 58.29272461 33.6602478 56.90610504 58.29874039 33.50484085 57.06136322 58.30312729 33.38572693 57.24204636 58.30578613 33.31085587 57.43636322 58.30667877 33.28524399 57.63053131 58.30578995 33.3108139 57.81135941 58.30312729 33.38572693 57.96667862 58.29873657 33.50490189 58.08588028 58.29272461 33.6602478 58.18635941 58.27685547 34.03524399 58.18635941 58.06319046 37.23524475 57.60325241 57.99463654 37.96644211 57.26947021 57.99463654 37.96644211 56.96874237 58.00880051 37.82161713 56.76063538 58.03359222 37.5606575 56.68636322 58.06319046 37.23524475 57.90398026 58.00880051 37.82161713 58.11208725 58.03359222 37.5606575 59.68635941 58.27685547 34.03524399 59.78684235 58.29272461 33.6602478 59.90610504 58.29874039 33.50484085 60.06135941 58.30312729 33.38572693 60.24204636 58.30578613 33.31085587 60.43635941 58.30667877 33.28524399 60.63053131 58.30578995 33.3108139 60.81136322 58.30312729 33.38572693 60.96667862 58.29873657 33.50490189 61.08588028 58.29272461 33.6602478 61.18636322 58.27685547 34.03524399 61.18636322 58.06319046 37.23524475 60.60325241 57.99463654 37.96644211 60.26947021 57.99463654 37.96644211 59.96874237 58.00880051 37.82161713 59.76063538 58.03359222 37.5606575 59.68635941 58.06319046 37.23524475 60.90398026 58.00880051 37.82161713 61.11208725 58.03359222 37.5606575 62.68635941 58.27685547 34.03524399 62.78684235 58.29272461 33.6602478 62.90610504 58.29874039 33.50484085 63.06136322 58.30312729 33.38572693 63.24204636 58.30578613 33.31085587 63.43635941 58.30667877 33.28524399 63.63053131 58.30578995 33.3108139 63.81135941 58.30312729 33.38572693 63.96667862 58.29873657 33.50490189 64.08587646 58.29272461 33.6602478 64.18636322 58.27685547 34.03524399 64.18636322 58.06319046 37.23524475 63.60325241 57.99463654 37.96644211 63.26947021 57.99463654 37.96644211 62.96874237 58.00880051 37.82161713 62.76063538 58.03359222 37.5606575 62.68635941 58.06319046 37.23524475 63.90398026 58.00880051 37.82161713 64.11208344 58.03359222 37.5606575 65.68636322 58.27685547 34.03524399 65.78684235 58.29272461 33.6602478 65.90610504 58.29874039 33.50484085 66.06136322 58.30312729 33.38572693 66.24204254 58.30578613 33.31085587 66.43636322 58.30667877 33.28524399 66.63053131 58.30578995 33.3108139 66.81136322 58.30312729 33.38572693 66.9666748 58.29873657 33.50490189 67.08587646 58.29272461 33.6602478 67.18636322 58.27685547 34.03524399 67.18636322 58.06319046 37.23524475 66.6032486 57.99463654 37.96644211 66.26947021 57.99463654 37.96644211 65.96874237 58.00880051 37.82161713 65.76063538 58.03359222 37.5606575 65.68636322 58.06319046 37.23524475 66.90397644 58.00880051 37.82161713 67.11209106 58.03359222 37.5606575 74.68636322 58.27685547 34.03524399 74.78684235 58.29272461 33.6602478 74.90610504 58.29874039 33.50484085 75.06136322 58.30312729 33.38572693 75.24204254 58.30578613 33.31085587 75.43636322 58.30667877 33.28524399 75.63053131 58.30578995 33.3108139 75.81136322 58.30312729 33.38572693 75.96668243 58.29873657 33.50490189 76.08587646 58.29272461 33.6602478 76.18636322 58.27685547 34.03524399 76.18636322 58.06319046 37.23524475 75.6032486 57.99463654 37.96644211 75.26947021 57.99463654 37.96644211 74.96874237 58.00880051 37.82161713 74.76063538 58.03359222 37.5606575 74.68636322 58.06319046 37.23524475 75.90397644 58.00880051 37.82161713 76.11208344 58.03359222 37.5606575 17.68636131 58.27685547 34.03524399 17.78684044 58.29272461 33.6602478 17.90610504 58.29874039 33.50484085 18.06136131 58.30312729 33.38572693 18.24204636 58.30578613 33.31085587 18.43636131 58.30667877 33.28524399 18.63053131 58.30578995 33.3108139 18.81136131 58.30312729 33.38572693 18.96668053 58.29873657 33.50490189 19.08588028 58.29272461 33.6602478 19.18636131 58.27685547 34.03524399 19.18636131 58.06319046 37.23524475 17.68636131 58.06319046 37.23524475 18.60840797 58.04499817 37.96524429 18.90398026 58.00880051 37.82161713 18.60840797 57.99475479 37.96524429 19.11208725 58.03359222 37.5606575 18.47718811 58.04312897 37.98413086 18.41161156 58.03194809 37.98483658 17.76063347 58.03359222 37.5606575 17.96874428 58.00880051 37.82161713 18.26947212 57.99463654 37.96644211 18.34489822 57.99332809 37.97964859 77.93636322 35.18550491 37.8177681 77.93636322 35.00276947 35.51223373 80.20529938 35.21301651 35.51223373 77.93636322 59.51603317 37.8177681 77.93636322 59.26229477 40.11656952 80.12509918 59.05947876 40.11656952 77.93636322 58.54285431 44.68524551 79.99290466 58.35228729 44.68524551 81.97940826 57.78707886 44.68524551 82.23930359 58.45793915 40.11656952 83.82823181 56.86647034 44.68524551 84.20697021 57.47815323 40.11656952 85.47641754 55.62181854 44.68524551 85.96110535 56.15349579 40.11656952 86.867836 54.09550858 44.68524551 87.4419632 54.52906799 40.11656952 87.95510101 52.33951187 44.68524551 88.59912109 52.6601944 40.11656952 88.70119476 50.41362762 44.68524551 89.39317322 50.61051559 40.11656952 88.91339111 49.53423691 44.68524551 89.79707336 48.44982529 40.11656952 89.08070374 48.38344574 44.68524551 89.12844086 47.35076904 44.68524551 89.79707336 46.2517128 40.11656952 89.08070374 46.31809616 44.68524551 89.39317322 44.09102631 40.11656952 88.91339111 45.16730118 44.68524551 88.70119476 44.28791046 44.68524551 87.95510101 42.36203003 44.68524551 88.59912109 42.0413475 40.11656952 86.867836 40.60603333 44.68524551 87.4419632 40.17247009 40.11656952 85.47641754 39.07971954 44.68524551 85.96110535 38.54804611 40.11656952 83.82823181 37.83506775 44.68524551 84.20697021 37.22338486 40.11656952 81.97940826 36.91446304 44.68524551 82.23930359 36.24360275 40.11656952 79.99290466 36.34925461 44.68524551 80.12509918 35.64205933 40.11656952 77.93636322 36.15868759 44.68524551 77.93636322 35.43924332 40.11656952 77.93636322 59.69877243 35.51223373 80.20529938 59.48852539 35.51223373 82.39697266 58.86494064 35.51223373 84.43674469 57.84925461 35.51223373 86.25515747 56.47605515 35.51223373 87.79027557 54.79210281 35.51223373 88.98983765 52.85474777 35.51223373 89.81298828 50.7299614 35.51223373 90.23168945 48.49010086 35.51223373 90.23168945 46.21144104 35.51223373 89.81298828 43.97158051 35.51223373 88.98983765 41.84679031 35.51223373 87.79027557 39.90943527 35.51223373 86.25515747 38.22548676 35.51223373 84.43674469 36.85228729 35.51223373 82.39697266 35.83660126 35.51223373 56.26969528 59.51603317 37.8177681 56.26969528 58.54285431 44.68524551 34.60302734 59.51603317 37.8177681 34.60302734 58.54285431 44.68524551 12.93636227 58.54285431 44.68524551 12.93636227 59.26229477 40.11656952 12.93636227 59.51603317 37.8177681 12.93636227 59.69877243 35.51223373 10.66742229 59.48852539 35.51223373 10.7476244 35.64205933 40.11656952 10.87981987 36.34925461 44.68524551 8.89331627 36.91446304 44.68524551 11.63569546 34.92029953 31.23975754 8.63342094 58.45793915 40.11656952 6.66574907 57.47815323 40.11656952 4.91161776 56.15349579 40.11656952 3.43075895 54.52906799 40.11656952 2.27359819 52.6601944 40.11656952 1.47954869 50.61051559 40.11656952 1.07564533 48.44982529 40.11656952 1.07564533 46.2517128 40.11656952 1.47954869 44.09102631 40.11656952 2.27359819 42.0413475 40.11656952 3.43075895 40.17247009 40.11656952 4.91161776 38.54804611 40.11656952 6.66574907 37.22338486 40.11656952 8.63342094 36.24360275 40.11656952 10.66742229 35.21301651 35.51223373 11.63569546 59.78124237 31.23975754 7.04448795 37.83506775 44.68524551 5.39630413 39.07971954 44.68524551 4.00488567 40.60603333 44.68524551 2.91761875 42.36203003 44.68524551 2.17152882 44.28791046 44.68524551 1.95932889 45.16730118 44.68524551 1.79202235 46.31809616 44.68524551 1.74427903 47.35076904 44.68524551 1.79202235 48.38344574 44.68524551 1.95932889 49.53423691 44.68524551 2.17152882 50.41362762 44.68524551 2.91761875 52.33951187 44.68524551 4.00488567 54.09550858 44.68524551 5.39630413 55.62181854 44.68524551 7.04448795 56.86647034 44.68524551 8.89331627 57.78707886 44.68524551 10.87981987 58.35228729 44.68524551 10.7476244 59.05947876 40.11656952 65.43636322 35.89812469 43.22999954 65.43636322 36.15868759 44.68524551 87.34827423 45.28573227 51.32574463 86.68703461 43.31665421 51.32574463 87.62382507 43.3380928 48.02229691 87.57215118 47.35076904 51.32574463 88.22051239 45.30512619 48.02229691 77.93636322 57.83640289 48.02229691 77.93636322 56.98656082 51.32574463 78.50363159 56.96984863 51.32574463 79.98200989 57.63492584 48.02229691 80.55190277 56.62478638 51.32574463 81.94903564 57.0382309 48.02229691 81.62381744 56.25307846 51.32574463 82.4786377 55.84877777 51.32574463 83.76187134 56.06925583 48.02229691 83.28971863 55.36263657 51.32574463 85.35082245 54.76523209 48.02229691 84.19430542 54.67788315 51.32574463 86.65484619 53.17627716 48.02229691 85.61917877 53.16650772 51.32574463 87.62382507 51.3634491 48.02229691 86.68703461 51.3848877 51.32574463 88.22051239 49.39641571 48.02229691 87.34827423 49.41580963 51.32574463 88.42199707 47.35076904 48.02229691 86.65484619 41.52526474 48.02229691 85.61917877 41.53503036 51.32574463 85.35082245 39.936306 48.02229691 84.19430542 40.02365875 51.32574463 83.76187134 38.63228226 48.02229691 83.28971863 39.33890533 51.32574463 82.4786377 38.85276031 51.32574463 81.94903564 37.66330719 48.02229691 81.62381744 38.44845963 51.32574463 79.98200989 37.06661606 48.02229691 80.55190277 38.07675171 51.32574463 77.93636322 36.86513519 48.02229691 78.50363159 37.73169327 51.32574463 77.93636322 37.71498108 51.32574463 12.93636227 57.83640289 48.02229691 12.93636227 56.98656082 51.32574463 3.52445006 49.41580963 51.32574463 4.18568516 51.3848877 51.32574463 3.24889779 51.3634491 48.02229691 3.3005712 47.35076904 51.32574463 2.6522069 49.39641571 48.02229691 12.93636227 36.86513519 48.02229691 12.93636227 37.71498108 51.32574463 12.36909389 37.73169327 51.32574463 10.89071655 37.06661606 48.02229691 10.32081699 38.07675171 51.32574463 8.92368412 37.66330719 48.02229691 9.24890232 38.44845963 51.32574463 8.39408207 38.85276031 51.32574463 7.11085415 38.63228226 48.02229691 7.58300495 39.33890533 51.32574463 5.52189827 39.936306 48.02229691 6.67841482 40.02365875 51.32574463 4.21787548 41.52526474 48.02229691 5.25354719 41.53503036 51.32574463 3.24889779 43.3380928 48.02229691 4.18568516 43.31665421 51.32574463 2.6522069 45.30512619 48.02229691 3.52445006 45.28573227 51.32574463 2.45072818 47.35076904 48.02229691 4.21787548 53.17627716 48.02229691 5.25354719 53.16650772 51.32574463 5.52189827 54.76523209 48.02229691 6.67841482 54.67788315 51.32574463 7.11085415 56.06925583 48.02229691 7.58300495 55.36263657 51.32574463 8.92368412 57.0382309 48.02229691 8.39408207 55.84877777 51.32574463 9.24890232 56.25307846 51.32574463 10.89071655 57.63492584 48.02229691 10.32081699 56.62478638 51.32574463 12.36909389 56.96984863 51.32574463 25.43636131 36.45653534 46.18008423 25.47442055 36.49596786 46.36735916 25.58280754 36.52975082 46.52603912 25.74501801 36.55250549 46.63202667 25.93636131 36.56053162 46.66923523 64.93636322 36.56053162 46.66923523 65.12770081 36.55250549 46.63202667 65.43636322 36.45653534 46.18008423 65.39830017 36.49596786 46.36735916 65.28991699 36.52975082 46.52603912 77.93636322 37.7452507 51.38254929 77.93636322 37.74317551 51.38005829 78.50196838 37.7598381 51.38005829 78.49512482 37.87586975 51.43524551 78.4986496 37.81606674 51.42276382 80.52896118 38.15810013 51.42276382 80.51270294 38.21575928 51.43524551 82.438797 38.92730331 51.42276382 82.41055298 38.98013687 51.43524551 84.13941193 40.08792877 51.42276382 84.10050964 40.13348389 51.43524551 85.55178833 41.58604431 51.42276382 85.50402069 41.62220383 51.43524551 86.6102829 43.35203934 51.42276382 86.55587769 43.37712097 51.43524551 87.26571655 45.30384445 51.42276382 87.2071991 45.31668472 51.43524551 87.48762512 47.35076904 51.42276382 87.42771912 47.35076904 51.43524551 87.26571655 49.39769363 51.42276382 87.2071991 49.38485718 51.43524551 86.6102829 51.34950256 51.42276382 86.55587769 51.32442093 51.43524551 85.55178833 53.11549377 51.42276382 85.50402069 53.07933807 51.43524551 84.13941193 54.61361313 51.42276382 84.10050964 54.56805801 51.43524551 82.438797 55.77423859 51.42276382 82.41055298 55.72140503 51.43524551 80.52896118 56.54343796 51.42276382 80.51270294 56.48577881 51.43524551 78.4986496 56.88547134 51.42276382 78.49512482 56.82566833 51.43524551 77.93636322 56.84213257 51.43524551 77.93636322 56.90203857 51.42276382 77.93636322 56.90499878 51.42143631 77.93636322 56.9562912 51.38254929 77.93636322 56.95836639 51.38005829 78.50196838 56.9417038 51.38005829 80.54425049 56.59765244 51.38005829 82.46535492 55.82391357 51.38005829 84.17599487 54.65644455 51.38005829 85.59669495 53.14949036 51.38005829 86.66143036 51.37308502 51.38005829 87.32073212 49.40976715 51.38005829 87.54396057 47.35076904 51.38005829 87.32073212 45.29177475 51.38005829 86.66143036 43.32845688 51.38005829 85.59669495 41.55204773 51.38005829 84.17599487 40.04509735 51.38005829 82.46535492 38.87762451 51.38005829 80.54425049 38.10388947 51.38005829 77.93636322 37.85940933 51.43524551 77.93636322 37.79949951 51.42276382 77.93636322 37.79654312 51.42143631 12.93636227 56.84213257 51.43524551 12.93636227 56.90203857 51.42276382 12.93636227 56.90499878 51.42143631 12.93636227 56.95836639 51.38005829 12.93636227 56.9562912 51.38254929 12.3707552 56.9417038 51.38005829 12.37759876 56.82566833 51.43524551 12.37407112 56.88547134 51.42276382 10.34376144 56.54343796 51.42276382 10.36002254 56.48577881 51.43524551 8.43392467 55.77423859 51.42276382 8.46216583 55.72140503 51.43524551 6.73330688 54.61361313 51.42276382 6.77221394 54.56805801 51.43524551 5.32093763 53.11549377 51.42276382 5.36870337 53.07933807 51.43524551 4.26244116 51.34950256 51.42276382 4.31684542 51.32442093 51.43524551 3.60700607 49.39769363 51.42276382 3.66552305 49.38485718 51.43524551 3.3850944 47.35076904 51.42276382 3.44500065 47.35076904 51.43524551 3.60700607 45.30384445 51.42276382 3.66552305 45.31668472 51.43524551 4.26244116 43.35203934 51.42276382 4.31684542 43.37712097 51.43524551 5.32093763 41.58604431 51.42276382 5.36870337 41.62220383 51.43524551 6.73330688 40.08792877 51.42276382 6.77221394 40.13348389 51.43524551 8.43392467 38.92730331 51.42276382 8.46216583 38.98013687 51.43524551 10.34376144 38.15810013 51.42276382 10.36002254 38.21575928 51.43524551 12.37407112 37.81606674 51.42276382 12.37759876 37.87586975 51.43524551 12.93636227 37.85940933 51.43524551 12.93636227 37.79949951 51.42276382 12.93636227 37.79654312 51.42143631 12.93636227 37.7452507 51.38254929 12.93636227 37.74317551 51.38005829 12.3707552 37.7598381 51.38005829 10.32846928 38.10388947 51.38005829 8.40737057 38.87762451 51.38005829 6.69672489 40.04509735 51.38005829 5.27602577 41.55204773 51.38005829 4.21128941 43.32845688 51.38005829 3.55198741 45.29177475 51.38005829 3.3287642 47.35076904 51.38005829 3.55198741 49.40976715 51.38005829 4.21128941 51.37308502 51.38005829 5.27602577 53.14949036 51.38005829 6.69672489 54.65644455 51.38005829 8.40737057 55.82391357 51.38005829 10.32846928 56.59765244 51.38005829 84.49344635 42.5867691 51.43524551 85.64467621 44.84618759 51.43524551 86.04135895 47.35076904 51.43524551 85.64467621 49.85535431 51.43524551 6.37927771 52.11476898 51.43524551 5.22804737 49.85535431 51.43524551 4.83135986 47.35076904 51.43524551 5.22804737 44.84618759 51.43524551 82.70036316 40.79368591 51.43524551 84.49344635 52.11476898 51.43524551 82.70036316 53.90785217 51.43524551 10.43177891 39.64245605 51.43524551 8.17236042 40.79368591 51.43524551 6.37927771 42.5867691 51.43524551 8.17236042 53.90785217 51.43524551 80.44094086 55.05908203 51.43524551 77.93636322 39.2457695 51.43524551 80.44094086 39.64245605 51.43524551 12.93636227 39.2457695 51.43524551 12.93636227 55.45576859 51.43524551 10.43177891 55.05908203 51.43524551 77.93636322 55.45576859 51.43524551 12.93636227 55.45576859 50.63024521 77.93636322 55.45576859 50.63024521 10.43177891 55.05908203 50.63024521 8.17236042 53.90785217 50.63024521 6.37927771 52.11476898 50.63024521 5.22804737 49.85535431 50.63024521 4.83135986 47.35076904 50.63024521 5.22804737 44.84618759 50.63024521 6.37927771 42.5867691 50.63024521 8.17236042 40.79368591 50.63024521 10.43177891 39.64245605 50.63024521 12.93636227 39.2457695 50.63024521 77.93636322 39.2457695 50.63024521 80.44094086 39.64245605 50.63024521 82.70036316 40.79368591 50.63024521 84.49344635 42.5867691 50.63024521 85.64467621 44.84618759 50.63024521 86.04135895 47.35076904 50.63024521 85.64467621 49.85535431 50.63024521 84.49344635 52.11476898 50.63024521 82.70036316 53.90785217 50.63024521 80.44094086 55.05908203 50.63024521 72.43636322 58.27685547 34.03524399 72.5775528 58.03658295 37.52848816 70.93636322 58.08707809 36.96015167 69.29516602 58.03658295 37.52848816 69.43636322 58.27685547 34.03524399 15.43636227 58.27685547 34.03524399 15.57755184 58.03658295 37.52848816 13.93636036 58.19130325 35.57877731 13.85916519 58.04839706 37.39990234 18.34489822 57.99475479 37.96524429 18.43636131 58.27685547 34.03524399 75.43636322 58.06319046 37.23524475 75.06136322 58.29272461 33.66028214 75.81136322 58.29272461 33.66028214 66.43636322 58.06319046 37.23524475 66.06136322 58.29272461 33.66028214 66.81136322 58.29272461 33.66028214 63.43635941 58.06319046 37.23524475 63.06136322 58.29272461 33.66028214 63.81135941 58.29272461 33.66028214 60.43635941 58.06319046 37.23524475 60.06135941 58.29272461 33.66028214 60.81136322 58.29272461 33.66028214 57.43636322 58.06319046 37.23524475 57.06136322 58.29272461 33.66028214 57.81135941 58.29272461 33.66028214 54.43635941 58.06319046 37.23524475 54.06135941 58.29272461 33.66028214 54.81136322 58.29272461 33.66028214 51.43635941 58.06319046 37.23524475 51.06136322 58.29272461 33.66028214 51.81135941 58.29272461 33.66028214 48.43635941 58.06319046 37.23524475 48.06135941 58.29272461 33.66028214 48.81135941 58.29272461 33.66028214 45.43635941 58.27685547 34.03524399 42.43635941 58.06319046 37.23524475 42.06135941 58.29272461 33.66028214 42.81135941 58.29272461 33.66028214 39.43635941 58.06319046 37.23524475 39.06136322 58.29272461 33.66028214 39.81135941 58.29272461 33.66028214 36.43636322 58.06319046 37.23524475 36.06135941 58.29272461 33.66028214 36.81136322 58.29272461 33.66028214 33.43635941 58.06319046 37.23524475 33.06135941 58.29272461 33.66028214 33.81135941 58.29272461 33.66028214 30.43636131 58.06319046 37.23524475 30.06136131 58.29272461 33.66028214 30.81136131 58.29272461 33.66028214 27.43636131 58.06319046 37.23524475 27.06136131 58.29272461 33.66028214 27.81136131 58.29272461 33.66028214 24.43636131 58.06319046 37.23524475 24.06136131 58.29272461 33.66028214 24.81136131 58.29272461 33.66028214 21.43636131 58.06319046 37.23524475 21.06136131 58.29272461 33.66028214 21.81136131 58.29272461 33.66028214 18.41122627 58.03375244 37.96524429 18.47718811 58.04499817 37.96524429 49.64226151 35.44667053 31.5897522 49.65808868 35.44667053 30.98524475 41.21463394 35.44667053 30.98524475 41.23046112 35.44667053 31.5897522 10.70490932 59.0680542 34.61542892 10.63680077 59.05564117 34.72540283 10.23322487 58.97361755 35.17644119 11.60389328 59.19406128 30.66578293 11.28010559 59.15672302 30.88179207 11.06316757 59.12665939 31.20541954 10.98636246 59.11503983 31.5897522 10.98636246 59.11503983 33.56524658 10.8963747 59.10077286 34.17338943 9.93541718 58.90368271 35.38444138 9.72455502 58.84924698 35.49071503 8.88636112 58.5912056 35.66524506 11.60308456 35.50756073 30.66611671 11.27963638 35.54487991 30.88226318 11.06283188 35.57492828 31.20622253 10.98636246 35.58649826 31.5897522 10.98636246 35.58649826 33.56524658 10.89739895 35.6006012 34.17000198 10.45184326 35.6816864 34.96498108 9.72455502 35.85229492 35.49071503 8.88636112 36.11033249 35.66524506 6.85351467 37.04151917 35.66524506 6.85351467 57.66002274 35.66524506 4.38809538 55.76823807 35.66524506 2.49631095 53.3028183 35.66524506 1.30708647 50.43177795 35.66524506 0.90146565 47.35076904 35.66524506 1.30708647 44.26976395 35.66524506 2.49631095 41.39871979 35.66524506 4.38809538 38.93330002 35.66524506 41.36275864 34.85076904 36.64191437 41.7986145 34.85076904 38.37166595 42.93154526 34.85076904 39.74951553 44.54445267 34.85076904 40.51144028 46.32826996 34.85076904 40.51144028 47.94117737 34.85076904 39.74951553 49.07410812 34.85076904 38.37166595 49.50996399 34.85076904 36.64191437 47.02386093 44.35076904 33.78561401 45.43635941 44.35076904 33.36024475 46.25811005 35.35076904 33.46842957 47.02386093 35.35076904 33.78561401 47.681427 35.35076904 34.29018021 48.18599319 44.35076904 34.94774628 48.18599319 35.35076904 34.94774628 48.50317383 35.35076904 35.71349335 48.61136246 44.35076904 36.53524399 48.61136246 35.35076904 36.53524399 48.50317383 35.35076904 37.35699463 48.18599319 44.35076904 38.12274551 48.18599319 35.35076904 38.12274551 47.681427 35.35076904 38.78030777 47.02386093 44.35076904 39.28487396 47.02386093 35.35076904 39.28487396 46.25811005 35.35076904 39.60205841 45.43635941 44.35076904 39.71024323 45.43635941 35.35076904 39.71024323 44.61461258 35.35076904 39.60205841 43.84886169 44.35076904 39.28487396 43.84886169 35.35076904 39.28487396 43.19129562 35.35076904 38.78030777 42.68672943 44.35076904 38.12274551 42.68672943 35.35076904 38.12274551 42.36954498 35.35076904 37.35699463 42.26136017 44.35076904 36.53524399 42.26136017 35.35076904 36.53524399 42.36954498 35.35076904 35.71349335 42.68672943 44.35076904 34.94774628 42.68672943 35.35076904 34.94774628 43.19129562 35.35076904 34.29018021 43.84886169 44.35076904 33.78561401 43.84886169 35.35076904 33.78561401 44.61461258 35.35076904 33.46842957 45.43635941 35.35076904 33.36024475 49.65808868 34.85076904 30.98524475 41.21463394 34.85076904 30.98524475 4.95382881 52.77576828 35.3506012 4.15909767 53.2346077 34.43292236 5.41136169 53.23330307 35.3506012 4.95252132 54.02803421 34.43292236 6.03636122 53.40076828 35.3506012 6.03636122 54.31844711 34.43292236 6.66136026 53.23330307 35.3506012 7.12020063 54.02803421 34.43292236 7.11889315 52.77576828 35.3506012 7.91362429 53.2346077 34.43292236 7.28635979 52.15077209 35.3506012 8.20404053 52.15077209 34.43292236 7.11889315 51.52576828 35.3506012 7.91362429 51.06693268 34.43292236 6.66136026 51.0682373 35.3506012 7.12020063 50.27350616 34.43292236 6.03636122 50.90076828 35.3506012 6.03636122 49.98309326 34.43292236 5.41136169 51.0682373 35.3506012 4.95252132 50.27350616 34.43292236 4.95382881 51.52576828 35.3506012 4.15909767 51.06693268 34.43292236 4.78636217 52.15077209 35.3506012 3.86868167 52.15077209 34.43292236 4.95382881 43.17576981 35.38595581 4.14378691 43.64344788 34.45059967 5.41136169 43.63330078 35.38595581 4.94368505 44.44334412 34.45059967 6.03636122 43.80076981 35.38595581 6.03636122 44.73612595 34.45059967 6.66136026 43.63330078 35.38595581 7.12903738 44.44334412 34.45059967 7.11889315 43.17576981 35.38595581 7.92893505 43.64344788 34.45059967 7.28635979 42.55076981 35.38595581 8.22171688 42.55076981 34.45059967 7.11889315 41.92576981 35.38595581 7.92893505 41.45809174 34.45059967 6.66136026 41.46823883 35.38595581 7.12903738 40.6581955 34.45059967 6.03636122 41.30076981 35.38595581 6.03636122 40.36541367 34.45059967 5.41136169 41.46823883 35.38595581 4.94368505 40.6581955 34.45059967 4.95382881 41.92576981 35.38595581 4.14378691 41.45809174 34.45059967 4.78636217 42.55076981 35.38595581 3.85100532 42.55076981 34.45059967 7.89831686 53.22576904 34.41524506 7.11136055 54.01272583 34.41524506 6.03636122 54.30076981 34.41524506 4.96136141 54.01272583 34.41524506 4.1744051 53.22576904 34.41524506 3.88636184 52.15077209 34.41524506 4.1744051 51.07577133 34.41524506 4.96136141 50.28881454 34.41524506 6.03636122 50.00077057 34.41524506 7.11136055 50.28881454 34.41524506 7.89831686 51.07577133 34.41524506 8.18636036 52.15077209 34.41524506 7.89831686 43.62577057 34.41524506 7.11136055 44.41272354 34.41524506 6.03636122 44.70077133 34.41524506 4.96136141 44.41272354 34.41524506 4.1744051 43.62577057 34.41524506 3.88636184 42.55076981 34.41524506 4.1744051 41.47576904 34.41524506 4.96136141 40.68881607 34.41524506 6.03636122 40.40077209 34.41524506 7.11136055 40.68881607 34.41524506 7.89831686 41.47576904 34.41524506 8.18636036 42.55076981 34.41524506 4.08780336 53.27577209 34.31524658 4.91136074 54.09932709 34.31524658 6.03636122 54.40077209 34.31524658 7.16136169 54.09932709 34.31524658 7.98491907 53.27577209 34.31524658 8.28636169 52.15077209 34.31524658 7.98491907 51.02576828 34.31524658 7.16136169 50.20221329 34.31524658 6.03636122 49.90076828 34.31524658 4.91136074 50.20221329 34.31524658 4.08780336 51.02576828 34.31524658 3.78636026 52.15077209 34.31524658 4.08780336 43.67576981 34.31524658 4.91136074 44.49932861 34.31524658 6.03636122 44.80076981 34.31524658 7.16136169 44.49932861 34.31524658 7.98491907 43.67576981 34.31524658 8.28636169 42.55076981 34.31524658 7.98491907 41.42576981 34.31524658 7.16136169 40.60221481 34.31524658 6.03636122 40.30076981 34.31524658 4.91136074 40.60221481 34.31524658 4.08780336 41.42576981 34.31524658 3.78636026 42.55076981 34.31524658 1.9569931 42.02094269 34.31524658 8.88636112 58.86385345 34.31524658 8.88636112 35.83768463 34.31524658 3.09414911 40.13381195 34.31524658 4.55206394 38.48188019 34.31524658 6.28322124 37.11898804 34.31524658 8.23120499 36.0895462 34.31524658 1.17765117 50.61977005 34.31524658 1.9569931 52.68059921 34.31524658 3.09414911 54.56772995 34.31524658 4.55206394 56.2196579 34.31524658 6.28322124 57.58255386 34.31524658 8.23120499 58.6119957 34.31524658 0.78152621 46.24913788 34.31524658 0.78152621 48.45240402 34.31524658 1.17765117 44.08177185 34.31524658 9.55973339 59.15511703 33.895504 9.4720993 59.11639023 34.03365707 9.473876 59.19039536 34.05523682 9.78577232 59.39188766 33.57279968 9.71264172 59.3586998 33.87974167 9.7129879 59.35749054 33.93579102 9.55205536 59.30097961 34.14787674 9.50394726 59.28498459 34.24570847 9.29477215 59.21214676 34.35073471 9.19064999 59.17993546 34.45263672 8.98553562 59.10203171 34.44553375 8.82007694 59.05228043 34.52534103 8.99989986 58.99496841 34.3220253 9.02114201 58.92332077 34.30303574 9.00320816 58.91547394 34.30608749 8.82324314 59.04328156 34.45341492 8.98650742 59.06058121 34.3725853 8.83826351 59.00058746 34.37743759 8.8626833 58.93116379 34.32840347 9.14972401 58.97901154 34.26748276 9.1335001 59.05112457 34.28944397 9.27100086 59.03079987 34.20910263 9.26064873 59.103508 34.23260498 9.33191681 59.05665207 34.1685524 9.37463474 59.14992142 34.15427017 9.13048649 59.1171608 34.34112167 9.26846027 59.17008591 34.28306961 9.39290714 59.21709061 34.20111465 9.60517025 59.2465744 33.826828 9.59433365 59.17153168 33.81278229 9.50183487 59.25816345 34.09605408 9.6469202 59.31528854 33.85082626 9.72765446 59.36628723 33.57180023 9.67811966 59.32075119 33.57002258 9.65122604 59.27414322 33.56819916 9.64650631 59.26137543 33.56769943 9.63636208 59.19853973 33.56524658 8.8626833 35.77037811 34.32840347 8.20370102 36.02371216 34.32840347 6.24432898 37.05916977 34.32840347 4.50304651 38.43003082 34.32840347 3.03660822 40.09161758 34.32840347 1.8928026 41.98978043 34.32840347 1.10890841 44.06266022 34.32840347 0.71046627 46.24269485 34.32840347 0.71046627 48.45884323 34.32840347 1.10890841 50.63888168 34.32840347 1.8928026 52.71175766 34.32840347 3.03660822 54.6099205 34.32840347 4.50304651 56.27150726 34.32840347 6.24432898 57.64236832 34.32840347 8.20370102 58.67782974 34.32840347 8.1541996 58.79629898 34.52534103 8.15788078 58.78749466 34.45341492 6.17953873 57.74200821 34.45341492 6.17433453 57.75000763 34.52534103 4.42139912 56.35787582 34.45341492 4.41484261 56.36481094 34.52534103 2.94076395 54.68020248 34.45341492 2.93306756 54.68584442 34.52534103 1.78588307 52.76366043 34.45341492 1.7773 52.7678299 34.52534103 0.99439675 50.67071533 34.45341492 0.98520273 50.67327118 34.52534103 0.59209889 48.46957397 34.45341492 0.58259571 48.47043228 34.52534103 0.59209889 46.23196793 34.45341492 0.58259571 46.2311058 34.52534103 0.99439675 44.03082657 34.45341492 0.98520273 44.02827072 34.52534103 1.78588307 41.93787766 34.45341492 1.7773 41.93371201 34.52534103 2.94076395 40.02133942 34.45341492 2.93306756 40.01569748 34.52534103 4.42139912 38.34366226 34.45341492 4.41484261 38.33673096 34.52534103 6.17953873 36.95952988 34.45341492 6.17433453 36.95153046 34.52534103 8.15788078 35.91404724 34.45341492 8.1541996 35.90524292 34.52534103 8.82324314 35.65826035 34.45341492 8.82007694 35.64925766 34.52534103 8.83826351 35.70095062 34.37743759 8.17532635 35.95580292 34.37743759 6.2042079 36.99747086 34.37743759 4.45249081 38.37655258 34.37743759 2.97726083 40.04809952 34.37743759 1.82659674 41.9576416 34.37743759 1.0380013 44.04294586 34.37743759 0.63717121 46.23605347 34.37743759 0.63717121 48.46548843 34.37743759 1.0380013 50.65859222 34.37743759 1.82659674 52.74389648 34.37743759 2.97726083 54.65343857 34.37743759 4.45249081 56.32498932 34.37743759 6.2042079 57.70406723 34.37743759 8.17532635 58.74573517 34.37743759 9.63292408 35.50775146 33.63698578 9.63636208 35.50300217 33.56524658 9.64650631 35.44016647 33.56769943 9.25726223 35.49916077 34.42248154 8.99730778 35.59520721 34.44411087 9.67811966 35.3807869 33.57002258 9.69329643 35.36355209 33.65802765 9.69855595 35.35816574 33.57090378 9.72765446 35.33525085 33.57180023 9.76420689 35.31987762 33.6682663 9.64668846 35.43268204 33.64857101 9.58966255 35.53230667 33.8257637 9.5649147 35.47296906 33.91841125 9.55702877 35.54766083 33.90095901 9.40550613 35.53907013 34.12722397 9.41542244 35.60942841 34.0968399 9.52481937 35.56214142 33.95877838 9.60229111 35.40457153 33.94948578 9.66317749 35.36136246 33.9877739 9.42673302 35.47172165 34.17254639 9.46913433 35.42917252 34.23113251 9.29726028 35.5205307 34.26692581 9.16939735 35.53337479 34.40437317 9.15434742 35.57514572 34.33317566 8.99727058 35.63667679 34.37117004 9.00992107 35.70231247 34.32044983 9.03083134 35.77399063 34.30120087 9.15555 35.64126587 34.28153229 9.17083168 35.71347427 34.25920486 9.28708267 35.58723831 34.21705627 9.26119232 35.6749115 34.21486282 9.40793133 35.61261749 34.10419083 9.78577232 35.30965424 33.57279968 9.76754093 35.32191467 33.75796509 9.59683704 35.38513947 34.13935471 10.98636246 35.05771255 33.56524658 10.82650661 35.11925888 34.36888123 10.37128353 35.24347687 35.05016708 9.68999577 35.43670273 35.50539017 8.88636112 35.69633102 35.66524506 4.79978466 38.07582855 35.66524506 1.09098983 50.80266953 35.66524506 8.79817581 35.72735214 35.66524506 6.68765736 36.71205902 35.66524506 1.95068622 52.96712112 35.66524506 3.20180631 54.93145752 35.66524506 4.7997694 56.62569809 35.66524506 0.65334642 48.51522446 35.66524506 0.65334642 46.18629074 35.66524506 1.09099722 43.89884949 35.66524506 1.95069742 41.7344017 35.66524506 3.20181751 39.77006149 35.66524506 6.68763876 57.98946762 35.66524506 8.79815388 58.97418213 35.66524506 8.88636112 59.00520706 35.66524506 9.42567444 59.18365097 35.59481049 9.93636036 59.33712006 35.38389969 10.36968613 59.45763016 35.05176544 10.70501423 59.54815674 34.61524582 10.98636246 59.64382935 33.56524658 10.91396904 59.6092186 34.11187363 9.72765446 59.40697479 32.19585037 9.78586578 59.43261337 32.19636536 9.78595543 59.44721222 30.81940651 9.67811966 59.36141586 32.19493484 9.63636208 59.23913193 32.19248199 9.64650631 59.30200577 32.19374466 9.72765446 59.42154694 30.8193779 9.67811966 59.37597656 30.81932831 9.64650631 59.31655502 30.81926346 9.63636208 59.25366592 30.81919479 9.72765446 35.27999496 30.81952477 9.78595543 35.25432968 30.81955147 9.78586578 35.26892853 32.19643784 9.63636208 35.46240997 32.19255447 9.63636208 35.44787216 30.81933975 9.64650631 35.38498688 30.81940842 9.67811966 35.34012604 32.19501114 9.64650631 35.39953613 32.19381714 9.67811966 35.32556534 30.81947327 9.72765446 35.29456711 32.19592285 9.72927856 35.30300903 30.67226982 9.78837299 35.27908707 30.6642189 9.72927856 35.28498077 30.74487495 9.67888641 35.33000565 30.75223732 9.67888641 35.34624863 30.68681717 9.6466856 35.38908768 30.76189804 9.6466856 35.40298843 30.70591164 9.63636208 35.45168304 30.77213287 9.63636208 35.46310425 30.72613907 10.98636246 35.00868225 31.5897522 10.98636246 59.69285583 31.5897522 11.06248188 59.70804214 31.20706749 11.34882259 59.7495079 30.81933212 11.34884453 34.95203018 30.81931305 11.06248188 34.99349976 31.20706749 9.63636208 59.24985504 30.77198219 9.6466856 59.31245422 30.76174545 9.67888641 59.37153625 30.75208092 9.72927856 59.41656113 30.74471855 9.78838062 59.42245102 30.66406059 9.70981026 59.38521194 30.67659187 9.67888641 59.35528946 30.68666267 9.65565205 59.31965637 30.69865417 9.63636208 59.23843384 30.72598839 9.63636208 51.82077026 30.76524544 9.63636208 54.15795135 30.88524628 9.63636208 51.82077026 30.20524597 9.63636208 54.05076981 30.48524475 9.63636208 51.64660263 29.55524445 9.63636208 55.54359055 30.88524628 9.63636208 55.25077057 31.17806435 9.63636208 54.85076904 31.2852459 9.63636208 40.25077057 31.17806435 9.63636208 39.85076904 31.2852459 9.63636208 44.18077087 32.06524277 9.63636208 50.52077103 32.06524277 9.63636208 51.17076874 31.89107704 9.63636208 51.64660263 31.41524506 9.63636208 54.45077133 31.17806435 9.63636208 39.45077133 31.17806435 9.63636208 39.15795135 30.88524628 9.63636208 55.65076828 30.48524475 9.63636208 59.01535797 30.1017437 9.63636208 58.56250763 29.15985107 9.63636208 55.54359055 30.08524513 9.63636208 35.73374939 29.98299408 9.63636208 39.05076981 30.48524475 9.63636208 36.07381058 29.27348137 9.63636208 39.15795135 30.08524513 9.63636208 36.9712944 28.07709694 9.63636208 38.1050148 27.20997429 9.63636208 39.45077133 29.79242516 9.63636208 38.79471207 26.89300537 9.63636208 51.17076874 29.07941246 9.63636208 54.15795135 30.08524513 9.63636208 54.45077133 29.79242516 9.63636208 43.53076935 31.89107704 9.63636208 43.05493546 31.41524506 9.63636208 40.54359055 30.88524628 9.63636208 42.88077164 30.76524544 9.63636208 40.65077209 30.48524475 9.63636208 42.88077164 30.20524597 9.63636208 40.54359055 30.08524513 9.63636208 43.05493546 29.55524445 9.63636208 40.25077057 29.79242516 9.63636208 39.85076904 29.68524551 9.63636208 39.52644348 26.69151306 9.63636208 41.07462692 26.58524513 9.63636208 58.13079834 28.52939796 9.63636208 57.62859344 27.97690773 9.63636208 55.25077057 29.79242516 9.63636208 43.53076935 29.07941246 9.63636208 44.18077087 28.90524483 9.63636208 53.62691498 26.58524513 9.63636208 50.52077103 28.90524483 9.63636208 56.83327103 27.35130882 9.63636208 56.4129982 27.11210442 9.63636208 54.85076904 29.68524551 9.63636208 55.08798218 26.67557335 9.63636208 55.32922363 26.72356033 9.78815651 35.4779892 30.10213089 9.76407242 35.56118774 29.91230392 9.78947926 35.93725204 29.12014771 9.76407242 35.91109085 29.18239975 9.79282856 36.54870605 28.24882126 9.76407242 36.83878708 27.94588852 9.79478741 36.84703064 27.92460823 9.79724312 37.19361496 27.60503197 9.76407242 38.01387405 27.04728699 9.80431366 38.02216339 27.0301342 9.76407242 38.73080826 26.71781731 9.81406212 38.90580368 26.64486122 9.76407242 39.49133301 26.50836945 9.82125187 39.47227859 26.49886322 9.82706356 39.92905045 26.42961502 9.76407242 41.07462692 26.39876747 9.83636189 41.07462692 26.38524628 9.6505785 35.66521454 29.95491791 9.6505785 36.00918579 29.2373085 9.6505785 36.91866684 28.02498627 9.6505785 38.06881714 27.14536095 9.6505785 38.76933289 26.8234272 9.6505785 39.51250076 26.61877441 9.6631546 41.07462692 26.48524475 9.69564342 35.60223389 29.92911911 9.69564342 35.94979477 29.20406532 9.69564342 36.87030411 27.97709846 9.69564342 38.03555298 27.08598328 9.69564342 38.74600983 26.75948715 9.69564342 39.49968719 26.55193138 9.73636055 41.07462692 26.41204071 11.37507439 34.9734726 30.66394997 11.60829258 34.94628143 30.66397285 53.1619873 58.94835663 28.72066307 52.68635559 58.90711212 28.65908813 52.68635559 58.92389297 28.70552826 54.48222733 59.5790863 29.9573555 54.43201447 59.5267868 29.82616425 54.52574921 59.6342659 30.10318375 54.51916885 59.6628952 30.19214249 54.54505539 59.66440201 30.1860714 54.4922905 59.65335846 30.20128059 54.47014236 59.6363945 30.21207619 54.45519257 59.61462784 30.22306442 54.44789505 59.59135818 30.23296356 54.33895874 59.45517349 29.8954792 54.16757584 59.31280518 29.5880394 53.44057846 58.96133041 28.97809029 52.93543625 58.8837738 28.82072258 54.17934036 59.35731506 29.55905724 54.17012024 59.33580017 29.57549477 54.34397888 59.47825623 29.8838768 54.19537735 59.37408066 29.54017067 54.21654892 59.38350296 29.52120209 54.25266266 59.3824501 29.4968586 53.68166351 59.09233093 29.0810585 53.67824173 59.07039642 29.0990963 53.94776917 59.19813538 29.31468773 53.94743347 59.17502975 29.32728577 53.17874908 58.94251633 28.85411072 53.17803574 58.91981506 28.87149811 53.43874359 58.98517609 28.96709824 53.67950821 59.04694748 29.11098671 53.71880341 59.12039185 29.00876617 53.18830872 58.97014618 28.80265045 53.70329285 59.11903 29.03286552 53.18226242 58.96020508 28.83024406 53.6902771 59.10942078 29.05806732 53.73461533 59.11474228 28.98833656 53.20409393 58.96570969 28.75055885 53.19596863 58.97155762 28.77503395 52.68635941 58.87221527 28.80305672 52.68635941 58.8950386 28.78599548 52.68635559 58.92259598 28.73399353 52.68635559 58.91272736 28.76206589 54.17947006 59.33404541 29.39601135 53.71849442 59.1038208 28.96923637 45.43635941 58.87216568 28.80305481 45.43635941 58.89499283 28.78599358 45.43635941 58.91268158 28.76206398 45.43635941 58.92254639 28.73399162 45.43635941 58.92384338 28.70552635 45.43635941 58.90705872 28.65908623 41.81136322 58.87216568 28.80305481 41.81136322 58.89498901 28.78599358 41.81136322 58.91267776 28.76206398 41.81136322 58.92254257 28.73399162 41.81136322 58.92384338 28.70552635 41.81136322 58.90705872 28.65908623 38.18636322 58.87221909 28.80305481 38.18636322 58.89504242 28.78599358 38.18636703 58.91273117 28.76206398 38.18636703 58.92259598 28.73399162 38.18636703 58.92389297 28.70552635 38.18636703 58.90711212 28.65908813 37.40750122 58.97004318 28.98940277 36.41814041 59.60413361 30.26395798 36.41042328 59.62727737 30.25424385 36.37873077 59.59276962 29.99280357 36.43159866 59.53562927 29.8478775 36.46258545 59.53500748 29.86099434 36.4871788 59.52576828 29.87496948 37.93943405 58.93507767 28.72153664 37.66101074 58.95788193 28.73513603 37.36000824 59.0326767 28.85207939 37.12915421 59.07530975 29.15499878 36.88747025 59.21971893 29.35143852 36.88831711 59.19678116 29.36420631 36.67829132 59.35394669 29.61022949 36.68135071 59.33108521 29.62279129 36.5195694 59.4878273 29.90382576 36.52497482 59.46487045 29.91538239 36.88069534 59.24107361 29.33383369 36.50904465 59.5065155 29.89188766 37.94763947 58.90634155 28.80162811 37.94789124 58.88360977 28.8188076 37.94601059 58.92395782 28.77770233 37.94313049 58.93378448 28.74976158 37.4071312 59.01573181 28.96016312 37.40917587 58.99370193 28.97812271 37.67040253 58.92559433 28.87803459 37.66876602 58.90150833 28.88838005 37.11101151 59.12111282 28.9986496 36.90684509 59.21367645 29.16293716 37.37892151 59.0435791 28.88442612 37.39099884 59.04232407 28.91020203 37.40088654 59.03280258 28.93660355 36.81228638 59.26361084 29.25675964 36.84980011 59.26685715 29.29088783 36.86770248 59.25762558 29.31279373 36.66625977 59.35135651 29.43157387 37.12995911 59.09852219 29.14273643 9.83399677 54.10421371 26.38875771 9.83636189 53.62691498 26.38524628 9.73636055 53.62691498 26.41204071 9.81062794 56.09013748 26.75027275 9.81715775 55.54504776 26.57131195 9.762743 55.11976242 26.49235153 9.82227707 55.15055466 26.48402405 9.762743 56.49676895 26.94608498 9.80181026 56.94601059 27.18956566 9.762743 57.1605835 27.34786224 9.79548836 57.75889587 27.83062744 9.762743 57.75720215 27.84259415 9.7912302 58.43318176 28.60632133 9.762743 58.72269058 29.06540298 9.78969574 58.73003387 29.0610733 9.78872299 58.96989822 29.51012993 9.69493866 55.1121521 26.53623199 9.65040302 55.10056305 26.60303688 9.65040302 56.44616318 27.04637909 9.6631546 53.62691498 26.48524475 9.69493866 53.62691498 26.44382477 9.65040302 58.62592316 29.12246132 9.65040302 57.67950821 27.92373466 9.69493866 58.68432617 29.08802223 9.69493866 56.47670746 26.98584557 9.69493866 57.13471603 27.38411522 9.69493866 57.72639847 27.87476158 11.60824013 59.75525665 30.66399574 23.56136131 48.43330002 29.88524628 24.01889229 47.97576904 29.88524628 22.93635941 47.35076904 29.88524628 24.18636131 47.35076904 29.88524628 24.01889229 46.72576904 29.88524628 21.85383034 47.97576904 29.88524628 22.31136131 48.43330002 29.88524628 22.93635941 48.60076904 29.88524628 22.31136131 46.26823807 29.88524628 21.85383034 46.72576904 29.88524628 21.68636131 47.35076904 29.88524628 23.56136131 46.26823807 29.88524628 22.93635941 46.10076904 29.88524628 68.56136322 48.43330002 29.88524628 69.01889038 47.97576904 29.88524628 67.93636322 47.35076904 29.88524628 69.18636322 47.35076904 29.88524628 69.01889038 46.72576904 29.88524628 66.85382843 47.97576904 29.88524628 67.31136322 48.43330002 29.88524628 67.93636322 48.60076904 29.88524628 67.31136322 46.26823807 29.88524628 66.85382843 46.72576904 29.88524628 66.68636322 47.35076904 29.88524628 68.56136322 46.26823807 29.88524628 67.93636322 46.10076904 29.88524628 10.69701195 35.69598389 29.17237282 11.30307579 40.54397964 26.38524628 11.10041237 39.0753479 26.49954987 10.93861961 37.80448914 26.97954369 10.7944355 36.59636688 27.92653084 12.93636227 40.35076904 26.38524628 12.93659687 39.48155212 26.41138458 12.93683147 38.59677505 26.5667572 12.93674564 37.72031021 26.91279602 12.93638802 36.897995 27.4533329 12.9361124 36.38319016 27.92822266 12.93601227 36.18067932 28.15260315 12.93588161 35.60730743 28.95323372 12.93607903 35.18793106 29.79424858 45.43636322 35.18793106 29.79424858 28.69684792 40.35076904 26.38524628 45.43636322 40.35076904 26.38524628 45.43636322 39.48155212 26.41138458 29.21702003 36.897995 27.4533329 29.09805298 37.72031021 26.91279602 28.97031593 38.59677505 26.5667572 28.83593178 39.48155212 26.41138458 45.43636322 38.59677505 26.56675529 45.43636322 37.72031021 26.91279602 45.43636322 36.897995 27.4533329 45.43636322 36.18067932 28.15260315 29.32500458 36.18067932 28.15260315 45.43636322 35.60730743 28.95323372 29.41978073 35.60730743 28.95323372 29.49921227 35.18793106 29.79424858 77.93664551 35.18793106 29.79424858 62.17587662 40.35076904 26.38524628 77.93636322 40.35076904 26.38524628 77.93612671 39.48155212 26.41138458 77.93597412 39.02938843 26.46941757 61.90240479 38.59677505 26.56675529 62.03678894 39.48155212 26.41138458 77.9358902 38.59677505 26.5667572 77.93597412 37.72031021 26.91279602 61.77466583 37.72031021 26.91279602 77.9363327 36.897995 27.4533329 61.65570068 36.897995 27.4533329 77.93654633 36.50754929 27.80185127 61.54771805 36.18067932 28.15260315 77.93670654 36.18067932 28.15260315 77.93684387 35.60730743 28.95323372 61.45294189 35.60730743 28.95323372 61.37351227 35.18793106 29.79424858 81.74759674 41.47927094 26.38524628 82.48667908 42.03150558 26.38524628 83.15753937 40.87979126 26.46893311 77.93670654 58.52206802 28.15401649 77.93684387 59.09533691 28.95508575 78.50905609 59.12110901 29.02282524 77.93663788 59.51451874 29.79644203 80.29046631 35.80511475 29.02091408 82.63539886 36.54682922 29.01784325 83.75102234 37.1046524 29.01687241 82.37575531 37.46369171 27.7974968 84.81911469 37.78967285 29.01646614 85.79608917 38.57503128 29.01664543 84.38336182 38.64090729 27.79632759 86.08367157 40.20481491 27.7970562 87.49897003 40.46855164 29.0182972 86.69569397 39.47226334 29.01729965 87.42696381 42.11497498 27.79893875 88.76773834 42.71192932 29.02070999 88.19593048 41.55731201 29.0194931 89.21243286 43.93011856 29.02180481 89.68740082 46.46764374 29.02311134 89.51935577 45.18396378 29.02263641 85.08404541 56.7154274 29.01645279 82.99214172 57.99224472 29.01749039 80.73582458 58.79621124 29.02028084 79.10619354 35.62493134 29.02236366 79.05705261 36.56628799 27.80132484 78.9846344 37.80395508 26.89941216 78.45016479 56.94168854 26.89959145 77.93597412 56.98218536 26.91329193 78.48513794 58.17982864 27.80171204 77.9363327 57.80470276 27.4542675 77.93654633 58.1939888 27.80185127 79.59494781 54.15144348 26.38524628 77.93636322 54.35076904 26.38524628 77.93612671 55.22031784 26.41141319 80.60009766 57.85857773 27.7995491 82.70617676 57.08239746 27.79719925 84.62471008 55.87660599 27.79631233 85.65821838 54.95398712 27.79671669 84.09280396 52.9403038 26.46896744 83.10314941 52.07351303 26.38524628 83.33690643 53.67271423 26.4689312 82.63424683 52.54016495 26.38524628 81.88002014 54.67251587 26.4690094 81.40711212 53.42974472 26.38524628 80.19459534 55.3567276 26.46921349 78.4121933 55.65826416 26.46940422 77.9358902 56.10542297 26.56694031 86.22371674 55.72406006 29.01690292 87.06375122 54.80013275 29.01773643 87.08185577 53.16772079 27.79838181 88.95828247 51.51729584 29.02114868 88.10454559 51.10922241 27.80035782 88.44255829 52.68454361 29.02000618 87.8087616 53.78124237 29.01882744 80.40648651 56.62868881 26.89858246 82.30862427 55.89526367 26.89750099 83.99990845 54.78848267 26.89708519 84.89620972 53.95849991 26.89728165 86.1138382 52.37852097 26.89806747 86.97642517 50.58613205 26.898983 87.45079803 48.65540695 26.8996582 85.10163879 51.57417297 26.46911812 85.80364227 50.05435181 26.46929169 86.18535614 48.4377594 26.46942139 86.23783112 46.78213501 26.46944427 88.32987213 44.26706314 27.8009243 84.22156525 44.26918793 26.38524628 84.70797729 45.57724762 26.38524628 85.9562149 45.13712311 26.46934509 87.51622009 46.66800308 26.89977646 88.67150879 48.86979294 27.80179596 89.34564972 50.2972908 29.02212906 84.83784485 46.1803894 26.38524628 84.9216156 46.89654541 26.38524628 84.8760376 48.26771927 26.38524628 84.59168243 49.52025223 26.38524628 84.28650665 50.29624176 26.38524628 83.24796295 51.91004562 26.38524628 86.40576935 42.83150482 26.89832306 83.49253082 43.09295273 26.38524628 85.3403244 43.56116867 26.46916771 87.16549683 44.69862747 26.89925385 88.74971008 46.55556107 27.80204391 89.59902954 49.03736115 29.02283478 84.39807129 42.11661148 26.46899796 85.26203918 41.15044022 26.89743996 83.10314941 42.62802505 26.38524628 83.78916168 39.74597931 26.89709282 82.01340485 38.66110611 26.89763451 81.62165833 39.89532089 26.46903419 81.19669342 41.15639877 26.38524628 79.84841156 39.25431442 26.46926308 79.65552521 40.56515503 26.38524628 79.96770477 40.65197754 26.38524628 80.18050385 36.74464798 27.80009079 80.0223999 37.97797775 26.89883804 78.9037323 39.08641815 26.46936989 61.36192322 59.51295853 29.79174614 61.44460678 59.09318542 28.94896507 45.43635941 58.51040649 28.14040947 61.54995728 58.51986313 28.14834595 62.17587662 54.35076904 26.38524628 45.43635941 54.35076904 26.38524628 45.43635941 55.18364716 26.40840149 61.67107773 57.80282211 27.45012283 61.80111313 56.98085403 26.91095543 61.93320465 56.104702 26.56605339 62.06045151 55.2201004 26.41127396 45.43635941 56.0736618 26.55825615 45.43635941 56.95656204 26.90004921 45.43635941 57.78610611 27.43930817 29.32069778 58.50820541 28.1347599 29.42695999 59.0872612 28.93904114 29.51037407 59.51086426 29.78668213 28.80716705 55.18344879 26.40827942 28.69684792 54.35076904 26.38524628 12.93636227 54.35076904 26.38524628 28.93483162 56.0729599 26.55740738 29.06765175 56.95524597 26.8977623 29.19860077 57.78423691 27.43520355 12.93658638 55.18364716 26.40840149 12.93683529 56.12495804 26.57240486 12.93673897 57.01050186 26.92816162 12.9363699 57.83885956 27.48211098 12.93599701 58.55762482 28.19605446 12.93588543 59.12766647 29.01004601 10.70633984 58.91350937 29.00814247 10.7673645 58.3439827 28.19423294 10.84993553 57.62690735 27.48075104 10.95020866 56.80149078 26.92738152 11.06190395 55.92002869 26.57210541 11.30305767 54.15755463 26.38524628 24.18636131 47.35076904 26.38524628 24.01889229 47.97576904 26.38524628 23.56136131 48.43330002 26.38524628 22.93635941 48.60076904 26.38524628 22.31136131 48.43330002 26.38524628 21.85383034 47.97576904 26.38524628 21.68636131 47.35076904 26.38524628 21.85383034 46.72576904 26.38524628 22.31136131 46.26823807 26.38524628 22.93635941 46.10076904 26.38524628 23.56136131 46.26823807 26.38524628 24.01889229 46.72576904 26.38524628 69.18636322 47.35076904 26.38524628 69.01889038 47.97576904 26.38524628 68.56136322 48.43330002 26.38524628 67.93636322 48.60076904 26.38524628 67.31136322 48.43330002 26.38524628 66.85382843 47.97576904 26.38524628 66.68636322 47.35076904 26.38524628 66.85382843 46.72576904 26.38524628 67.31136322 46.26823807 26.38524628 67.93636322 46.10076904 26.38524628 68.56136322 46.26823807 26.38524628 69.01889038 46.72576904 26.38524628 7.11889315 43.17576981 35.31524658 6.66136026 43.63330078 35.31524658 6.03636122 43.80076981 35.31524658 5.41136169 43.63330078 35.31524658 4.95382881 43.17576981 35.31524658 4.78636217 42.55076981 35.31524658 4.95382881 41.92576981 35.31524658 5.41136169 41.46823883 35.31524658 6.03636122 41.30076981 35.31524658 6.66136026 41.46823883 35.31524658 7.11889315 41.92576981 35.31524658 7.28635979 42.55076981 35.31524658 7.07559061 41.95077133 35.31524658 6.63636017 41.51153946 35.31524658 6.03636122 41.35076904 35.31524658 5.43636227 41.51153946 35.31524658 4.99713182 41.95077133 35.31524658 4.8363595 42.55076981 35.31524658 4.99713182 43.15077209 35.31524658 5.43636227 43.59000015 35.31524658 6.03636122 43.75077057 35.31524658 6.63636017 43.59000015 35.31524658 7.07559061 43.15077209 35.31524658 7.23636293 42.55076981 35.31524658 7.11889315 52.77576828 35.31524658 6.66136026 53.23330307 35.31524658 6.03636122 53.40076828 35.31524658 5.41136169 53.23330307 35.31524658 4.95382881 52.77576828 35.31524658 4.78636217 52.15077209 35.31524658 4.95382881 51.52576828 35.31524658 5.41136169 51.0682373 35.31524658 6.03636122 50.90076828 35.31524658 6.66136026 51.0682373 35.31524658 7.11889315 51.52576828 35.31524658 7.28635979 52.15077209 35.31524658 5.43636227 53.19000244 35.31524658 6.03636122 53.35076904 35.31524658 6.63636017 53.19000244 35.31524658 7.07559061 52.75077057 35.31524658 7.23636293 52.15077209 35.31524658 7.07559061 51.55076981 35.31524658 6.63636017 51.11153793 35.31524658 6.03636122 50.95077133 35.31524658 5.43636227 51.11153793 35.31524658 4.99713182 51.55076981 35.31524658 4.8363595 52.15077209 35.31524658 4.99713182 52.75077057 35.31524658 48.03497696 34.85076904 33.93662643 47.27386093 34.85076904 33.35260391 46.38751984 34.85076904 32.985466 45.43635941 34.85076904 32.86024475 44.48520279 34.85076904 32.985466 43.59886169 34.85076904 33.35260391 42.83774185 34.85076904 33.93662643 42.25371933 34.85076904 34.69774628 41.88658524 34.85076904 35.58408356 45.43635941 34.85076904 40.21024704 46.38751984 34.85076904 40.08502197 47.27386093 34.85076904 39.71788788 48.03497696 34.85076904 39.13386154 41.76136017 34.85076904 36.53524399 41.88658524 34.85076904 37.48640442 42.25371933 34.85076904 38.37274551 48.6190033 34.85076904 38.37274551 48.98613739 34.85076904 37.48640442 42.83774185 34.85076904 39.13386154 43.59886169 34.85076904 39.71788788 44.48520279 34.85076904 40.08502197 49.11136246 34.85076904 36.53524399 48.98613739 34.85076904 35.58408356 48.6190033 34.85076904 34.69774628 6.68636084 51.77549362 35.15524673 6.03636122 51.40021515 35.15524673 6.68636084 52.52604675 35.15524673 5.38636112 51.77549362 35.15524673 6.03636122 52.90132523 35.15524673 5.38636112 52.52604675 35.15524673 5.81183434 52.77169418 34.40552902 6.03636122 52.90132523 34.31524658 5.610888 52.6556778 34.40552902 5.38636112 52.52604675 34.31524658 6.46183395 52.6556778 34.40552902 6.68636084 52.52604675 34.31524658 6.2608881 52.77169418 34.40552902 6.68636084 52.03475189 34.40552902 6.68636084 51.77549362 34.31524658 6.68636084 52.26678848 34.40552902 6.2608881 51.52984619 34.40552902 6.03636122 51.40021515 34.31524658 6.46183395 51.64586258 34.40552902 5.81183434 51.52984619 34.40552902 5.610888 51.64586258 34.40552902 5.38636112 51.77549362 34.31524658 5.38636112 52.26678848 34.40552902 5.38636112 52.03475189 34.40552902 5.55271053 52.72471619 34.31524658 5.78113413 52.8565979 34.31524658 6.29158831 52.8565979 34.31524658 6.5200119 52.72471619 34.31524658 6.77523899 52.28264999 34.31524658 6.77523899 52.01889038 34.31524658 6.5200119 51.57682419 34.31524658 6.29158831 51.44494247 34.31524658 5.78113413 51.44494247 34.31524658 5.55271053 51.57682419 34.31524658 5.29748344 52.01889038 34.31524658 5.29748344 52.28264999 34.31524658 7.03635931 50.41872025 34.31524658 7.76841259 51.15076828 34.31524658 8.03636169 52.15077209 34.31524658 7.03635931 53.88282013 34.31524658 6.03636122 54.15076828 34.31524658 5.03636265 53.88282013 34.31524658 4.03636074 52.15077209 34.31524658 4.30430984 51.15076828 34.31524658 5.03636265 50.41872025 34.31524658 6.03636122 50.15076828 34.31524658 7.76841259 53.15076828 34.31524658 4.30430984 53.15076828 34.31524658 4.30430984 53.15076828 34.51524353 5.03636265 53.88282013 34.51524353 6.03636122 54.15076828 34.51524353 7.03635931 53.88282013 34.51524353 7.76841259 53.15076828 34.51524353 8.03636169 52.15077209 34.51524353 7.76841259 51.15076828 34.51524353 7.03635931 50.41872025 34.51524353 6.03636122 50.15076828 34.51524353 5.03636265 50.41872025 34.51524353 4.30430984 51.15076828 34.51524353 4.03636074 52.15077209 34.51524353 6.03636122 44.55076981 34.51524353 5.03636265 44.28282166 34.51524353 4.30430984 43.55076981 34.51524353 4.03636074 42.55076981 34.51524353 4.30430984 41.55076981 34.51524353 5.03636265 40.81871796 34.51524353 6.03636122 40.55076981 34.51524353 7.03635931 40.81871796 34.51524353 7.76841259 41.55076981 34.51524353 8.03636169 42.55076981 34.51524353 7.76841259 43.55076981 34.51524353 7.03635931 44.28282166 34.51524353 6.68636084 42.17549133 35.15524673 6.03636122 41.80021286 35.15524673 6.68636084 42.92604828 35.15524673 5.38636112 42.17549133 35.15524673 6.03636122 43.30132675 35.15524673 5.38636112 42.92604828 35.15524673 6.2608881 41.9298439 34.40552902 6.03636122 41.80021286 34.31524658 6.46183395 42.04586029 34.40552902 6.68636084 42.17549133 34.31524658 6.68636084 42.43475342 34.40552902 6.68636084 42.66678619 34.40552902 6.68636084 42.92604828 34.31524658 6.46183395 43.05567932 34.40552902 6.2608881 43.17169571 34.40552902 6.03636122 43.30132675 34.31524658 5.81183434 43.17169571 34.40552902 5.610888 43.05567932 34.40552902 5.38636112 42.92604828 34.31524658 5.38636112 42.66678619 34.40552902 5.38636112 42.43475342 34.40552902 5.38636112 42.17549133 34.31524658 5.81183434 41.9298439 34.40552902 5.610888 42.04586029 34.40552902 6.5200119 41.9768219 34.31524658 6.29158831 41.844944 34.31524658 6.77523899 42.68265152 34.31524658 6.77523899 42.41888809 34.31524658 6.29158831 43.25659561 34.31524658 6.5200119 43.12471771 34.31524658 5.55271053 43.12471771 34.31524658 5.78113413 43.25659561 34.31524658 5.29748344 42.41888809 34.31524658 5.29748344 42.68265152 34.31524658 5.78113413 41.844944 34.31524658 5.55271053 41.9768219 34.31524658 7.03635931 40.81871796 34.31524658 7.76841259 41.55076981 34.31524658 8.03636169 42.55076981 34.31524658 7.03635931 44.28282166 34.31524658 6.03636122 44.55076981 34.31524658 5.03636265 44.28282166 34.31524658 4.03636074 42.55076981 34.31524658 4.30430984 41.55076981 34.31524658 5.03636265 40.81871796 34.31524658 6.03636122 40.55076981 34.31524658 7.76841259 43.55076981 34.31524658 4.30430984 43.55076981 34.31524658 64.93636322 35.56634521 42.79361725 25.93636131 35.56634521 42.79361725 25.43636131 35.67918777 43.28071976 25.5033474 35.6227684 43.0371666 25.68635941 35.58146286 42.85887527 65.43636322 35.67918777 43.28071976 65.36937714 35.6227684 43.0371666 65.18636322 35.58146286 42.85887527 25.43636131 36.3562355 46.20331955 25.47442055 36.39941788 46.38972473 25.58280754 36.43602753 46.54775238 25.74501801 36.46048737 46.6533432 25.93636131 36.46907806 46.69042206 64.93636322 36.46907806 46.69042206 65.12770081 36.46048737 46.6533432 65.28991699 36.43602753 46.54775238 65.39830017 36.39941788 46.38972473 65.43636322 36.3562355 46.20331955 53.43805313 59.33760834 32.14002609 53.94116211 59.33281326 31.76218414 54.33483505 59.25531769 31.03062248 54.33483505 59.05361938 30.19986725 53.94116211 58.76562119 29.46830559 53.24783707 58.52519608 29.01064491 52.68635941 58.46852493 28.91524506 38.18636322 58.46852493 28.91524506 37.62488556 58.52519608 29.01064491 36.93156052 58.76562119 29.46830559 36.53788757 59.05361938 30.19986725 36.53788757 59.25531769 31.03062248 36.93156052 59.33281326 31.76218414 37.43466949 59.33760834 32.14002609 52.68635941 59.33411026 32.31524658 38.18636322 59.33411026 32.31524658 45.43635941 59.82615662 30.66405296 36.5883522 59.82615662 30.66405487 45.43635941 59.85072708 30.81940079 36.59942627 59.85072708 30.81940079 45.43635941 59.10077667 28.96424103 38.18636322 59.10081482 28.96424103 37.38851929 59.52327728 29.8176384 36.8212204 59.49165344 29.74175835 36.68342972 59.60733795 30.03106117 36.60449982 59.71924973 30.34254837 37.53594971 59.18161392 29.1047287 37.25328827 59.27019501 29.26946068 37.01294708 59.37678909 29.48485756 37.85173035 59.12199783 29.00022697 37.83459854 59.06136703 28.95552826 38.18636322 59.03881073 28.91816902 38.18636322 59.01480103 28.91524506 37.13307953 59.20415497 29.28085518 36.93961334 59.28638077 29.45955658 36.94135284 59.29301071 29.45804214 36.93083572 59.2906189 29.46909714 36.76462555 59.42993546 29.69971275 36.81004333 59.35427856 29.61737442 36.59502792 59.53650284 30.02556801 36.56012344 59.54452515 30.11990929 36.51203537 59.65410614 30.35085106 36.4884758 59.73107147 30.70000648 36.49504089 59.76637268 30.68817902 37.76504898 59.04421234 28.96828079 37.62329102 59.06732559 29.01120377 37.50360489 59.12464142 29.06379318 37.23718262 59.1673584 29.20490265 37.20848465 59.2182045 29.23400497 37.19504166 59.18170547 29.23420143 36.95833969 59.33026886 29.45619774 36.75912857 59.45055008 29.72120476 36.61600113 59.57128143 30.02007294 36.53396988 59.68774033 30.34264565 36.51717758 59.79883194 30.67650414 38.18636322 59.06429672 28.92835426 37.84280396 59.09766006 28.97270584 37.51910019 59.15926743 29.07931328 37.22994614 59.25056458 29.24712181 36.98449707 59.36014557 29.46634102 36.78887177 59.47797394 29.72777557 36.64830017 59.59640884 30.02236557 36.56775665 59.71077728 30.33987427 36.55126953 59.81990814 30.66794014 36.49300003 59.74583435 30.76532936 36.50024414 59.75072861 30.83204842 36.50720978 59.78753281 30.83119202 36.49961472 59.78252411 30.75895119 36.52929688 59.82143402 30.82838631 36.52177048 59.81624985 30.75166512 36.56291962 59.84370422 30.82408714 36.55583572 59.83813858 30.74518967 38.18636322 59.7856636 32.30217361 38.18636322 59.80554581 32.28733063 37.7592659 59.80666733 32.23176956 37.19841003 59.77718735 31.99062729 37.63760376 59.73804092 32.22423935 37.75357437 59.77236938 32.25265121 38.18636322 59.73623657 32.31524658 38.18636322 59.77121735 32.30892563 37.02695847 59.77940369 31.84942436 37.0940094 59.74267197 31.91784668 37.19431305 59.74158859 31.99576759 36.52110672 59.75046921 30.95719147 36.65929794 59.78514481 31.34644508 36.7182579 59.74746704 31.47237778 36.93156052 59.74464035 31.76218605 36.67938614 59.81911087 31.33708763 37.04220963 59.81352234 31.83366966 37.21140671 59.81136322 31.97307968 36.70996475 59.84148788 31.32262039 37.06542587 59.83612823 31.8092804 37.23118973 59.83405685 31.94590378 37.76793289 59.8295517 32.19942474 38.18636322 59.82217407 32.2663765 36.74316406 59.84862518 31.30678368 37.09063339 59.84352112 31.78256035 37.25267029 59.8415451 31.91612816 37.77734375 59.83724594 32.16398239 38.18636322 59.83621597 32.21721649 53.92782593 59.78057861 31.76677132 54.21558762 59.74834824 31.35785675 54.25668716 59.78587341 31.24811935 54.33483124 59.75020981 31.03062439 54.36537933 59.7878685 30.83117485 54.3724823 59.75072861 30.83204651 52.68635941 59.77121735 32.30892563 52.68635941 59.73623657 32.31524658 52.79997635 59.73632812 32.31144333 53.2162056 59.7729454 32.22384262 53.35988998 59.73885345 32.17612839 53.76097488 59.77826691 31.92397499 53.84767532 59.74349213 31.85675621 53.94116211 59.74463654 31.76218605 52.68635941 59.7856636 32.30217361 53.20923615 59.80722809 32.20332718 53.74683762 59.81241226 31.90727425 53.91149521 59.81466675 31.75206947 54.23603058 59.8198204 31.24001312 54.34284973 59.82201004 30.82831383 52.68635941 59.82217407 32.2663765 53.19862366 59.83008957 32.17155075 53.72532272 59.83506393 31.88141441 53.88663483 59.83722687 31.72930908 54.20458984 59.84216309 31.22748566 54.30862427 59.8441658 30.82393646 52.68635941 59.83621597 32.21721649 53.18710327 59.83775711 32.13673019 53.7019577 59.84250641 31.85308075 53.85964203 59.84456635 31.70437813 54.1704483 59.84926987 31.21377754 54.27329636 59.85072708 30.81940079 54.29801178 59.82546616 30.66495895 54.28437042 59.82615662 30.66405296 54.3168869 59.83813858 30.74518394 54.3797226 59.74583435 30.76532555 54.38424683 59.73107147 30.70000458 54.37305069 59.77613449 30.68476677 54.37310791 59.78252411 30.75894737 54.35554504 59.79883194 30.67650032 54.35095215 59.81624985 30.75165939 54.34119415 59.81010818 30.67211342 54.32145309 59.81990433 30.66793633 54.30496597 59.71077728 30.33986855 54.33874893 59.68773651 30.34263992 53.68113327 59.18287277 29.23668289 53.66423035 59.2182045 29.23400116 53.91437531 59.33026505 29.45619011 53.36911392 59.12464142 29.06379318 53.15699005 59.05147934 28.98168755 53.03812408 59.06136703 28.95553017 52.68635941 59.01480103 28.91524506 52.68635941 59.03881073 28.91816902 53.94194031 59.29064941 29.46915627 53.93136215 59.2930069 29.45803452 54.1050148 59.37942123 29.67853737 54.13290024 59.41455841 29.72462654 54.26589584 59.49748611 29.98669434 54.27769089 59.53649902 30.02555847 54.26872635 59.50008774 29.99385643 54.33470535 59.57155991 30.1993618 54.36068726 59.65410233 30.35084724 54.38606644 59.69517517 30.58360672 54.25671768 59.57128143 30.0200634 54.11359024 59.45054626 29.72119522 54.22441864 59.59640503 30.02235603 54.08384705 59.47797012 29.72776604 53.88821793 59.36014175 29.46633339 53.64276886 59.25056458 29.247118 53.35362244 59.15926743 29.07931137 53.02991867 59.09766388 28.97270584 52.68635941 59.06429672 28.92835426 54.26821899 59.71924973 30.34254265 54.18928909 59.60733414 30.03105354 54.0514946 59.49164963 29.74174881 53.85976791 59.37678528 29.48484993 53.61942673 59.27019119 29.26945686 53.33677292 59.18161392 29.10472679 53.02099609 59.12199783 29.00022697 52.68635941 59.10081482 28.96424103 49.39278412 59.85072708 30.81940079 49.43397522 59.82615662 30.66405296 49.36937332 59.85066605 30.86524391 49.18635941 59.8501358 31.04825783 49.06583405 59.84991455 31.09819031 48.93636322 59.84983063 31.11524582 48.80681229 59.84991455 31.09816933 48.68635941 59.8501358 31.04825783 48.5033493 59.85066605 30.86524391 48.47993851 59.85072708 30.81940079 48.43874741 59.82615662 30.66405296 45.43635941 59.01475906 28.91524506 45.43635941 59.06425476 28.92835236 48.55691528 59.7009697 30.28963661 48.69366074 59.66152954 30.17810059 48.50319672 59.72710037 30.36550713 48.43635941 59.8102417 30.6152668 48.46717453 59.75311279 30.44243431 48.8543663 59.6411705 30.12201309 48.93635941 59.63869095 30.11524582 49.0162468 59.64104462 30.12166977 49.16522598 59.65886307 30.17070007 49.18651962 59.66304779 30.18232346 49.29225922 59.69203568 30.26405144 49.36946869 59.72706604 30.36541176 49.38632202 59.73787689 30.3972168 49.43636322 59.81025314 30.61530304 48.68635941 57.45077133 30.18223381 49.36937332 57.45077133 30.86524391 49.43636322 57.45077133 30.61524582 49.18635941 57.45077133 31.04825783 48.5033493 57.45077133 30.86524391 48.68635941 57.45077133 31.04825783 48.93636322 57.45077133 31.11524582 48.43635941 57.45077133 30.61524582 48.5033493 57.45077133 30.36524582 48.93636322 57.45077133 30.11524582 49.18635941 57.45077133 30.18223381 49.36937332 57.45077133 30.36524582 45.43635941 44.35076904 36.53524399 48.93636322 57.45077133 30.61524582 15.88636208 50.52077103 32.06524277 15.88636208 51.17076874 31.89107704 15.88636208 51.64660263 31.41524506 15.88636208 51.82077026 30.76524544 15.88636208 44.18077087 32.06524277 15.88636208 42.88077164 30.76524544 15.88636208 43.05493546 31.41524506 15.88636208 43.53076935 31.89107704 15.88636208 42.88077164 30.20524597 15.88636208 44.18077087 28.90524483 15.88636208 43.53076935 29.07941246 15.88636208 43.05493546 29.55524445 15.88636208 50.52077103 28.90524483 15.88636208 51.82077026 30.20524597 15.88636208 51.64660263 29.55524445 15.88636208 51.17076874 29.07941246 15.88636208 54.85076904 31.2852459 15.88636208 55.25077057 31.17806435 15.88636208 55.54359055 30.88524628 15.88636208 55.65076828 30.48524475 15.88636208 55.54359055 30.08524513 15.88636208 55.25077057 29.79242516 15.88636208 54.85076904 29.68524551 15.88636208 54.45077133 29.79242516 15.88636208 54.15795135 30.08524513 15.88636208 54.05076981 30.48524475 15.88636208 54.15795135 30.88524628 15.88636208 54.45077133 31.17806435 15.88636208 54.85076904 30.48524475 15.88636208 39.85076904 31.2852459 15.88636208 40.25077057 31.17806435 15.88636208 40.54359055 30.88524628 15.88636208 40.65077209 30.48524475 15.88636208 40.54359055 30.08524513 15.88636208 40.25077057 29.79242516 15.88636208 39.85076904 29.68524551 15.88636208 39.45077133 29.79242516 15.88636208 39.15795135 30.08524513 15.88636208 39.05076981 30.48524475 15.88636208 39.15795135 30.88524628 15.88636208 39.45077133 31.17806435 15.88636208 39.85076904 30.48524475</float_array>
          <technique_common>
            <accessor source="#pos_0-array" count="15615" stride="3">
              <param name="X" type="float"/>
              <param name="Y" type="float"/>
              <param name="Z" type="float"/>
            </accessor>
          </technique_common>
        </source>
        <source id="norm_0">
          <float_array id="norm_0-array" count="14946">0 0 1 0.77887 -0.62718 0 0.5954 -0.80343 0 0.37339 -0.92768 0 0.12721 -0.99188 0 0.241 0.97053 -0 0.63334 0.77387 -0 0.9037 0.42817 -0 1 0 -0 0.9037 -0.42817 0 0.63334 -0.77387 0 0.241 -0.97053 0 0.12721 0.99188 -0 0.37339 0.92768 -0 0.5954 0.80343 -0 0.77887 0.62718 -0 0 1 0 -0.15643 -0.98769 0 -0.45399 -0.89101 0 -0.70711 -0.70711 0 -0.89101 -0.45399 0 -0.98769 -0.15643 0 -0.98769 0.15643 0 -0.89101 0.45399 0 -0.70711 0.70711 0 -0.45399 0.89101 0 -0.15643 0.98769 0 0 -1 0 -0 0 -1 0 -0.70711 0.70711 0.1113 -0.70271 0.70271 0.1113 -0.70271 0.70272 0.323 -0.63392 0.70272 0.323 -0.63392 0.70272 0.50308 -0.50308 0.70272 0.50309 -0.50309 0.70271 0.63393 -0.323 0.70271 0.63392 -0.323 0.70272 0.70271 -0.1113 0.70272 0.70271 -0.1113 0.70272 0.70271 0.1113 0.70272 0.70271 0.1113 0.70272 0.63392 0.323 0.70272 0.63393 0.323 0.70271 0.50309 0.50309 0.70271 0.50308 0.50308 0.70272 0.323 0.63392 0.70272 0.323 0.63392 0.70272 0.1113 0.70271 0.70272 0.1113 0.70271 0.70271 -0 0.70711 0.70711 -0.1113 0.70271 0.70271 -0.1113 0.70271 0.70272 -0.323 0.63392 0.70272 -0.323 0.63392 0.70272 -0.50308 0.50308 0.70272 -0.50309 0.50309 0.70271 -0.63393 0.323 0.70271 -0.63392 0.323 0.70272 -0.70271 0.1113 0.70272 -0.70271 0.1113 0.70272 -0.70271 -0.1113 0.70272 -0.70271 -0.1113 0.70272 -0.63392 -0.323 0.70272 -0.63393 -0.323 0.70271 -0.50309 -0.50309 0.70271 -0.50308 -0.50308 0.70272 -0.323 -0.63392 0.70272 -0.323 -0.63392 0.70272 -0.1113 -0.70271 0.70272 -0.1113 -0.70271 0.70271 0.15643 0.98769 -0 0.45399 0.89101 -0 0.70711 0.70711 -0 0.89101 0.45399 -0 0.98769 0.15643 -0 0.98769 -0.15643 0 0.89101 -0.45399 0 0.70711 -0.70711 0 0.45399 -0.89101 0 0.15643 -0.98769 0 -0.15643 -0.98769 0 -0.45399 -0.89101 0 -0.70711 -0.70711 0 -0.89101 -0.45399 0 -0.98769 -0.15643 0 -0.98769 -0.15643 -0 -0.98769 0.15643 0 -0.98769 0.15643 0 -0.89101 0.45399 0 -0.70711 0.70711 0 -0.45399 0.89101 0 -0.15643 0.98769 0 -0.94493 -0 -0.32728 -0.92473 0.06473 -0.37508 -0.22259 0 -0.97491 -0.16975 0.10692 -0.97967 -0.38536 0 -0.92277 -0.48347 0 -0.87536 -0.5481 -0.03833 -0.83553 -0.68863 0.08594 -0.72 -0.74525 0 -0.66679 -0.84837 0 -0.5294 0.18368 0 -0.98299 0.22241 0.06592 -0.97272 0.39787 -0 -0.91744 0.48347 0 -0.87536 0.5481 -0.03833 -0.83554 0.73917 0.13848 -0.65913 0.69219 0 -0.72171 0.85541 -0 -0.51795 0.92336 0.07702 -0.37612 0.94924 0 -0.31454 -0.07012 0 0.99754 -0.22023 0.08888 0.97139 -0.17862 0.04292 0.98298 -0.33391 -0.00817 0.94257 -0.63124 -0.00033 0.77559 -0.55583 0.09473 0.82588 -0.50042 0.04303 0.86471 -0.41019 0.00985 0.91195 -0.85082 0.08614 0.51835 -0.81123 0.04269 0.58316 -0.7415 0.00019 0.67096 -0.99507 -0 0.09914 -0.98294 0.0557 0.17529 -0.98362 0.05305 0.17228 -0.95146 -0.012 0.30753 -0.87901 0.01833 0.47646 0.97921 -0.00033 0.20286 0.98067 -0.02092 0.19454 0.89784 0.00878 0.44024 0.71337 0.00011 0.70078 0.84169 0.02348 0.53945 0.81157 0.15414 0.56355 0.86319 0.06273 0.50096 0.21609 0.02616 0.97602 0.1807 0.06438 0.98143 0.12902 0.035 0.99102 0.05911 0 0.99825 0.36063 -0.01185 0.93263 0.48313 0.03956 0.87466 0.55586 0.09487 0.82585 0.56951 0.07241 0.81879 0.64823 -0.00053 0.76144 -0.00657 -0.98781 0.15555 -0.02054 -0.98912 0.14568 -0.01389 -0.98829 0.15193 -0.01026 -0.98777 0.15557 -0.00666 -0.98707 0.16018 -0.0048 -0.98659 0.16317 -0.00316 -0.98609 0.16621 0 -0.98623 0.16539 -0.00028 -0.98435 0.17625 0 -0.98455 0.1751 -0.00034 -0.98475 0.17397 -0.00153 -0.9854 0.17022 0 -0.99946 0.03283 -0.02529 -0.99944 0.02191 0.02198 -0.99663 0.07899 -0.01203 -0.99802 0.06177 0.01044 -0.99391 0.10971 -0.00343 -0.99493 0.10054 0.00071 -0.99192 0.12685 -0.98079 -0 -0.19509 -0.83147 -0 -0.55557 -0.54054 -0 -0.84132 -0.56341 0.04485 -0.82496 -0.1648 -0.04182 -0.98544 -0.19509 0 -0.98079 -1 0 0 -0.98078 0 -0.1951 -0.83147 0 -0.55557 -0.55557 0 -0.83147 -0.19509 0 -0.98079 -0.33704 -0.94149 0 -0.41743 -0.90791 -0.03802 -0.48888 -0.87207 -0.02202 -0.40806 -0.91292 -0.00821 -0 -0.99863 -0.05233 0.08847 -0.99541 -0.03662 0.07679 -0.99685 -0.01988 0.04296 -0.99903 -0.00946 0.01132 -0.99993 -0.00307 -0.01992 -0.9998 -0.00064 -0.05283 -0.9986 0.00066 -0.10627 -0.99433 -0.00423 -0.13562 -0.99054 -0.02108 0 -0.97782 -0.20947 0.38212 -0.92411 0 0.48884 -0.87201 -0.02511 -0.09537 -0.79115 0.60414 -0.14142 -0.42129 0.89583 -0.92969 -0.17474 0.32427 -0.92968 -0.17475 0.32427 -0.83606 -0.17649 0.51947 -0.58339 -0.65867 0.47519 -0.72213 -0.17546 0.66914 -0.52986 -0.17546 0.82974 -0.36372 -0.65867 0.65869 -0.3623 -0.17649 0.9152 -0.15354 -0.17474 0.97257 -0.15354 -0.17474 0.97257 -0.02717 -0.9847 0.17214 -0.02718 -0.9847 0.17214 -0.08474 -0.98451 0.15347 -0.08474 -0.98451 0.15347 -0.13592 -0.98451 0.11071 -0.13592 -0.98451 0.11071 -0.16455 -0.9847 0.05739 -0.16455 -0.9847 0.0574 -0.06636 -0.90493 0.42035 -0.08887 -0.8428 0.53084 -0.26156 -0.84095 0.47369 -0.26157 -0.84095 0.4737 -0.41955 -0.84095 0.34174 -0.41955 -0.84095 0.34174 -0.50872 -0.84245 0.17744 -0.50872 -0.84245 0.17744 -0.12405 -0.60591 0.7858 -0.13619 -0.53765 0.8321 -0.4084 -0.53497 0.73961 -0.4084 -0.53497 0.73961 -0.65506 -0.53497 0.53357 -0.65507 -0.53496 0.53358 -0.79634 -0.5373 0.27776 -0.79633 -0.53732 0.27776 0 -0.1758 0.98443 -0 -0.17683 0.98424 0 -0.4246 0.90538 0 -0.42557 0.90493 0 -0.60877 0.79335 -0 -0.61062 0.79192 0 -0.79334 0.60878 0 -0.79478 0.6069 0 -0.96593 0.25882 0.00891 -0.9069 0.42126 0 -0.98506 0.1722 -0.0091 -0.90535 0.42457 0 -0.98443 0.1758 0.12427 -0.60405 0.7872 0.06688 -0.90336 0.42363 0.15356 -0.17371 0.97275 0.15356 -0.17371 0.97275 0.36236 -0.17545 0.91537 0.36319 -0.65992 0.65773 0.52995 -0.17442 0.82989 0.72226 -0.17442 0.66927 0.58254 -0.65991 0.47451 0.83622 -0.17543 0.51958 0.92986 -0.17369 0.32433 0.92986 -0.17371 0.32433 0.16798 -0.98405 0.05859 0.16798 -0.98405 0.05859 0.13876 -0.98386 0.11302 0.13876 -0.98386 0.11302 0.08651 -0.98386 0.15666 0.08651 -0.98386 0.15666 0.02774 -0.98405 0.17573 0.02774 -0.98405 0.17573 0.51351 -0.83918 0.17911 0.51351 -0.83918 0.17911 0.42349 -0.83766 0.34495 0.42348 -0.83766 0.34494 0.26402 -0.83766 0.47814 0.26402 -0.83766 0.47814 0.08955 -0.83952 0.53589 0.09566 -0.7897 0.60598 0.79806 -0.53444 0.27836 0.79805 -0.53444 0.27836 0.65646 -0.53211 0.53471 0.65647 -0.53209 0.53472 0.40927 -0.5321 0.74119 0.40927 -0.5321 0.74119 0.13645 -0.53476 0.83391 0.14149 -0.42033 0.89627 0.17307 -0.98443 0.03086 0.18867 -0.98157 0.03038 0.5407 -0.83521 0.10036 0.53065 -0.84222 0.09532 0.81642 -0.55896 0.14496 0.82828 -0.53914 0.15256 0.96604 -0.19641 0.16787 0.96914 -0.1758 0.17282 -0.69475 -0.69475 -0.18616 -0.69475 -0.69475 -0.18616 -0.50859 -0.69475 -0.50859 -0.50859 -0.69474 -0.50859 -0.18616 -0.69474 -0.69475 -0.18616 -0.69475 -0.69475 0.18616 -0.69475 -0.69475 0.18616 -0.69475 -0.69475 0.50859 -0.69475 -0.50859 0.50859 -0.69475 -0.50859 0.69475 -0.69475 -0.18616 0.69475 -0.69475 -0.18616 -0.50859 -0.69475 -0.50859 -0.50859 -0.69475 -0.50859 -0.18616 -0.69475 -0.69475 0.18616 -0.69475 -0.69475 0.18616 -0.69474 -0.69475 0.50859 -0.69474 -0.50859 0.69474 -0.69475 -0.18616 -0.69475 -0.69474 -0.18616 -0.69475 -0.69475 -0.18616 -0.18616 -0.69474 -0.69475 -0.18616 -0.69475 -0.69475 0.69475 -0.69475 -0.18616 0.69475 -0.69474 -0.18616 -0.69475 -0.69474 -0.18616 -0.69475 -0.69475 -0.18616 -0.18616 -0.69474 -0.69475 -0.18616 -0.69475 -0.69475 0.50859 -0.69474 -0.50859 0.50859 -0.69474 -0.50859 0.69475 -0.69474 -0.18616 -0.69475 -0.69475 -0.18616 -0.69475 -0.69474 -0.18616 0.18616 -0.69475 -0.69475 0.18616 -0.69474 -0.69475 0.69475 -0.69474 -0.18616 0.69475 -0.69475 -0.18616 0.69475 -0.69475 -0.18616 0.69475 -0.69474 -0.18616 -0.69475 -0.69475 -0.18616 -0.69475 -0.69475 -0.18616 -0.50859 -0.69475 -0.50859 -0.18616 -0.69474 -0.69475 -0.18616 -0.69475 -0.69475 0.18616 -0.69474 -0.69475 0.50859 -0.69475 -0.50859 -0.50859 -0.69475 -0.50859 0.50859 -0.69475 -0.50859 0.69475 -0.69475 -0.18616 0.69475 -0.69475 -0.18616 -0.69475 -0.69474 -0.18616 -0.50859 -0.69474 -0.50859 -0.50859 -0.69474 -0.50859 0.18616 -0.69474 -0.69475 -0.69475 -0.69475 -0.18616 -0.50859 -0.69474 -0.50859 0.50859 -0.69474 -0.50859 0.50859 -0.69474 -0.50859 -0.18812 -0.98157 0.03355 -0.1703 -0.98505 0.02598 -0.52499 -0.84543 0.09814 -0.54136 -0.83522 0.09663 -0.82732 -0.54203 0.14744 -0.81542 -0.55895 0.15055 -0.96975 -0.17683 0.16826 -0.96529 -0.19641 0.17213 -0.70711 -0.70711 0 0.69808 -0.69807 0.15933 0.69808 -0.69807 0.15933 0.55981 -0.69807 0.44644 0.55981 -0.69807 0.44644 0.31067 -0.69807 0.64512 0.31067 -0.69807 0.64512 0 -0.69807 0.71603 -0.31067 -0.69807 0.64512 -0.31067 -0.69807 0.64512 -0.55981 -0.69807 0.44644 -0.55981 -0.69807 0.44644 -0.69808 -0.69807 0.15933 -0.69808 -0.69807 0.15933 0.70711 -0.70711 0 0.96593 0 -0.25882 0.70711 0 -0.70711 0.25882 0 -0.96593 -0.25882 0 -0.96593 -0.70711 0 -0.70711 -0.96593 0 -0.25882 0.69807 -0.69808 0.15933 0.69807 -0.69807 0.15933 0.70711 -0.70711 0 0.70711 0 -0.70711 0.25882 0 -0.96593 -0.25882 0 -0.96593 -0.70711 0 -0.70711 0.69807 -0.69807 0.15933 0.55981 -0.69807 0.44643 0.55981 -0.69807 0.44644 0.31067 -0.69807 0.64512 -0.31067 -0.69807 0.64512 -0.31067 -0.69807 0.64512 -0.55981 -0.69807 0.44644 -0.55982 -0.69807 0.44644 -0.69808 -0.69807 0.15933 -0.69808 -0.69807 0.15933 0.96592 0 -0.25882 -0.96592 0 -0.25882 0.69808 -0.69807 0.15933 0.55981 -0.69807 0.44644 0.55981 -0.69807 0.44644 0.31067 -0.69807 0.64512 -0.31067 -0.69807 0.64512 -0.31067 -0.69807 0.64512 -0.55981 -0.69807 0.44644 -0.55981 -0.69807 0.44644 -0.69808 -0.69807 0.15933 -0.69808 -0.69807 0.15933 0.70711 0 -0.70711 -0.25882 0 -0.96593 -0.96593 0 -0.25882 -0.70711 -0.70711 0 0.69807 -0.69807 0.15933 0.69808 -0.69807 0.15933 0.55981 -0.69807 0.44644 0.55981 -0.69807 0.44643 0.31067 -0.69807 0.64512 0.31067 -0.69807 0.64512 -0.69807 -0.69807 0.15933 0.70711 -0.70711 0 0.25882 0 -0.96593 -0.70711 0 -0.70711 0.69808 -0.69807 0.15933 0.69807 -0.69807 0.15933 0.55981 -0.69807 0.44644 0.55981 -0.69807 0.44644 0.96593 0 -0.25882 -0.70711 -0.70711 0 0.69808 -0.69807 0.15933 0.69808 -0.69807 0.15933 0.55981 -0.69807 0.44644 -0.31067 -0.69807 0.64512 -0.55981 -0.69807 0.44644 -0.55981 -0.69807 0.44644 -0.69808 -0.69807 0.15933 -0.69807 -0.69807 0.15933 0.70711 0 -0.70711 -0.96593 0 -0.25882 0.69807 -0.69807 0.15933 0.69808 -0.69807 0.15933 0.55981 -0.69807 0.44644 0.31067 -0.69807 0.64512 0.31067 -0.69807 0.64512 -0.55981 -0.69807 0.44644 -0.55981 -0.69807 0.44644 0.70711 -0.70711 0 0.96593 0 -0.25882 -0.70711 0 -0.70711 0.69808 -0.69807 0.15933 -0.55981 -0.69807 0.44644 -0.69807 -0.69807 0.15933 -0.31067 -0.69807 0.64512 -0.55982 -0.69807 0.44644 -0.69807 -0.69807 0.15933 -0.55982 -0.69807 0.44644 -0.55982 -0.69807 0.44644 -0.69807 -0.69807 0.15933 -0.70711 -0.70711 0 -0.69807 -0.69808 0.15933 -0.15594 0 0.98777 -0.17724 0.04065 0.98333 -0.36805 -0.01144 0.92974 -0.38698 6E-05 0.92209 -0.53821 -0.00017 0.84281 -0.5392 0.00186 0.84218 -0.7335 -0.00185 0.67968 -0.73418 0.00025 0.67895 -0.84939 -0.00012 0.52776 -0.8424 -0.01923 0.53851 -0.94313 0.04777 0.32896 -0.94089 0 0.33872 0.20561 0 0.97863 0.15446 0.13734 0.97841 0.36806 -0.00895 0.92976 0.52961 0.02314 0.84793 0.5382 0.00187 0.84281 0.71732 -0.00151 0.69674 0.94421 0 0.32934 0.73244 -0.05378 0.6787 0.8485 0.04582 0.52721 0.86983 0.16895 0.46353 0.90874 -0.28788 0.3022 0.86266 -0.48218 0.15273 0.91535 -0.36758 0.16438 0.91825 -0.35864 0.16792 0.91948 -0.35864 0.16101 0.96083 -0.2164 0.17313 0.96483 -0.19641 0.17473 0.80414 -0.57811 0.13835 0.86443 -0.48027 0.14865 0.8637 -0.48028 0.15278 0.67716 -0.72726 0.11205 0.51068 -0.85571 0.0834 0.44555 -0.89316 0.0613 0.22235 -0.97451 0.02995 0.16386 -0.98633 0.01754 0.09715 -0.99517 0.01394 0.09764 -0.99518 0.00886 0.05395 -0.99852 0.00702 0.05419 -0.99852 0.00429 0.01093 -0.99994 0.00203 0.81591 -0.55896 0.14785 0.75004 -0.64813 0.13183 0.74987 -0.64813 0.13277 0.74989 -0.6481 0.13277 0.75049 -0.64811 0.12932 0.75212 -0.64611 0.12982 0.50434 -0.85997 0.07807 0.5115 -0.85545 0.08103 0.51107 -0.85544 0.08383 0.49727 -0.86379 0.08116 0.49612 -0.8638 0.08784 0.49612 -0.8638 0.08784 0.49621 -0.8638 0.08735 0.54111 -0.83521 0.09804 0.18215 -0.98297 0.02443 0.18361 -0.98268 0.02522 0.18365 -0.98268 0.02489 0.17332 -0.98459 0.02324 0.17255 -0.98459 0.0283 0.17255 -0.98459 0.0283 0.17217 -0.9846 0.03048 0.17216 -0.9846 0.03048 0.17214 -0.9846 0.03059 0.18798 -0.98157 0.03431 0.98447 0 0.17555 -0.18836 -0.98157 0.0322 -0.01092 -0.99994 0.0009 -0.16193 -0.98665 0.01712 -0.08006 -0.99672 0.012 -0.08053 -0.99673 0.00689 -0.52863 -0.84449 0.08591 -0.53067 -0.84448 0.07246 -0.19095 -0.98125 0.02608 -0.19018 -0.98138 0.02697 -0.1903 -0.98138 0.02598 -0.96529 -0.19641 0.17214 -0.72797 -0.67391 0.12614 -0.81637 -0.55896 0.14528 -0.86044 -0.48605 0.15294 -0.88842 -0.43104 0.15785 -0.19332 -0.98078 0.02634 -0.19234 -0.98078 0.03283 -0.51023 -0.8556 0.08725 -0.54196 -0.83522 0.09322 -0.47573 -0.87578 0.08181 -0.51103 -0.85505 0.08798 -0.98442 -0.00967 0.17555 -0.98424 0 0.17681 0.99985 0 -0.01745 0.99985 0 -0.01745 0.99985 -0 -0.01745 0.99985 0 -0.01745 0.99985 0 -0.01745 0.99985 0 -0.01745 0.97149 0 -0.23708 0.77557 0 -0.63126 0.42939 0 -0.90312 -0.97149 -0 -0.23708 -0.77557 -0 -0.63126 -0.42939 -0 -0.90312 -0.10968 -0.1368 -0.98451 0.11073 0 -0.99385 -0.97493 0 0.22252 -0.78183 0 0.62349 -0.43389 0 0.90097 0.43389 -0 0.90097 0.78183 -0 0.62349 0.97493 -0 0.22252 -0.43388 0 0.90097 0.43388 -0 0.90097 0.78183 -0 0.62349 0.97493 -0 0.22252 -0.43388 0 0.90097 0.43388 -0 0.90097 0.78183 -0 0.62349 0.97493 -0 0.22252 -0.97493 0 0.22252 -0.78183 0 0.62349 0.78183 -0 0.62349 0.97493 -0 0.22252 -0.97493 0 0.22252 -0.78183 0 0.62349 -0.97493 0 0.22252 -0.78183 0 0.62349 -0.97542 -0 -0.22035 -0.96509 0.0416 -0.25859 -0.88518 1E-05 -0.46525 -0.70711 0.0001 -0.70711 -0.6173 0.16295 -0.76967 -0.79544 -4E-05 -0.60603 0.10253 1E-05 -0.99473 -0.06447 -0 -0.99792 -0.25801 0.07883 -0.96292 -0.29221 0.03626 -0.95567 -0.47253 -1E-05 -0.88131 0.37113 0.17558 -0.91183 0.25878 -0.01599 -0.9658 0.65658 0.0108 -0.75418 0.7051 0.07535 -0.7051 0.82302 -3E-05 -0.56802 0.90782 4E-05 -0.41936 0.96351 0.07068 -0.25817 0.98541 0 -0.17019 -0.70711 9E-05 -0.70711 -0.61729 0.16295 -0.76967 0.10253 1E-05 -0.99473 -0.29221 0.03625 -0.95567 -0.47253 -1E-05 -0.88131 0.37113 0.17558 -0.91183 0.96351 0.07067 -0.25818 0.98541 0 -0.17019 -0.99985 0 -0.01745 -0.99985 -0 -0.01745 -0.99985 0 -0.01745 -0.99985 0 -0.01745 -0.99985 -0 -0.01745 -0.99985 0 -0.01745 -0.70711 9E-05 -0.70711 -0.25801 0.07883 -0.96292 -0.2922 0.03625 -0.95567 0.25879 -0.01599 -0.9658 0.65658 0.0108 -0.75418 0.7051 0.07535 -0.7051 0.82301 -3E-05 -0.56803 -0.96509 0.04161 -0.2586 -0.88518 2E-05 -0.46525 -0.61729 0.16296 -0.76967 -0.79544 -3E-05 -0.60603 -0.96509 0.04161 -0.2586 -0.88518 1E-05 -0.46525 -0.6173 0.16295 -0.76967 -0.79544 -4E-05 -0.60603 0.10253 1E-05 -0.99473 -0.25801 0.07883 -0.96292 -0.29221 0.03625 -0.95567 0.37113 0.17558 -0.91183 0.65658 0.0108 -0.75418 0.7051 0.07535 -0.7051 0.82301 -3E-05 -0.56802 0.90782 3E-05 -0.41936 0.96351 0.07067 -0.25817 -0.70711 9E-05 -0.70711 -0.6173 0.16295 -0.76967 0.10253 1E-05 -0.99473 -0.06447 -0 -0.99792 -0.25801 0.07883 -0.96292 -0.29221 0.03626 -0.95567 -0.47254 -1E-05 -0.88131 0.37113 0.17558 -0.91183 0.25878 -0.01599 -0.9658 0.7051 0.07535 -0.7051 0.82301 -3E-05 -0.56802 0.90782 3E-05 -0.41936 0.96351 0.07067 -0.25817 0.98541 0 -0.17019 0.7051 0.07535 -0.7051 0.82301 -3E-05 -0.56802 0.96351 0.07067 -0.25817 -0.97542 -0 -0.22035 -0.96509 0.0416 -0.25859 -0.70711 0.0001 -0.70711 -0.6173 0.16295 -0.76967 -0.79544 -4E-05 -0.60603 0.10253 1E-05 -0.99473 -0.06447 -0 -0.99792 -0.25801 0.07883 -0.96292 -0.29221 0.03625 -0.95567 -0.47253 -1E-05 -0.88131 0.37113 0.17558 -0.91183 0.25878 -0.01599 -0.9658 0.65658 0.0108 -0.75418 0.7051 0.07535 -0.7051 0.82301 -3E-05 -0.56802 -0.96509 0.0416 -0.2586 -0.88518 1E-05 -0.46525 -0.70711 0.0001 -0.70711 -0.6173 0.16295 -0.76967 -0.79544 -4E-05 -0.60603 0.10253 1E-05 -0.99473 -0.25801 0.07883 -0.96292 -0.29221 0.03625 -0.95567 -0.47253 -1E-05 -0.88131 0.37113 0.17558 -0.91183 0.25878 -0.01599 -0.9658 0.65658 0.0108 -0.75418 0.7051 0.07535 -0.7051 0.82301 -3E-05 -0.56802 0.90782 4E-05 -0.41936 0.96351 0.07067 -0.25817 0.98541 0 -0.17019 -0.97542 -0 -0.22035 -0.96509 0.0416 -0.2586 -0.88518 1E-05 -0.46525 -0.70711 0.0001 -0.70711 -0.6173 0.16295 -0.76967 -0.79544 -4E-05 -0.60603 0.10253 1E-05 -0.99473 -0.06447 -0 -0.99792 -0.25801 0.07883 -0.96292 -0.29221 0.03625 -0.95567 -0.47253 -1E-05 -0.88131 0.37113 0.17558 -0.91183 0.25878 -0.01599 -0.9658 0.65658 0.0108 -0.75418 0.7051 0.07535 -0.7051 0.82301 -3E-05 -0.56802 0.90782 4E-05 -0.41935 0.96351 0.07067 -0.25817 0.98541 0 -0.17019 -0.97542 -0 -0.22035 -0.96509 0.0416 -0.25859 -0.70711 9E-05 -0.70711 -0.47254 -1E-05 -0.88131 0.96351 0.07067 -0.25817 -0.96509 0.0416 -0.2586 -0.88518 1E-05 -0.46525 -0.70711 0.0001 -0.70711 -0.6173 0.16295 -0.76967 -0.79544 -4E-05 -0.60603 0.10253 1E-05 -0.99473 0.37113 0.17558 -0.91183 0.82301 -3E-05 -0.56802 0.90782 4E-05 -0.41936 0.96351 0.07067 -0.25817 -0.97542 -0 -0.22035 -0.96509 0.0416 -0.2586 -0.88519 1E-05 -0.46523 0.10253 1E-05 -0.99473 -0.25801 0.07883 -0.96292 0.37113 0.17558 -0.91183 -0.29221 0.03626 -0.95567 0.25878 -0.01599 -0.9658 0.65658 0.0108 -0.75418 -0.97542 -0 -0.22036 -0.96509 0.0416 -0.2586 -0.79545 -4E-05 -0.60603 0.10253 0 -0.99473 -0.06447 -0 -0.99792 -0.25801 0.07883 -0.96292 0.37113 0.17558 -0.91183 0.25879 -0.01599 -0.9658 -0.17001 0.08559 -0.98172 -0.54762 0.0864 -0.83225 -0.84571 0.08593 -0.52667 -0.94036 0.10045 -0.32501 -0.94169 0.08256 -0.32621 -0.89138 0.33491 -0.30541 -0.88355 0.35651 -0.30373 -0.72557 0.64272 -0.2459 -0.7257 0.64256 -0.24594 -0.46542 0.87147 -0.15468 -0.47873 0.86354 -0.15845 -0.16744 0.98472 -0.04784 -0.12236 0.99183 -0.03594 -0.18797 0.97383 -0.12775 -0.15118 0.96707 -0.20474 -0.00925 0.98458 -0.17471 -0.17085 0.19512 -0.96578 -0.14827 0.44082 -0.88527 -0.16153 0.33817 -0.92712 -0.13754 0.6083 -0.7817 -0.13061 0.64518 -0.75278 -0.09903 0.83549 -0.54051 -0.08534 0.87281 -0.48054 -0.02275 0.99497 -0.09754 -0.10233 0.92716 -0.36043 -0.05338 0.99601 -0.07153 -0.25313 0.87287 -0.41717 -0.25491 0.87105 -0.41988 -0.39022 0.6451 -0.65694 -0.39154 0.64234 -0.65886 -0.47669 0.33819 -0.81142 -0.47741 0.33489 -0.81236 -0.28916 -0.80806 -0.51324 -0.38465 0.08506 -0.91913 -0.09675 0.99319 -0.06493 -0.38297 0.87331 -0.3011 -0.38563 0.87147 -0.30303 -0.59532 0.64579 -0.47806 -0.59727 0.64298 -0.47942 -0.73055 0.33848 -0.59306 -0.7316 0.33509 -0.5937 -0.51205 -0.74348 -0.43015 -0.74331 0.08349 -0.66372 0 0.19803 -0.9802 0 0.44574 -0.89516 0 0.61414 -0.7892 0 0.83961 -0.54318 0 0.98462 -0.17472 0.02136 0.9943 -0.10447 0.11702 0.97378 -0.19507 0.19561 0.96693 -0.16368 0.3453 0.92784 -0.14102 0.11458 0.99323 -0.01905 0.07997 0.99665 -0.01689 0.46525 0.87224 -0.15077 0.79744 0.54786 -0.25285 0.65188 0.72795 -0.21246 0.38364 0.91611 -0.11646 0.72771 0.64379 -0.23659 0.89489 0.33585 -0.29391 0.87061 0.40388 -0.28094 0.94477 0.08303 -0.31705 0.93732 0.16005 -0.30954 0.74331 0.08346 -0.66372 0.18102 0.19476 -0.964 0.08319 0.99516 -0.05225 0.39026 0.87091 -0.29869 0.38766 0.87287 -0.29633 0.60414 0.64198 -0.47211 0.60233 0.64496 -0.47036 0.73959 0.33425 -0.5842 0.73874 0.33784 -0.58321 0.43169 -0.82887 -0.35582 0.85271 0.08597 -0.51527 0.06513 0.99395 -0.08847 0.26004 0.87162 -0.41552 0.25865 0.87332 -0.41281 0.39996 0.64334 -0.65279 0.39903 0.64594 -0.6508 0.48818 0.33562 -0.80563 0.48779 0.33879 -0.80454 0.3566 -0.70926 -0.60811 0.54762 0.08637 -0.83226 0.03809 0.9839 -0.17459 0.10294 0.83515 -0.5403 0.09634 0.87267 -0.47871 0.14593 0.60756 -0.78075 0.14314 0.64456 -0.75103 0.1668 0.4395 -0.88262 0.1722 0.33744 -0.92546 0.18983 0.08574 -0.97807 0.39713 0.0853 -0.91379 -0.707 0.70552 0.04897 -0.80025 0.59739 0.05212 -0.70705 0.70271 0.07921 0.69785 0.71287 -0.06951 0.77465 0.6318 -0.02743 0.44032 0.72238 -0.53319 0.49182 0.75603 -0.43189 0.6139 0.70719 -0.35074 0.6222 0.72177 -0.30316 0.66799 0.72101 -0.18421 -0.04858 0.73579 -0.67547 -0.05239 0.73397 -0.67716 0.19899 0.77453 -0.60042 0.08926 0.66006 -0.74589 0.28153 0.76654 -0.57719 -0.68593 0.68639 -0.2416 -0.59242 0.73861 -0.3217 -0.51687 0.71862 -0.46522 -0.47048 0.74292 -0.47615 -0.29924 0.7398 -0.60262 -0.39654 0.6796 -0.61717 -0.22521 0.76535 -0.60293 -0.66302 0.70298 -0.25735 -0.68812 0.72546 -0.01456 -0.70111 0.71204 -0.03796 0.70705 0.70271 0.07921 0.80025 0.59739 0.05212 0.707 0.70552 0.04897 -0.61686 0.70121 0.35747 -0.70407 0.68307 0.19417 -0.69705 0.68896 0.19865 -0.56607 0.68191 0.46321 -0.56673 0.68777 0.45364 -0.42155 0.70011 0.57632 -0.39801 0.67522 0.62102 -0.32623 0.69375 0.6421 -0.17168 0.69908 0.69413 -0.1991 0.68009 0.70557 0.29509 0.67754 0.6737 0.2494 0.70087 0.66827 0.06176 0.68306 0.72775 0.07839 0.67203 0.73636 -0.0403 0.69775 0.71521 0.66008 0.67171 0.3363 0.57194 0.7023 0.42387 0.49256 0.6837 0.53847 0.45667 0.7031 0.54508 0.35747 0.69414 0.62481 0.63801 0.68599 0.34981 0.69015 0.71106 0.13448 0.70149 0.69526 0.15661 0.77465 0.63179 -0.02743 0.44032 0.72238 -0.53319 0.49183 0.75603 -0.43189 0.6222 0.72177 -0.30317 0.66799 0.72101 -0.18421 -0.04858 0.73579 -0.67547 -0.05239 0.73397 -0.67716 0.19899 0.77453 -0.60042 0.08926 0.66006 -0.74589 0.28152 0.76654 -0.57719 -0.59241 0.73861 -0.32171 -0.51687 0.71863 -0.46522 -0.47048 0.74292 -0.47614 -0.2252 0.76535 -0.60293 -0.66302 0.70298 -0.25734 -0.68812 0.72545 -0.01456 -0.70111 0.71204 -0.03796 -0.70407 0.68307 0.19417 -0.69705 0.68896 0.19865 -0.56673 0.68777 0.45364 -0.42156 0.70011 0.57632 -0.39801 0.67522 0.62102 -0.32622 0.69375 0.6421 -0.17168 0.69908 0.69413 -0.1991 0.68009 0.70557 0.29509 0.67754 0.6737 0.2494 0.70087 0.66827 0.57195 0.7023 0.42386 0.49256 0.68369 0.53847 0.638 0.68599 0.34981 0.69015 0.71106 0.13447 0.69784 0.71287 -0.06952 0.49182 0.75603 -0.43189 0.6139 0.70718 -0.35074 0.6222 0.72177 -0.30316 -0.29924 0.7398 -0.60262 -0.39655 0.6796 -0.61717 -0.2252 0.76535 -0.60293 0.70705 0.70271 0.07921 0.80025 0.5974 0.05212 0.70699 0.70552 0.04897 -0.61687 0.70121 0.35746 -0.56607 0.68191 0.46321 -0.56673 0.68777 0.45364 -0.17168 0.69908 0.69413 -0.1991 0.68009 0.70557 0.06176 0.68306 0.72775 0.07839 0.67203 0.73636 -0.0403 0.69775 0.71521 0.66007 0.67172 0.3363 0.57195 0.7023 0.42386 0.638 0.68599 0.34981 0.69015 0.71106 0.13448 0.70148 0.69526 0.15661 -0.68593 0.68639 -0.2416 -0.59242 0.73861 -0.32171 -0.51687 0.71862 -0.46522 -0.47048 0.74292 -0.47615 -0.29924 0.7398 -0.60262 -0.66302 0.70298 -0.25735 0.2494 0.70087 0.66827 0.06176 0.68306 0.72775 0.66008 0.67171 0.3363 0.70149 0.69526 0.15661 0.44032 0.72238 -0.53319 0.49182 0.75603 -0.43189 -0.04858 0.73579 -0.67547 -0.05239 0.73397 -0.67716 0.19899 0.77453 -0.60042 0.08926 0.66006 -0.74589 0.28153 0.76654 -0.57719 -0.68593 0.68639 -0.2416 -0.59242 0.73861 -0.32171 -0.51687 0.71862 -0.46522 -0.47048 0.74292 -0.47615 -0.29924 0.7398 -0.60262 -0.2252 0.76535 -0.60293 -0.66302 0.70298 -0.25735 -0.70407 0.68307 0.19417 -0.69705 0.68896 0.19865 -0.56673 0.68777 0.45364 -0.42155 0.70011 0.57632 -0.39801 0.67522 0.62102 -0.32622 0.69375 0.6421 -0.17168 0.69908 0.69413 -0.1991 0.68009 0.70557 0.29509 0.67754 0.6737 0.2494 0.70087 0.66827 0.06176 0.68306 0.72775 0.07839 0.67203 0.73636 -0.0403 0.69775 0.71521 0.57194 0.7023 0.42386 0.49256 0.6837 0.53847 -0.70699 0.70552 0.04897 -0.80025 0.59739 0.05212 -0.70705 0.70271 0.07921 0.69784 0.71287 -0.06951 0.77465 0.63179 -0.02743 0.6139 0.70719 -0.35074 0.6222 0.72177 -0.30316 0.66799 0.72101 -0.18421 -0.39655 0.67959 -0.61717 -0.2252 0.76535 -0.60293 -0.66302 0.70298 -0.25735 -0.68812 0.72545 -0.01456 -0.70111 0.71204 -0.03796 0.70705 0.70271 0.07921 0.80025 0.59739 0.05212 0.70699 0.70552 0.04897 -0.61687 0.70121 0.35746 -0.69704 0.68896 0.19865 -0.56607 0.68191 0.46321 -0.56673 0.68777 0.45364 -0.17168 0.69908 0.69413 -0.1991 0.68009 0.70557 0.29509 0.67754 0.6737 0.2494 0.70087 0.66827 0.06176 0.68306 0.72775 0.66007 0.67172 0.3363 0.57194 0.7023 0.42386 0.49256 0.6837 0.53847 0.45667 0.7031 0.54508 0.35747 0.69414 0.62481 0.638 0.68599 0.34981 0.69015 0.71106 0.13448 0.70149 0.69526 0.15661 0.6222 0.72177 -0.30317 -0.61686 0.70121 0.35746 -0.70406 0.68307 0.19417 0.06176 0.68306 0.72775 0.07839 0.67203 0.73636 -0.0403 0.69775 0.71521 0.66008 0.67171 0.3363 0.70149 0.69526 0.15661 -0.70699 0.70552 0.04897 -0.80025 0.59739 0.05212 -0.70705 0.70271 0.07921 0.49182 0.75603 -0.43189 0.6139 0.70719 -0.35074 0.6222 0.72177 -0.30316 -0.04858 0.73579 -0.67547 -0.68593 0.68639 -0.2416 -0.59242 0.73861 -0.32171 -0.51687 0.71862 -0.46522 -0.47048 0.74292 -0.47615 -0.29924 0.7398 -0.60262 -0.39654 0.6796 -0.61717 -0.2252 0.76535 -0.60293 -0.66302 0.70298 -0.25735 -0.68812 0.72545 -0.01456 -0.70111 0.71204 -0.03796 -0.61686 0.70121 0.35746 -0.70407 0.68307 0.19417 -0.69704 0.68896 0.19865 -0.56607 0.68191 0.46321 -0.42156 0.70011 0.57632 -0.39801 0.67522 0.62102 -0.32622 0.69375 0.6421 -0.17168 0.69908 0.69413 -0.1991 0.68009 0.70557 0.29509 0.67754 0.6737 0.2494 0.70087 0.66827 0.57195 0.7023 0.42386 0.49256 0.6837 0.53847 0.638 0.68599 0.34981 0.69015 0.71106 0.13448 0.70149 0.69526 0.15661 -0.70699 0.70552 0.04897 -0.80025 0.59739 0.05212 -0.70705 0.70271 0.07921 0.69784 0.71287 -0.06951 0.77465 0.63179 -0.02743 0.6139 0.70719 -0.35074 0.6222 0.72177 -0.30316 0.66799 0.72101 -0.18421 -0.04858 0.73579 -0.67547 0.19899 0.77453 -0.60042 0.08926 0.66006 -0.74589 0.28153 0.76654 -0.57719 -0.59242 0.73861 -0.32171 -0.51687 0.71862 -0.46522 -0.47048 0.74292 -0.47615 -0.39655 0.6796 -0.61717 -0.2252 0.76535 -0.60293 -0.68812 0.72545 -0.01456 -0.70111 0.71204 -0.03796 0.70705 0.70271 0.07921 0.80025 0.59739 0.05212 0.70699 0.70552 0.04897 -0.61686 0.70121 0.35747 -0.70407 0.68307 0.19417 -0.69705 0.68896 0.19865 -0.56607 0.68191 0.46321 -0.56673 0.68777 0.45364 -0.42155 0.70011 0.57632 -0.39801 0.67522 0.62102 -0.32622 0.69375 0.6421 -0.17168 0.69908 0.69413 -0.1991 0.68009 0.70557 0.29509 0.67754 0.6737 0.2494 0.70087 0.66827 0.06176 0.68306 0.72775 0.07839 0.67203 0.73636 -0.0403 0.69775 0.71521 0.66008 0.67171 0.3363 0.57194 0.7023 0.42386 0.49256 0.6837 0.53847 0.45667 0.7031 0.54508 0.35747 0.69414 0.62481 0.638 0.68599 0.34981 0.70149 0.69526 0.15661 -0.70699 0.70552 0.04897 -0.80025 0.59739 0.05212 -0.70705 0.70271 0.07921 0.69784 0.71287 -0.06951 0.77465 0.63179 -0.02743 0.44032 0.72238 -0.53319 0.49182 0.75603 -0.43189 0.6139 0.70719 -0.35074 0.6222 0.72177 -0.30317 0.66799 0.72101 -0.18421 -0.04858 0.73579 -0.67547 -0.05239 0.73397 -0.67716 0.19899 0.77453 -0.60042 0.08926 0.66006 -0.74589 0.28153 0.76654 -0.57719 -0.68593 0.68639 -0.2416 -0.59242 0.73861 -0.32171 -0.51687 0.71862 -0.46522 -0.47048 0.74292 -0.47615 -0.29924 0.7398 -0.60262 -0.39655 0.6796 -0.61717 -0.2252 0.76535 -0.60293 -0.66302 0.70298 -0.25735 -0.68812 0.72545 -0.01456 -0.70111 0.71204 -0.03796 0.70705 0.70271 0.07921 0.80025 0.59739 0.05212 0.70699 0.70552 0.04897 -0.61686 0.70121 0.35746 -0.70407 0.68307 0.19417 -0.69705 0.68896 0.19865 -0.56607 0.68191 0.46321 -0.56673 0.68777 0.45364 -0.42155 0.70011 0.57632 -0.39801 0.67522 0.62102 -0.32622 0.69375 0.6421 -0.17168 0.69908 0.69413 -0.1991 0.68009 0.70557 0.29509 0.67754 0.6737 0.2494 0.70087 0.66827 0.06176 0.68306 0.72775 0.07839 0.67203 0.73636 -0.0403 0.69775 0.71521 0.66008 0.67171 0.3363 0.57194 0.7023 0.42386 0.49256 0.6837 0.53847 0.45667 0.7031 0.54508 0.35747 0.69414 0.62481 0.638 0.68599 0.34981 0.69015 0.71106 0.13448 0.70149 0.69526 0.15661 0.69784 0.71287 -0.06951 0.77465 0.63179 -0.02743 0.44032 0.72238 -0.53319 0.49182 0.75603 -0.43189 0.6139 0.70719 -0.35074 -0.68593 0.68639 -0.2416 -0.59242 0.73861 -0.32171 -0.51687 0.71862 -0.46522 -0.47048 0.74292 -0.47615 -0.29924 0.7398 -0.60262 -0.39655 0.6796 -0.61717 -0.66302 0.70298 -0.25735 -0.68812 0.72545 -0.01456 -0.70111 0.71204 -0.03796 -0.69705 0.68896 0.19865 -0.56607 0.68191 0.46321 -0.56673 0.68777 0.45364 -0.42156 0.70011 0.57632 -0.17168 0.69908 0.69413 -0.1991 0.68009 0.70557 0.06176 0.68306 0.72775 0.07839 0.67203 0.73636 0.66008 0.67171 0.3363 0.57194 0.7023 0.42386 0.49256 0.6837 0.53847 0.638 0.68599 0.34981 0.69015 0.71106 0.13448 0.70149 0.69526 0.15661 0.69784 0.71287 -0.06951 -0.04858 0.73579 -0.67547 -0.05239 0.73397 -0.67716 0.19899 0.77453 -0.60042 0.08926 0.66006 -0.74589 0.28153 0.76654 -0.57719 -0.59241 0.73861 -0.32171 -0.51687 0.71862 -0.46522 -0.47048 0.74292 -0.47614 -0.70111 0.71204 -0.03796 0.70705 0.70271 0.07921 0.80025 0.59739 0.05212 0.70699 0.70552 0.04897 -0.61686 0.70121 0.35747 -0.70407 0.68307 0.19417 -0.69705 0.68896 0.19865 -0.56673 0.68777 0.45364 -0.17168 0.69908 0.69413 0.29509 0.67754 0.6737 0.2494 0.70087 0.66827 0.06176 0.68306 0.72775 0.66008 0.67171 0.3363 0.57194 0.7023 0.42386 0.49256 0.6837 0.53847 0.45667 0.7031 0.54508 0.35747 0.69414 0.62481 0.70149 0.69526 0.15661 0.49182 0.75603 -0.43189 0.6139 0.70718 -0.35074 -0.04858 0.73579 -0.67547 -0.68594 0.68638 -0.24159 -0.29924 0.7398 -0.60262 -0.39654 0.6796 -0.61717 -0.66302 0.70298 -0.25735 -0.70111 0.71204 -0.03796 0.07839 0.67203 0.73636 0.63801 0.68599 0.34981 0.69015 0.71106 0.13448 0.6222 0.72177 -0.30317 -0.2252 0.76535 -0.60293 -0.68812 0.72545 -0.01456 -0.56606 0.68191 0.46321 -0.42156 0.70011 0.57632 -0.17168 0.69908 0.69413 0.57195 0.7023 0.42386 -0.51687 0.71862 -0.46522 -0.47048 0.74292 -0.47615 -0.29924 0.7398 -0.60262 -0.56607 0.68191 0.46321 -0.0403 0.69775 0.71521 0.63801 0.68599 0.34981 -0.70699 0.70552 0.04897 -0.80025 0.5974 0.05212 -0.70705 0.70271 0.07921 -0.68812 0.72545 -0.01456 -0.70111 0.71204 -0.03796 -0.69704 0.68896 0.19865 -0.04858 0.73579 -0.67547 -0.46244 0.69928 0.54512 -0.56802 0.70135 0.43065 -0.70406 0.68308 0.19417 -0.38321 0.67111 0.63463 -0.39263 0.68538 0.61327 -0.22895 0.69929 0.67718 -0.17836 0.67132 0.71938 -0.11815 0.69135 0.71279 0.06032 0.69971 0.71188 0.0364 0.67864 0.73357 0.26014 0.70107 0.66395 0.29297 0.6829 0.66919 0.39851 0.69915 0.59362 0.5046 0.67682 0.536 0.5852 0.70419 0.40206 0.64695 0.67541 0.35393 0.6519 0.69427 0.30499 -0.46244 0.69928 0.54512 -0.56802 0.70135 0.43066 0.06032 0.69971 0.71188 0.0364 0.67864 0.73357 0.26014 0.70107 0.66395 0.29297 0.6829 0.66919 0.5852 0.70419 0.40206 0.64695 0.67541 0.35394 0.6519 0.69427 0.30497 -0.55557 0 -0.83147 -0.08254 -0.96119 0.26326 -0.06543 -0.97379 0.21781 -0.13212 -0.96245 0.23715 -0.14337 -0.96554 0.2172 -0.04362 -0.96878 0.24407 -0.02465 -0.96077 0.27625 -0.0555 -0.93436 0.35198 -0.00812 -0.92076 0.39005 -0.38819 -0.8041 0.45026 -0.06395 -0.96104 0.2689 -0.22426 -0.82788 0.51412 -0.06681 -0.81768 0.57179 -0.38892 -0.52014 0.76039 -0.60375 -0.54796 0.57898 -0.61791 -0.51215 0.59657 -0.1163 -0.40258 0.90797 -0.12837 -0.57478 0.80818 -0.09422 -0.75051 0.6541 -0.92336 -0.16028 0.34888 -0.75577 -0.54932 0.35645 -0.78345 -0.51457 0.34846 -0.47639 -0.82825 0.29505 -0.51551 -0.80507 0.29345 -0.13615 -0.97191 0.19195 -0.17645 -0.96505 0.19377 -0.91016 -0.20076 0.36235 -0.81621 -0.17576 0.55038 -0.77464 -0.00715 0.63236 -0.70164 -0.19433 0.68552 -0.48632 -0.16523 0.85801 -0.53798 -0.01147 0.84288 -0.36683 -0.18656 0.91139 -0.10833 -0.96432 0.24154 -0.36498 -0.82885 0.42402 -0.23174 -0.81169 0.53614 -0.38534 -0.54365 0.74563 -0.13307 -0.52825 0.8386 -0.16956 -0.17242 0.97032 -0.16664 -0.1822 0.96904 0.00221 -0.66042 0.7509 0.00387 -0.72142 0.69248 -0.00137 -0.57957 0.81492 0.00021 -0.75387 0.65703 0 -0.92079 0.39006 -0.00521 -0.97059 0.24069 0 -0.88868 0.45852 0 -0.75387 0.65703 -0.00054 -0.78464 0.61995 0.00137 -0.57957 0.81492 -0.00386 -0.72133 0.69258 -0.00221 -0.66045 0.75087 0 -0.55509 0.83179 0 -0.40533 0.91417 0 -0.18479 0.98278 0 -0.97119 0.23831 0.0017 -0.92079 0.39006 0 -0.7852 0.61924 0.13896 -0.40139 0.9053 0.94065 -0.17347 0.29168 0.03259 -0.9203 0.38985 0.05214 -0.95731 0.28433 0.09456 -0.96278 0.25319 0.07877 -0.96064 0.26641 0.04469 -0.96962 0.24052 0.05079 -0.96167 0.26948 0.03607 -0.9609 0.27452 0.08161 -0.97432 0.20985 0.12994 -0.95624 0.26215 0.14132 -0.97017 0.19697 0.1319 -0.97271 0.1909 0.16783 -0.97112 0.16957 0.15716 -0.18249 0.97057 0.18151 -0.32264 0.92895 0.49261 -0.04016 0.86932 0.11933 -0.57543 0.8091 0.11518 -0.529 0.84077 0.37703 -0.54306 0.75029 0.38094 -0.51843 0.76558 0.59332 -0.54757 0.59003 0.06164 -0.75243 0.65578 0.07064 -0.82008 0.56788 0.21924 -0.82768 0.51661 0.22715 -0.81069 0.53961 0.35805 -0.82857 0.43043 0.37747 -0.80666 0.45477 0.8455 -0.16114 0.50909 0.80043 -0.39313 0.4525 0.72264 0.07858 0.68674 0.93853 -0.19468 0.28508 0.79512 -0.52775 0.29878 0.88746 -0.11606 0.44603 0.50535 -0.16809 0.84639 0.72989 -0.19746 0.65442 0.60491 -0.51577 0.60668 0.75296 -0.55047 0.36061 0.46997 -0.8288 0.30369 0.66478 -0.68526 0.29746 0.49501 -0.81469 0.30206 0.27574 -0.94922 0.15146 0.77306 -0.61933 0.13716 0.49265 -0.86684 0.07665 0.49327 -0.86733 0.06647 0.01067 -0.99994 0.00202 0.09494 -0.99545 0.00836 0.33726 -0.94058 0.03956 0.34269 -0.93863 0.03914 0.27838 -0.95948 0.04353 0.09236 -0.99563 0.01354 0.08692 -0.99617 0.0093 0.53338 -0.83734 0.11988 0.58213 -0.80501 0.11434 0.50026 -0.86198 0.08207 0.49457 -0.86555 0.07893 0.77335 -0.61957 0.13441 0.77386 -0.61932 0.13262 0.79014 -0.5998 0.12618 0.94815 -0.26608 0.17383 0.94833 -0.26623 0.17259 0.94908 -0.2645 0.17114 0.95223 -0.25516 0.16776 0.81565 -0.55038 0.1783 0.88792 -0.43288 0.15563 0.83169 -0.52885 0.16916 0.52477 -0.836 0.16038 0.52871 -0.83354 0.16022 0.14755 -0.9812 0.12439 0.21937 -0.97109 0.09418 0.22815 -0.96906 0.09421 0.16035 -0.98533 0.05844 0.32972 -0.94322 0.04024 0.96236 -0.18729 0.19692 0.96655 -0.17602 0.18653 0.81428 -0.54189 0.20809 0.81079 -0.54667 0.20922 0.68373 -0.70007 0.20594 0.51936 -0.83197 0.1952 0.51718 -0.83348 0.19451 0.17064 -0.97322 0.15404 -0.91673 -0.36563 0.16097 -0.96292 -0.18332 0.19792 -0.91657 -0.35321 0.18745 -0.9725 -0.1567 0.17231 -0.96381 -0.18179 0.19501 -0.71811 -0.68677 0.11255 -0.71444 -0.69034 0.11403 -0.7117 -0.6879 0.1424 -0.83503 -0.53217 0.13969 -0.47771 -0.87693 0.05275 -0.45875 -0.887 0.05268 -0.34988 -0.93533 0.05235 -0.57 -0.81689 0.08822 -0.01066 -0.99994 0.00263 -0.33208 0.94299 0.0222 -0.25224 -0.96738 0.02341 -0.16807 -0.98487 0.04232 -0.22231 -0.97215 0.07422 -0.22931 -0.97045 0.07509 -0.14538 -0.98373 0.10555 -0.27842 -0.9514 0.13162 -0.12658 -0.98241 0.13726 -0.18346 -0.97064 0.15555 -0.81869 -0.54034 0.1944 -0.81454 -0.5463 0.19512 -0.82046 -0.5509 0.15281 -0.82454 -0.54598 0.14845 -0.56332 -0.82129 0.09027 -0.53604 -0.83724 0.10812 -0.53342 -0.83494 0.13545 -0.53003 -0.83706 0.13563 -0.52348 -0.83195 0.18391 -0.53747 -0.82305 0.18359 0.43389 0 -0.90097 0.78183 0 -0.62349 0.97493 0 -0.22252 -0.43389 0 -0.90097 -0.74023 0 -0.67236 -0.7816 -0.02455 -0.6233 -0.87128 0 -0.49079 -0.97493 0 -0.22252 0.98577 0 0.16811 0.97477 0.01072 0.22294 0.92365 0 0.38324 0.84605 -0 0.5331 0.78148 0.01439 0.62377 0.70621 0 0.708 0.57722 -0 0.81659 0.4337 0.011 0.90099 0.37904 -0.00041 0.92538 0.05145 0.00042 0.99868 0 0.01045 0.99995 -0.16994 -0 0.98546 -0.33282 -0 0.94299 -0.43364 0.01437 0.90097 -0.53432 -0 0.84528 -0.66852 0 0.74369 -0.78157 0.01115 0.62372 -0.81907 -0.0006 0.5737 -0.97492 0.00079 0.22255 -0.97562 0 0.21946 0.98577 0 0.16812 0.97477 0.01072 0.22295 0.92366 0 0.38322 0.84605 -0 0.53311 0.78148 0.01439 0.62376 0.70621 -0 0.708 0.57722 -0 0.81659 0.4337 0.011 0.90099 -0.16994 -0 0.98546 -0.33282 0 0.94299 -0.43364 0.01437 0.90097 -0.66853 0 0.74368 -0.78157 0.01115 0.62372 -0.81906 -0.0006 0.5737 0.97493 0 -0.22253 0.43388 0 -0.90097 0.74023 0 -0.67236 0.7816 -0.02455 -0.6233 0.87129 0 -0.49077 -0.43388 0 -0.90097 -0.78183 0 -0.62349 0.02216 -0.99975 -0.00044 -0.0252 -0.99968 -0.002 -0.00202 -1 0.00045 0 -0.99863 -0.05224 0.08264 -0.99585 -0.03813 0.08511 -0.99626 -0.01466 0.04433 -0.99901 -0.00278 -0.04978 -0.99874 -0.00634 -0.07662 -0.99687 -0.01933 -0.07854 -0.99617 -0.0384 0.48886 -0.87205 -0.02321 0.4498 -0.893 -0.01528 0.40807 -0.91291 -0.00822 -0.12554 -0.99209 0 0 -0.99993 -0.01161 0.13151 -0.99132 0 0.33704 -0.94149 0 0.96558 0.01793 0.25948 0.90867 0 0.41751 0.82553 -0 0.56436 0.79321 0.00479 0.60893 0.66421 -0.00717 0.74751 0.60867 0.00221 0.79342 0.51458 0 0.85744 0.36333 -0 0.93166 0.38285 -0.00364 0.9238 0.1098 0.00315 0.99395 0.13066 0 0.99143 -0.05852 0 0.99829 -0.13054 0.00486 0.99143 -0.28186 -0.00797 0.95942 -0.38266 0.00382 0.92388 -0.46966 -0 0.88285 -0.61108 0 0.79157 -0.60877 -0.00045 0.79335 -0.79512 0.00044 0.60645 -0.79335 -0 0.60877 -0.88557 0 0.4645 -0.96577 0.01023 0.25921 -0.97562 0 0.21945 0.60867 0.00221 0.79342 0.51458 -0 0.85744 0.36333 -0 0.93166 0.38285 -0.00364 0.9238 0.1098 0.00315 0.99395 0.13066 0 0.99143 -0.05852 -0 0.99829 -0.38267 0.00382 0.92388 -0.46966 0 0.88285 -0.61108 0 0.79157 -0.60876 -0.00045 0.79335 -0.88559 0 0.46447 -0.96577 0.01023 0.25921 0.96558 0.01793 0.25949 0.90868 0 0.4175 0.82552 0 0.56437 0.38285 -0.00364 0.9238 0.1098 0.00315 0.99395 0.13066 0 0.99143 -0.46967 -0 0.88284 -0.60876 -0.00045 0.79335 -0.79512 0.00044 0.60645 -0.79335 -0 0.60877 -0.96577 0.01023 0.25921 0.78183 0 -0.62349 0.82553 -0 0.56436 0.79321 0.00479 0.60893 0.38285 -0.00364 0.9238 0.1098 0.00315 0.99395 0.13066 0 0.99143 -0.05852 -0 0.99829 -0.38267 0.00382 0.92388 -0.46967 -0 0.88284 -0.60876 -0.00045 0.79335 -0.79512 0.00044 0.60645 -0.79335 -0 0.60877 -0.96577 0.01023 0.25921 -0.97562 0 0.21945 0.43388 0 -0.90097 -0.43388 0 -0.90097 0.79321 0.00479 0.60893 0.66421 -0.00717 0.74751 0.60867 0.00221 0.79342 0.36333 -0 0.93166 0.38285 -0.00364 0.9238 0.1098 0.00315 0.99395 0.13066 0 0.99143 -0.13054 0.00486 0.99143 -0.28186 -0.00797 0.95942 -0.46967 -0 0.88284 -0.61108 0 0.79157 -0.60876 -0.00045 0.79335 -0.88558 0 0.46448 -0.96577 0.01023 0.25921 0.98577 0 0.16811 0.96558 0.01793 0.25949 0.90868 0 0.4175 0.82553 -0 0.56436 0.79321 0.00479 0.60892 -0.96577 0.01023 0.25921 0.78183 0 -0.62349 0.97493 0 -0.22252 0.98577 0 0.16811 0.96558 0.01793 0.25949 0.90867 0 0.41751 0.82553 -0 0.56436 0.79321 0.00479 0.60893 0.66421 -0.00717 0.74751 0.60867 0.00221 0.79342 0.51458 -0 0.85744 0.36333 -0 0.93166 0.38285 -0.00364 0.9238 0.1098 0.00315 0.99395 0.13066 0 0.99143 -0.13054 0.00486 0.99143 -0.28186 -0.00797 0.95942 -0.38267 0.00382 0.92388 -0.46966 -0 0.88285 -0.61108 0 0.79157 -0.60876 -0.00045 0.79335 -0.79512 0.00044 0.60645 -0.79335 -0 0.60877 -0.96577 0.01023 0.25921 -0.97562 0 0.21945 0.78183 0 -0.62349 0.97493 0 -0.22252 -0.78183 0 -0.62349 -0.97493 0 -0.22252 0.98577 0 0.16811 0.96558 0.01793 0.25949 0.90867 0 0.41751 0.82553 -0 0.56436 0.79321 0.00479 0.60893 0.60867 0.00221 0.79342 0.51458 -0 0.85744 0.36333 -0 0.93166 0.38285 -0.00364 0.9238 0.1098 0.00315 0.99395 0.13066 0 0.99143 -0.05852 -0 0.99829 -0.13054 0.00486 0.99143 -0.28186 -0.00797 0.95942 -0.38267 0.00382 0.92388 -0.46966 -0 0.88284 -0.61108 0 0.79157 -0.60876 -0.00045 0.79335 -0.79512 0.00044 0.60645 -0.79335 -0 0.60877 -0.88558 0 0.46449 -0.96577 0.01023 0.25921 0.43388 0 -0.90097 0.78183 0 -0.62349 0.97493 0 -0.22252 -0.43388 0 -0.90097 -0.78183 0 -0.62349 0.98577 0 0.16811 0.96558 0.01793 0.25949 0.90867 0 0.41751 0.82553 -0 0.56436 0.79321 0.00479 0.60893 0.66421 -0.00717 0.74751 0.60867 0.00221 0.79342 0.51458 -0 0.85744 0.36333 -0 0.93166 0.38285 -0.00364 0.9238 0.1098 0.00315 0.99395 0.13066 0 0.99143 -0.05852 -0 0.99829 -0.13054 0.00486 0.99143 -0.28186 -0.00797 0.95942 -0.38267 0.00382 0.92388 -0.46967 -0 0.88284 -0.61108 0 0.79157 -0.60876 -0.00045 0.79335 -0.79512 0.00044 0.60645 -0.79335 -0 0.60877 -0.88558 0 0.46449 -0.96577 0.01023 0.25921 -0.43706 0 -0.89943 0.43388 0 -0.90097 0.78183 0 -0.62349 0.97493 0 -0.22252 0.43706 0 -0.89943 0.43725 -0.00195 -0.89934 0.11509 0.00098 -0.99335 0 -0.03092 -0.99952 -0.11586 0.00097 -0.99326 -0.43388 -0.00191 -0.90097 -0.78183 0 -0.62349 -0.97493 0 -0.22252 0.96558 0.01793 0.25949 -0.61108 0 0.79157 -0.60876 -0.00045 0.79335 -0.79512 0.00044 0.60645 -0.97493 0 -0.22252 0.96558 0.01793 0.25949 0.90867 0 0.41751 0.82553 -0 0.56436 0.79321 0.00479 0.60893 -0.46967 -0 0.88284 -0.88558 0 0.46449 -0.96577 0.01023 0.25921 0.96558 0.01793 0.25949 0.90867 0 0.41751 -0.05852 0 0.99829 -0.13054 0.00486 0.99143 -0.78183 0 -0.62349 -0.97493 0 -0.22252 0.60867 0.00221 0.79342 0.51458 -0 0.85744 0.36333 -0 0.93166 0.38285 -0.00364 0.9238 -0.46966 -0 0.88285 -0.61108 0 0.79157 -0.79512 0.00044 0.60645 0.96558 0.01793 0.25949 0.90867 0 0.41751 0.79322 0.00479 0.60892 0.66421 -0.00717 0.74751 0.60867 0.00221 0.79342 0.36333 -0 0.93166 -0.13054 0.00486 0.99143 -0.28186 -0.00797 0.95942 -0.78183 0 -0.62349 -0.97493 0 -0.22253 0.82552 -0 0.56437 0.79321 0.00479 0.60893 -0.43388 -0.00191 -0.90097 -0.43706 0 -0.89943 0 0.00197 -1 -0.14097 -0.07693 -0.98702 -0.00545 -0.03096 -0.99951 0.12835 0 -0.99173 0.1676 -0.15878 -0.97298 0.09198 -0.99265 0.07868 0.09172 0.98977 0.10925 0.09115 0.98371 0.15491 0.09115 0.98371 0.15491 0.27036 0.95022 0.15491 0.27036 0.95022 0.15491 0.44036 0.88436 0.15491 0.44036 0.88436 0.15491 0.59536 0.78838 0.15491 0.59536 0.78838 0.15491 0.73009 0.66556 0.15491 0.73009 0.66556 0.15491 0.83995 0.52008 0.15491 0.83995 0.52008 0.15491 0.92122 0.35688 0.15491 0.92122 0.35688 0.15491 0.96028 0.23172 0.15543 0.97259 0.18181 0.14497 0.97758 0.14212 0.15535 0.9868 0.04562 0.15539 0.98946 0 0.14481 0.9868 -0.04562 0.15539 0.97111 -0.18153 0.15491 0.98033 -0.14252 0.13652 0.96028 -0.23172 0.15543 0.92122 -0.35688 0.15491 0.92122 -0.35688 0.15491 0.83995 -0.52008 0.15491 0.83995 -0.52008 0.15491 0.73009 -0.66556 0.15491 0.73009 -0.66556 0.15491 0.59536 -0.78838 0.15491 0.59536 -0.78838 0.15491 0.44036 -0.88436 0.15491 0.44036 -0.88436 0.15491 0.27036 -0.95022 0.15491 0.27036 -0.95022 0.15491 0.09115 -0.98371 0.15491 0.09222 0.9952 0.03269 0.09198 0.99265 0.07868 0.10762 0.98973 0.0941 0.27245 0.95757 0.09397 0.27245 0.95757 0.09397 0.44377 0.8912 0.09397 0.44377 0.8912 0.09397 0.59997 0.79449 0.09397 0.59997 0.79449 0.09397 0.73574 0.67071 0.09397 0.73574 0.67071 0.09397 0.84645 0.5241 0.09397 0.84645 0.5241 0.09397 0.92835 0.35964 0.09397 0.92835 0.35964 0.09397 0.97862 0.18294 0.09397 0.97862 0.18294 0.09397 0.99557 0 0.09397 0.97862 -0.18294 0.09397 0.97862 -0.18294 0.09397 0.92835 -0.35964 0.09397 0.92835 -0.35964 0.09397 0.84645 -0.5241 0.09397 0.84645 -0.5241 0.09397 0.73574 -0.67071 0.09397 0.73574 -0.67071 0.09397 0.59997 -0.79449 0.09397 0.59997 -0.79449 0.09397 0.44377 -0.8912 0.09397 0.44377 -0.8912 0.09397 0.27245 -0.95757 0.09397 0.27245 -0.95757 0.09397 0.09186 -0.99133 0.09397 0.1226 -0.98646 0.10888 0.09222 0.9952 0.03269 0.27352 0.96131 0.03269 0.27352 0.96131 0.03269 0.4455 0.89468 0.03269 0.4455 0.89468 0.03269 0.60231 0.79759 0.03269 0.60231 0.79759 0.03269 0.73861 0.67333 0.03269 0.73861 0.67334 0.03269 0.84976 0.52615 0.03269 0.84976 0.52615 0.03269 0.93197 0.36105 0.03269 0.93197 0.36105 0.03269 0.98245 0.18365 0.03269 0.98245 0.18365 0.03269 0.99947 0 0.03269 0.98245 -0.18365 0.03269 0.98245 -0.18365 0.03269 0.93197 -0.36105 0.03269 0.93197 -0.36105 0.03269 0.84976 -0.52615 0.03269 0.84976 -0.52615 0.03269 0.73861 -0.67333 0.03269 0.73861 -0.67334 0.03269 0.60231 -0.79759 0.03269 0.60231 -0.79759 0.03269 0.4455 -0.89468 0.03269 0.4455 -0.89468 0.03269 0.27352 -0.96131 0.03269 0.27352 -0.96131 0.03269 0.09222 -0.9952 0.03269 0.09222 -0.9952 0.03269 0 0.99949 0.03193 -1E-05 0.99951 0.03143 3E-05 0.99944 0.03357 0.00032 0.99934 0.03625 -0.00571 0.99978 0.02041 0.0002 0.99952 0.03113 0 0.99962 0.02755 -0.00179 0.99972 0.02359 -0.00048 0.99966 0.02612 -0.00051 0.99966 0.02607 -1E-05 0.99951 0.03143 -0.01963 0.99967 0.01669 -0.05623 0.99832 0.01409 -0.0073 0.99984 0.01653 0 0.99984 0.01777 -0.01081 0.99966 0.02372 -0 0.9995 0.0316 0.00039 0.99954 0.0304 0.00027 0.99956 0.02953 -0.0002 0.99969 0.02505 -1E-05 0.99951 0.03143 3E-05 0.99944 0.03357 0.00032 0.99934 0.03625 0.0001 0.99926 0.03844 -0.00024 0.9994 0.03475 -0.00132 0.99956 0.02974 0.0001 0.99926 0.03844 -0.00024 0.9994 0.03475 -0.00132 0.99956 0.02974 0.00074 0.99947 0.03251 0.00139 0.99937 0.03544 0.01866 0.99559 0.09192 -0.00801 0.99996 0.00309 -0.00059 0.99969 0.02486 -0 0.99998 0.00599 0.00304 0.99987 0.01563 0.00085 0.99959 0.02862 0.00191 0.99953 0.03075 0.09622 0.98229 0.16076 0.00497 0.99945 0.03274 0.01818 0.99874 0.04681 3E-05 0.99944 0.03357 0.00032 0.99934 0.03625 0.0001 0.99926 0.03844 -0.00132 0.99956 0.02974 0.0001 0.99926 0.03844 -0.00024 0.9994 0.03475 -0.00496 0.99991 0.01281 -0.01233 0.99991 0.00544 -0.0014 0.99988 0.01559 0.00324 0.99981 0.01928 0.00768 0.99973 0.02209 0.01464 0.99957 0.02544 -0 0.99949 0.03194 -9E-05 0.99947 0.03244 0.00012 0.99934 0.03641 -0.00024 0.9994 0.03475 0.0001 0.99926 0.03844 -0.08676 0.99581 0.0289 0.03451 0.99887 0.03268 0.08971 0.99481 0.04804 -0.34473 0.93761 0.04528 -0.02888 0.9993 0.02375 -0.01313 0.99969 0.02129 -0.00601 0.99979 0.01938 -0.00124 0.99985 0.0174 0.00455 0.99989 0.01413 0.01992 0.99979 0.00369 -0.00305 0.99999 -0.00323 -0.00149 0.99981 0.0195 -0.00112 0.99982 0.01885 -0 0.99986 0.0167 -0.00238 0.99999 0.00435 0.00032 0.99934 0.03625 -0.00407 0.99998 -0.00453 0.00213 0.99954 0.03042 0.00146 0.99965 0.02623 0.00168 0.99968 0.02538 0.00258 0.99955 0.02975 0.0035 0.99942 0.03385 0.0001 0.99926 0.03844 -0.00196 0.99996 0.00922 -0.18185 0.69039 -0.70021 -0.00132 0.99956 0.02974 -0.00024 0.9994 0.03475 0.00197 0.9997 0.02423 0.00324 0.99958 0.02875 0.00459 0.99944 0.03303 -0.00132 0.99956 0.02974 -0.01282 0.99979 -0.01607 -0.00166 0.99992 0.01262 0.00239 0.99974 0.02258 0.0001 0.99926 0.03844 -0.00024 0.9994 0.03475 -0.00537 0.99993 0.01088 0.00664 0.99948 0.03148 0.00438 0.99962 0.02704 -0.01608 0.99987 -0.00285 -0.00144 0.99988 0.01512 0.00304 0.99979 0.02004 -0.00024 0.9994 0.03475 -0.00132 0.99956 0.02974 0.00129 0.99964 0.02689 0.00182 0.99952 0.03088 -0.00611 0.99971 -0.02346 -0.00132 0.99956 0.02974 0.0001 0.99926 0.03844 -0.00024 0.9994 0.03475 0.00675 0.9997 0.02348 0.01201 0.99955 0.02742 0.02086 0.99924 0.03283 0.01573 0.99918 0.03728 -0.02391 0.99659 0.07899 0 0.9976 0.06924 0 0.99396 0.10971 0.02642 0.98844 0.14929 0.01078 0.98777 0.15555 0.00101 0.99128 0.13178 -0.00346 0.9937 0.11201 0.01483 0.98784 0.15476 0.00764 0.98727 0.15885 0.00133 0.98661 0.16311 3E-05 0.98978 0.1426 0.00186 0.98521 0.17134 -0.00824 0.98532 0.17049 0.00069 0.98663 0.163 0 0.98644 0.16413 -0.00304 0.98833 0.15233 -0.00462 0.98921 0.14646 -0.00609 0.98994 0.14139 -4E-05 0.99015 0.13998 -0.00036 0.99053 0.13728 0.0017 0.98942 0.14509 0.00033 0.99026 0.13923 -0.00036 0.99911 0.04212 0 0.99915 0.04112 0 0.99371 0.11201 0 0.99119 0.13247 0.00029 0.99129 0.13166 -0.0001 0.99078 0.13546 -0.00271 0.9885 0.15118 -0.00395 0.98935 0.14551 0.00521 0.98281 0.18456 0.00033 0.99026 0.13923 -0.00036 0.99911 0.04212 -0.0001 0.99078 0.13546 -0.00036 0.99911 0.04212 0.00029 0.99129 0.13166 -0.0001 0.99078 0.13546 0.00033 0.99026 0.13923 0.0017 0.98942 0.14509 0.03525 0.96194 0.27097 0.00173 0.98556 0.1693 -0.00346 0.9881 0.15379 -0.00557 0.989 0.1478 -0.0076 0.98977 0.14247 0.01582 0.98 0.19836 0.00161 0.98587 0.16752 -0.00401 0.98779 0.15571 -0.00701 0.98869 0.14983 -0.01011 0.98949 0.14426 0.00033 0.99026 0.13923 0.00862 0.9846 0.17464 0.0224 0.98097 0.19287 0.00152 0.98613 0.16596 -0.00477 0.98737 0.15837 -0.00945 0.98814 0.15326 -0.01508 0.9889 0.14781 -0.01448 0.98695 0.16035 -0.02966 0.98696 0.15819 -0.08973 0.98419 0.15272 -0.33046 0.93448 0.13242 0.0017 0.98942 0.14509 0.00751 0.98592 0.16706 0.00143 0.98636 0.16459 -0.00589 0.98673 0.16227 -0.00036 0.99911 0.04212 0.00029 0.99129 0.13166 -0.0001 0.99078 0.13546 -0.08971 0.99481 0.04804 -0.04437 0.99839 0.03543 -0.0208 0.9994 0.02785 0.08557 0.98648 0.13979 0.07218 0.98713 0.1427 0.03222 0.98781 0.15229 0.01677 0.98748 0.15684 0.00818 0.98707 0.16009 0.00135 0.98657 0.16336 0.00128 0.98675 0.16226 0.00189 0.98512 0.17183 -0.00296 0.98837 0.15205 -0.00446 0.98924 0.14622 -0.00584 0.98996 0.1412 -0.00265 0.98854 0.15096 -0.00383 0.98938 0.14533 0.00545 0.98243 0.18656 0.00033 0.99026 0.13923 -0.00036 0.99911 0.04212 0.00029 0.99129 0.13166 -0.0001 0.99078 0.13546 -0.00036 0.99911 0.04212 0.00029 0.99129 0.13166 -0.0001 0.99078 0.13546 0.0017 0.98942 0.14509 0.04833 0.94641 0.31934 0.00175 0.98549 0.16972 -0.00336 0.98815 0.15343 -0.00533 0.98905 0.14745 -0.00721 0.98981 0.14218 -0.00768 0.98566 0.16854 -0.03096 0.98253 0.18351 0.0024 0.987 0.16073 0.00033 0.99026 0.13923 -0.0001 0.99078 0.13546 0.00029 0.99129 0.13166 -0.0001 0.99078 0.13546 0.00033 0.99026 0.13923 0.0017 0.98942 0.14509 0.01803 0.97824 0.20667 0.00164 0.9858 0.1679 -0.00387 0.98787 0.15523 -0.00663 0.98877 0.14929 -0.00942 0.98957 0.14377 0.00922 0.98414 0.17717 0.02775 0.97833 0.20517 0.00154 0.98608 0.16629 -0.00458 0.98748 0.1577 -0.00877 0.98829 0.15231 -0.0136 0.98908 0.14675 -0.01295 0.98732 0.1582 -0.02442 0.9877 0.15446 -0.05812 0.98762 0.14571 0.00033 0.99026 0.13923 0.0017 0.98942 0.14509 0.00798 0.98561 0.16882 0.00145 0.98631 0.16488 -0.0056 0.9869 0.16125 -0.08557 0.98648 0.13979 0.33046 0.93448 0.13242 0.12499 0.9807 0.15035 0.04129 0.98674 0.15698 0.0193 0.987 0.15954 0.0088 0.98683 0.16153 -0.00036 0.99053 0.13728 0.00137 0.98652 0.16362 -0.0072 0.98596 0.16684 -0.02471 0.9843 0.17474 0.00192 0.98503 0.17235 0.00245 0.98693 0.16115 0.00129 0.98671 0.16249 -0.00259 0.98857 0.15074 -0.00371 0.9894 0.14517 0.00571 0.98201 0.18875 -0.00289 0.98841 0.15178 -0.0043 0.98928 0.146 -0.0056 0.98999 0.14103 0.00178 0.98541 0.17017 0.0761 0.90398 0.42075 -0.00326 0.98821 0.15309 -0.00511 0.9891 0.14714 -0.00685 0.98985 0.14193 0.02096 0.9758 0.21766 0.00166 0.98574 0.16828 -0.00374 0.98794 0.15479 -0.00629 0.98885 0.14881 -0.00882 0.98963 0.14334 0.0121 0.98278 0.18438 0.00156 0.98602 0.16663 -0.0044 0.98758 0.15707 -0.00818 0.98843 0.15148 -0.01238 0.98922 0.14588 0.0085 0.98527 0.17081 0.00147 0.98626 0.16518 -0.00533 0.98705 0.16033 -0.01171 0.98762 0.15645 -0.02075 0.98819 0.15185 -0.01209 0.98775 0.15554 -0.00123 0.99115 0.13275 0.00397 0.99396 0.10971 -0 0.99687 0.07901 0.01462 0.99749 0.06923 -0.01995 0.99926 0.03283 -0.02979 0.99885 0.03765 -0.01625 0.99941 0.03015 -0.00919 0.99963 0.02541 -0.0049 0.99975 0.02184 -0.00118 0.99984 0.01808 -1E-05 0.99951 0.03143 -0.00271 1 0.0006 0.00555 0.99993 0.01021 -0.00042 0.99984 0.01775 -0.00217 0.99997 0.00675 0.0018 0.99969 0.02491 0.00284 0.99956 0.02936 0.00391 0.99943 0.03354 0.00155 0.99966 0.02588 0.00231 0.99954 0.03015 -0.00355 0.99999 0.00035 0.00032 0.99934 0.03625 0.00029 0.99129 0.13166 0.00136 0.99964 0.02662 0.00195 0.99953 0.03069 -0.005 0.9999 -0.01314 3E-05 0.99944 0.03357 -0.02711 0.99696 -0.07311 -0.00181 0.99994 0.01087 0.00214 0.99972 0.02357 0.00367 0.9996 0.02811 0.00532 0.99946 0.03248 -0.00901 0.99996 -0.0009 -0.00156 0.9999 0.01382 0.00264 0.99976 0.0216 0.00519 0.99965 0.02582 0.00828 0.99951 0.03024 0.00889 0.99976 0.02027 -0.00024 0.9994 0.03475 -0.0054 0.99989 0.01348 -0.00136 0.99987 0.01603 0.00346 0.99982 0.01841 -0.00036 0.99911 0.04212 0.0001 0.99926 0.03844 0.01874 0.99957 0.02233 0.05776 0.99797 0.02696 0.34473 0.93761 0.04528 -0.09198 0.99265 0.07868 -0.27036 -0.95022 0.15491 -0.21647 0.97363 0.07199 -0.03801 -0.99874 0.03281 -0.03587 -0.99905 0.02471 -0.08288 -0.99557 0.04445 -0.05776 -0.99765 0.03684 -0.11441 -0.99335 0.01269 -0.11493 -0.99332 0.01083 -0.09924 -0.99505 -0.00496 -0.07782 -0.99586 0.04694 -0.34343 0.93412 0.09737 -0.44364 0.89094 0.09697 -0.44364 0.89094 0.09697 -0.59979 0.79426 0.09697 -0.59979 0.79426 0.09697 -0.73553 0.67052 0.09697 -0.73553 0.67052 0.09698 -0.84621 0.52395 0.09698 -0.84621 0.52395 0.09697 -0.92808 0.35954 0.09697 -0.92808 0.35954 0.09697 -0.97834 0.18288 0.09697 -0.97834 0.18288 0.09697 -0.99529 0 0.09697 -0.97834 -0.18288 0.09697 -0.97834 -0.18288 0.09697 -0.92808 -0.35954 0.09697 -0.92808 -0.35954 0.09697 -0.84621 -0.52395 0.09697 -0.84621 -0.52395 0.09698 -0.73553 -0.67052 0.09698 -0.73553 -0.67052 0.09697 -0.59979 -0.79426 0.09697 -0.59979 -0.79426 0.09697 -0.44364 -0.89094 0.09697 -0.44364 -0.89094 0.09697 -0.34343 -0.93412 0.09737 -0.27216 -0.95655 0.10456 -0.28241 -0.95306 0.10921 -0.20937 -0.97327 0.09434 -0.21647 -0.97363 0.07199 -0.16796 -0.98422 0.05568 -0.10706 0.99425 0.00291 -0.0854 0.99631 0.00902 -0.05776 0.99765 0.03684 -0.03801 0.99874 0.03281 -0.16796 0.98422 0.05568 -0.0919 0.99179 0.08891 -0.07434 0.99558 0.05732 -0.04596 0.99839 0.03326 -0.10263 0.99442 0.02459 -0.11559 0.99323 0.0115 -0.11123 0.99371 0.01334 -0.27036 -0.95022 0.15491 -0.44036 -0.88436 0.15491 -0.44036 -0.88436 0.15491 -0.59536 -0.78838 0.15491 -0.59536 -0.78838 0.15491 -0.73009 -0.66556 0.15491 -0.73009 -0.66556 0.15491 -0.83995 -0.52008 0.15491 -0.83995 -0.52008 0.15491 -0.92122 -0.35688 0.15491 -0.92122 -0.35688 0.15491 -0.96028 -0.23172 0.15543 -0.97259 -0.18181 0.14497 -0.97758 -0.14212 0.15535 -0.9868 -0.04562 0.15539 -0.98946 0 0.14481 -0.9868 0.04562 0.15539 -0.97111 0.18153 0.15491 -0.98033 0.14252 0.13652 -0.96028 0.23172 0.15543 -0.92122 0.35688 0.15491 -0.92122 0.35688 0.15491 -0.83995 0.52008 0.15491 -0.83995 0.52008 0.15491 -0.73009 0.66556 0.15491 -0.73009 0.66556 0.15491 -0.59536 0.78838 0.15491 -0.59536 0.78838 0.15491 -0.44036 0.88436 0.15491 -0.44036 0.88436 0.15491 -0.27036 0.95022 0.15491 -0.27036 0.95022 0.15491 -0.09115 0.98371 0.15491 -0.09115 -0.98371 0.15491 -0.09115 -0.98371 0.15491 -0.09172 -0.98977 0.10925 -0.10762 -0.98973 0.0941 -0.09198 -0.99265 0.07868 -0.0919 -0.99179 0.08891 -0.07434 -0.99558 0.05732 -0.28364 0.95333 0.10345 -0.27209 0.95629 0.10713 -0.20937 0.97327 0.09434 -0.09186 0.99133 0.09397 -0.1226 0.98646 0.10888 0.00111 -0.98519 0.17145 0.00023 -0.98468 0.17436 0 -0.98435 0.17625 0.00204 -0.98562 0.16898 0.00284 -0.98596 0.16696 0.00444 -0.98649 0.16375 0.00616 -0.98694 0.16099 0.00929 -0.98762 0.15661 0.01033 -0.98777 0.15555 0.00385 -0.98971 0.14305 0.00158 -0.99072 0.13591 -0.00505 -0.99395 0.10971 0.00052 -0.99338 0.11483 -0.0004 -0.99687 0.07901 -0.00433 -0.99716 0.07514 0.00756 -0.99943 0.03283 0.01501 -0.99922 0.03666 0 -0.99996 0.00925 0.91595 -0.30758 0.25775 0.96175 -0.10427 0.25333 0.02852 0.96807 0.24905 0.09522 0.96677 0.23725 0.16026 0.95132 0.26325 0.28211 0.92998 0.2357 0.31733 0.91511 0.24874 0.4141 0.87555 0.24887 0.45817 0.85718 0.23519 0.49793 0.83074 0.24887 0.61457 0.74886 0.24802 0.58789 0.77663 0.22635 0.74294 0.60971 0.27622 0.70909 0.6685 0.22428 0.84972 0.45419 0.26774 0.83406 0.49992 0.23328 0.92398 0.28028 0.2602 0.92001 0.30895 0.24111 0.96265 0.09481 0.25362 0.85618 -0.45764 0.23983 0.82799 -0.49628 0.26105 0.75094 -0.61628 0.23725 0.70196 -0.66178 0.26325 0.61652 -0.75123 0.2357 0.58458 -0.77226 0.24874 0.49793 -0.83074 0.24887 0.45817 -0.85718 0.23519 0.4141 -0.87555 0.24887 0.28121 -0.92704 0.24802 0.31913 -0.92028 0.22635 0.0942 -0.95647 0.27622 0.16189 -0.96098 0.22428 0.02852 -0.96807 0.24905 0.09028 0.97432 0.20626 0.09584 0.9731 0.2095 0.26795 0.94174 0.20332 0.28366 0.9351 0.21242 0.43666 0.87694 0.20076 0.46038 0.86131 0.21492 0.59063 0.78212 0.19859 0.61928 0.75459 0.217 0.72455 0.66052 0.19682 0.7543 0.61904 0.21867 0.83382 0.51628 0.19544 0.86033 0.45986 0.21991 0.91467 0.35435 0.19445 0.93333 0.28312 0.22074 0.97732 -0.04518 0.2069 0.97732 0.04518 0.2069 0.97054 0.09559 0.22116 0.9682 0.14076 0.20684 0.95106 0.22949 0.20695 0.9682 -0.14076 0.20684 0.97054 -0.09559 0.22116 0.96409 -0.09495 0.24802 0.96317 0.10442 0.24778 0.92816 -0.28155 0.24342 0.93333 -0.28312 0.22074 0.95106 -0.22949 0.20695 0.09591 -0.97381 0.20615 0.09022 -0.97362 0.20959 0.28428 -0.93714 0.20238 0.26737 -0.93969 0.2133 0.46205 -0.86443 0.19819 0.43508 -0.87376 0.21739 0.6224 -0.75839 0.19356 0.58762 -0.77813 0.22185 0.75915 -0.62302 0.18849 0.71977 -0.65616 0.22669 0.86703 -0.46344 0.183 0.82704 -0.51208 0.23188 0.91467 -0.35435 0.19445 0 0.96847 0.24915 -0 0.97832 0.20711 0.0017 0.97602 0.21766 -0 0.97362 0.22818 -0.0068 0.96844 0.24914 -0.91595 0.30758 0.25775 -0.96175 0.10427 0.25333 -0.02852 -0.96807 0.24905 -0.09522 -0.96677 0.23725 -0.16026 -0.95132 0.26325 -0.28211 -0.92998 0.2357 -0.31733 -0.91511 0.24874 -0.4141 -0.87555 0.24887 -0.45817 -0.85718 0.23519 -0.49793 -0.83074 0.24887 -0.61457 -0.74886 0.24802 -0.58789 -0.77663 0.22635 -0.74294 -0.60971 0.27622 -0.70909 -0.6685 0.22428 -0.84972 -0.45419 0.26774 -0.83406 -0.49992 0.23328 -0.92398 -0.28028 0.2602 -0.92001 -0.30895 0.24111 -0.96265 -0.09481 0.25362 -0.85618 0.45764 0.23983 -0.82799 0.49628 0.26105 -0.75094 0.61628 0.23725 -0.70196 0.66178 0.26325 -0.61652 0.75123 0.2357 -0.58458 0.77226 0.24874 -0.45667 0.85437 0.24802 -0.50141 0.83655 0.22083 -0.4141 0.87555 0.24887 -0.28121 0.92704 0.24802 -0.31913 0.92028 0.22635 -0.0942 0.95647 0.27622 -0.16189 0.96098 0.22428 -0.02852 0.96807 0.24905 -0.09028 -0.97432 0.20626 -0.09584 -0.9731 0.2095 -0.26795 -0.94174 0.20332 -0.28366 -0.9351 0.21242 -0.43666 -0.87694 0.20076 -0.46038 -0.86131 0.21492 -0.59063 -0.78212 0.19859 -0.61928 -0.75459 0.217 -0.72455 -0.66052 0.19682 -0.7543 -0.61904 0.21867 -0.83382 -0.51628 0.19544 -0.86033 -0.45986 0.21991 -0.91467 -0.35435 0.19445 -0.93333 -0.28312 0.22074 -0.97732 0.04518 0.2069 -0.97732 -0.04518 0.2069 -0.97054 -0.09559 0.22116 -0.9682 -0.14076 0.20684 -0.95106 -0.22949 0.20695 -0.9682 0.14076 0.20684 -0.97054 0.09559 0.22116 -0.96409 0.09495 0.24802 -0.96317 -0.10442 0.24778 -0.92816 0.28155 0.24342 -0.93333 0.28312 0.22074 -0.95106 0.22949 0.20695 -0.09591 0.97381 0.20615 -0.09022 0.97362 0.20959 -0.28428 0.93714 0.20238 -0.26737 0.93969 0.2133 -0.46205 0.86443 0.19819 -0.43508 0.87376 0.21739 -0.6224 0.75839 0.19356 -0.58762 0.77813 0.22185 -0.75915 0.62302 0.18849 -0.71977 0.65616 0.22669 -0.86703 0.46344 0.183 -0.82704 0.51208 0.23188 -0.91467 0.35435 0.19445 0 -0.97832 0.20711 -0.00326 -0.98072 0.19541 0.00506 -0.96845 0.24914 -0.01263 -0.97794 0.20849 -0.01002 -0.97661 0.21477 -0.00755 -0.97526 0.22093 -0.00395 -0.97313 0.23022 0 -0.97062 0.24064 0.00395 -0.97313 0.23022 0 -0.98072 0.19541 0.00146 -0.97832 0.20711 0.00157 -0.97848 0.20636 -0.00437 -0.96846 0.24914 0.01002 -0.97661 0.21477 0.00755 -0.97526 0.22093 0.02262 -0.76788 0.6402 0.03408 -0.20228 0.97874 0.03408 -0.20227 0.97874 0.07663 -0.19027 0.97874 0.07663 -0.19027 0.97874 0.11563 -0.16943 0.97874 0.11563 -0.16943 0.97874 0.14925 -0.14071 0.97874 0.14925 -0.14071 0.97874 0.17594 -0.10546 0.97874 0.17594 -0.10546 0.97874 0.19446 -0.0653 0.97874 0.19445 -0.0653 0.97874 0.20393 -0.02211 0.97874 0.20394 -0.02211 0.97873 0.20394 0.02211 0.97873 0.20393 0.02211 0.97874 0.19445 0.0653 0.97874 0.19446 0.0653 0.97874 0.17594 0.10546 0.97874 0.17594 0.10546 0.97874 0.14925 0.14071 0.97874 0.14925 0.14071 0.97874 0.11563 0.16943 0.97874 0.11563 0.16943 0.97874 0.07663 0.19027 0.97874 0.07663 0.19027 0.97874 0.03408 0.20227 0.97874 0.03408 0.20228 0.97874 0.00601 0.20398 0.97896 0.00601 0.20398 0.97896 0.01206 0.40931 0.91232 0.01909 0.60404 0.79673 0.02614 0.88724 0.46057 0.02614 0.88724 0.46056 0.14762 0.87629 0.45861 0.14762 0.87629 0.45861 0.29089 0.83886 0.4601 0.20336 0.50493 0.83886 0.37957 0.80254 0.46027 0.45641 0.76147 0.46027 0.30686 0.44962 0.83886 0.53588 0.70792 0.46009 0.6466 0.60959 0.4586 0.6466 0.60959 0.4586 0.76222 0.45685 0.4586 0.76221 0.45685 0.45861 0.84241 0.28289 0.45861 0.84242 0.28289 0.45859 0.88347 0.09578 0.45859 0.88347 0.09578 0.4586 0.88347 -0.09578 0.4586 0.88347 -0.09578 0.45859 0.84242 -0.28289 0.45859 0.84241 -0.28289 0.45861 0.76221 -0.45685 0.45861 0.76222 -0.45685 0.4586 0.6466 -0.60959 0.4586 0.6466 -0.60959 0.4586 0.53588 -0.70792 0.46009 0.30686 -0.44962 0.83886 0.45641 -0.76147 0.46027 0.37957 -0.80254 0.46027 0.20336 -0.50493 0.83886 0.29089 -0.83886 0.4601 0.14762 -0.87629 0.45861 0.14762 -0.87629 0.45861 0.02614 -0.88724 0.46056 0.02614 -0.88724 0.46057 0.00601 -0.20398 0.97896 0.00601 -0.20398 0.97896 0.01206 -0.40931 0.91232 0.02262 0.76788 0.6402 0.01909 0.60399 0.79676 0.10074 0.59797 0.79517 0.10074 0.59797 0.79516 0.22654 0.56248 0.79517 0.22654 0.56248 0.79517 0.34183 0.50086 0.79517 0.34183 0.50087 0.79517 0.44123 0.41597 0.79517 0.44123 0.41597 0.79517 0.52012 0.31175 0.79517 0.52013 0.31175 0.79516 0.57486 0.19304 0.79516 0.57485 0.19304 0.79516 0.60286 0.06536 0.79516 0.60285 0.06536 0.79518 0.60285 -0.06536 0.79518 0.60286 -0.06536 0.79516 0.57485 -0.19304 0.79516 0.57486 -0.19304 0.79516 0.52013 -0.31175 0.79516 0.52012 -0.31175 0.79517 0.44123 -0.41597 0.79517 0.44123 -0.41597 0.79517 0.34183 -0.50087 0.79517 0.34183 -0.50086 0.79517 0.22654 -0.56248 0.79517 0.22654 -0.56248 0.79517 0.10074 -0.59797 0.79516 0.10074 -0.59797 0.79517 0.01909 -0.60399 0.79676 0.01909 -0.60404 0.79673 -0 0.20398 0.97898 -0 0.40934 0.91238 -0 0.60415 0.79687 0 0.88754 0.46073 0 0.76807 0.64036 -0.02262 0.76788 0.6402 -0.03408 0.20228 0.97874 -0.03408 0.20227 0.97874 -0.07663 0.19027 0.97874 -0.07663 0.19027 0.97874 -0.11563 0.16943 0.97874 -0.11563 0.16943 0.97874 -0.14925 0.14071 0.97874 -0.14925 0.14071 0.97874 -0.17594 0.10546 0.97874 -0.17594 0.10546 0.97874 -0.19446 0.0653 0.97874 -0.19445 0.0653 0.97874 -0.20393 0.02211 0.97874 -0.20394 0.02211 0.97873 -0.20394 -0.02211 0.97873 -0.20393 -0.02211 0.97874 -0.19445 -0.0653 0.97874 -0.19446 -0.0653 0.97874 -0.17594 -0.10546 0.97874 -0.17594 -0.10546 0.97874 -0.14925 -0.14071 0.97874 -0.14925 -0.14071 0.97874 -0.11563 -0.16943 0.97874 -0.11563 -0.16943 0.97874 -0.07663 -0.19027 0.97874 -0.07663 -0.19027 0.97874 -0.03408 -0.20227 0.97874 -0.03408 -0.20228 0.97874 -0.00601 -0.20398 0.97896 -0.00601 -0.20398 0.97896 -0.01206 -0.40931 0.91232 -0.01909 -0.60404 0.79673 -0.02614 -0.88724 0.46057 -0.02614 -0.88724 0.46056 -0.14762 -0.87629 0.45861 -0.14762 -0.87629 0.45861 -0.29089 -0.83886 0.4601 -0.20336 -0.50493 0.83886 -0.37957 -0.80254 0.46027 -0.45641 -0.76147 0.46027 -0.30686 -0.44962 0.83886 -0.53588 -0.70792 0.46009 -0.6466 -0.60959 0.4586 -0.6466 -0.60959 0.4586 -0.76222 -0.45685 0.4586 -0.76221 -0.45685 0.45861 -0.84241 -0.28289 0.45861 -0.84242 -0.28289 0.45859 -0.88347 -0.09578 0.45859 -0.88347 -0.09578 0.4586 -0.88347 0.09578 0.4586 -0.88347 0.09578 0.45859 -0.84242 0.28289 0.45859 -0.84241 0.28289 0.45861 -0.76221 0.45685 0.45861 -0.76222 0.45685 0.4586 -0.6466 0.60959 0.4586 -0.6466 0.60959 0.4586 -0.53588 0.70792 0.46009 -0.30686 0.44962 0.83886 -0.45641 0.76147 0.46027 -0.37957 0.80254 0.46027 -0.20336 0.50493 0.83886 -0.29089 0.83886 0.4601 -0.14762 0.87629 0.45861 -0.14762 0.87629 0.45861 -0.02614 0.88724 0.46056 -0.02614 0.88724 0.46057 -0.00601 0.20398 0.97896 -0.00601 0.20398 0.97896 -0.01206 0.40931 0.91232 -0.02262 -0.76788 0.6402 -0.01909 -0.60399 0.79676 -0.10074 -0.59797 0.79517 -0.10074 -0.59797 0.79516 -0.22654 -0.56248 0.79517 -0.22654 -0.56248 0.79517 -0.34183 -0.50086 0.79517 -0.34183 -0.50087 0.79517 -0.44123 -0.41597 0.79517 -0.44123 -0.41597 0.79517 -0.52012 -0.31175 0.79517 -0.52013 -0.31175 0.79516 -0.57486 -0.19304 0.79516 -0.57485 -0.19304 0.79516 -0.60286 -0.06536 0.79516 -0.60285 -0.06536 0.79518 -0.60285 0.06536 0.79518 -0.60286 0.06536 0.79516 -0.57485 0.19304 0.79516 -0.57486 0.19304 0.79516 -0.52013 0.31175 0.79516 -0.52012 0.31175 0.79517 -0.44123 0.41597 0.79517 -0.44123 0.41597 0.79517 -0.34183 0.50087 0.79517 -0.34183 0.50086 0.79517 -0.22654 0.56248 0.79517 -0.22654 0.56248 0.79517 -0.10074 0.59797 0.79516 -0.10074 0.59797 0.79517 -0.01909 0.60399 0.79676 -0.01909 0.60404 0.79673 0 -0.20398 0.97898 0 -0.40934 0.91238 0 -0.60415 0.79687 0 -0.88754 0.46073 0 -0.76807 0.64036 0 -0 1 0 -0 1 0 -0 1 0 -0 1 0 0 1 -0 0 1 -0 0 1 -0 0 1 -0 0 1 -0 -0 1 0 -0 1 0 -0 1 0 -0 1 0 0 1 0 0 1 0 0 1 0 0 1 0 0 1 -0 -0 1 -0 -0 1 -0 -0 1 -0 -0 1 -0 -0 1 -0 -0 1 -0 -0 1 -0 -0 1 -0 0 1 -0 0 1 -0 0 1 0 0 1 0 0 1 0 0 1 0 -0 1 0 -0 1 0 -0 1 0 -0 1 0 -0 1 -0 -0 1 -0 -0 1 -0 -0 1 -0 0 1 0 0 1 -0 0 1 -0 0 1 -0 0 1 -0 0 1 -0 0 1 0 0 1 0 0 1 0 0 1 0.15643 -0.98769 0 0.45399 -0.89101 0 0.70711 -0.70711 0 0.89101 -0.45399 0 0.98769 -0.15643 0 0.98769 0.15643 -0 0.89101 0.45399 -0 0.70711 0.70711 -0 0.45399 0.89101 -0 0.15643 0.98769 -0 -0.15643 0.98769 0 -0.45399 0.89101 0 -0.70711 0.70711 0 -0.89101 0.45399 0 -0.98769 0.15643 0 -0.98769 -0.15643 0 -0.89101 -0.45399 0 -0.70711 -0.70711 0 -0.45399 -0.89101 0 -0.15643 -0.98769 0 0.62932 0.75613 0.17951 0 0.9979 0.06475 0.00173 0.99922 0.03947 0.00139 0.99921 0.03974 0 0.99909 0.04262 0 0.99936 0.03587 -0.00096 0.9992 0.04008 -0.00139 0.99921 0.03974 0 0.99778 0.06662 0.00384 0.99783 0.06573 -0.00052 0.996 0.0893 -0.00162 0.99585 0.09102 0.00072 0.9954 0.09585 -0.00707 0.99601 0.08899 0.00126 0.99567 0.09297 -0.00094 0.99544 0.0954 0 0.99544 0.09534 -0.00322 0.99765 0.06839 0 0.99717 0.07524 0.02129 0.99745 0.06818 0.00466 0.99831 0.05795 0.02266 0.99743 0.06797 0.00686 0.99764 0.06835 0.00194 0.99766 0.0684 -0.00064 0.99856 0.05361 -0.01423 0.99757 0.06823 -0.02546 0.99739 0.06752 -0.02172 0.99745 0.06804 -0 0.99435 0.10612 -0.62932 0.75613 0.17951 0.00809 0.9961 0.08786 -0.00012 0.99589 0.09062 0 0.99525 0.09734 -0.00047 0.99545 0.09532 0.00094 0.99544 0.0954 0.00012 0.99553 0.09448 -0.00027 0.99549 0.09491 0.00057 0.996 0.08939 0.00052 0.996 0.0893 -0.00384 0.99783 0.06573 0 0.99921 0.03986 0.00173 0.99922 0.03947 0.00139 0.99921 0.03974 -0.00216 0.99918 0.04036 -0.0015 0.99922 0.03952 -0.00216 0.99918 0.04036 -0.0015 0.99922 0.03952 -0.00047 0.99826 0.059 -0.00515 0.99694 0.07801 0.00915 0.99446 0.10469 -0 0.9937 0.11209 0.00661 0.99435 0.10592 -0.00741 0.99679 0.07977 -0 0.99694 0.07823 -0 0.99807 0.06217 0.00261 0.99826 0.05897 0.00588 0.99826 0.05876 0.00613 0.99826 0.05872 -0.0004 0.99858 0.05332 -0.00509 0.99825 0.0589 -0.00668 0.99826 0.05866 0 0.9981 0.06164 0 0.99514 0.09846 0.00707 0.99601 0.08899 0.00315 0.99586 0.09086 -0.00707 0.99601 0.08899 -8E-05 0.99563 0.09341 0 0.99563 0.09334 -0.00121 0.99549 0.09486 0.00165 0.99922 0.03947 0.00192 0.99923 0.03931 0 0.99573 0.09236 -0 0.99915 0.04123 0.00723 0.999 0.04422 0 0.99911 0.04228 -0.00144 0.99921 0.03979 -0.00192 0.99923 0.03931 -0.00165 0.99922 0.03947 -0.00065 0.99921 0.03973 0.00065 0.99921 0.03973 -0.00175 0.99559 0.09374 -0.0014 0.99562 0.09347 0.00097 0.99565 0.09313 0.0014 0.99562 0.09347 0 0.99589 0.09059 -0.00181 0.99918 0.04048 0.00036 0.99929 0.03754 0.00099 0.99928 0.03787 0.00081 0.99928 0.03787 -0.00081 0.99928 0.03787 0.02438 0.99748 0.0666 0 0.99795 0.06407 0.02438 0.99781 0.06151 -0.02438 0.99781 0.06151 -0.00036 0.99929 0.03755 -0.00098 0.99928 0.03787 -0.01976 0.99788 0.062 0 0.99911 0.04228 0 0.99925 0.03868 -0.00175 0.99559 0.09374 -0.0014 0.99562 0.09347 -0.00081 0.99928 0.03787 -0.00036 0.99929 0.03755 -0.00098 0.99928 0.03787 -0.01976 0.99788 0.062 0.00723 0.999 0.04422 -0.00175 0.99559 0.09374 -0.0014 0.99562 0.09347 0.00723 0.999 0.04422 -0.00181 0.99918 0.04048 0.00036 0.99929 0.03754 0.00099 0.99928 0.03787 0.00081 0.99928 0.03787 -0.00081 0.99928 0.03787 0.02438 0.99748 0.0666 0.02438 0.99781 0.06151 -0.00036 0.99929 0.03755 -0.00098 0.99928 0.03787 -0.01976 0.99788 0.062 0 0.99911 0.04228 0 0.99925 0.03868 -0.00175 0.99559 0.09374 0.00097 0.99565 0.09313 0.00036 0.99929 0.03754 -0.02438 0.99781 0.06151 -0.00036 0.99929 0.03755 -0.01976 0.99788 0.062 -0.0014 0.99562 0.09347 -0.00175 0.99559 0.09374 -0.0014 0.99562 0.09347 0.00097 0.99565 0.09313 0.0014 0.99562 0.09347 0.00723 0.999 0.04422 -0.00181 0.99918 0.04048 0.00036 0.99929 0.03754 0.00099 0.99928 0.03787 -0.00081 0.99928 0.03787 0.02438 0.99748 0.0666 -0.00036 0.99929 0.03755 -0.00098 0.99928 0.03787 -0.01976 0.99788 0.062 0 0.99911 0.04228 0 0.99925 0.03868 -0.00175 0.99559 0.09374 -0.0014 0.99562 0.09347 0.00097 0.99565 0.09313 0.0014 0.99562 0.09347 0.00723 0.999 0.04422 -0.00181 0.99918 0.04048 0.00036 0.99929 0.03754 0.00099 0.99928 0.03787 0.00081 0.99928 0.03787 0.02438 0.99748 0.0666 0.02438 0.99781 0.06151 -0.02438 0.99781 0.06151 -0.00036 0.99929 0.03755 -0.00098 0.99928 0.03787 -0.01976 0.99788 0.062 0.00078 0.99558 0.09396 -0.00707 0.99601 0.08899 0 0.99525 0.09733 0.00165 0.99922 0.03947 0.00192 0.99923 0.03931 0.00723 0.999 0.04422 -0.00144 0.99921 0.03979 -0.00192 0.99923 0.03931 -0.00165 0.99922 0.03947 -0.00065 0.99921 0.03973 0.00065 0.99921 0.03973 0.00723 0.999 0.04422 -0.00181 0.99918 0.04048 -0.00081 0.99928 0.03787 -0.01976 0.99788 0.062 0.00723 0.999 0.04422 0.00097 0.99565 0.09313 0.0014 0.99562 0.09347 0.00036 0.99929 0.03754 0.02438 0.99781 0.06151 -0.00036 0.99929 0.03755 0.0014 0.99562 0.09347 0.00723 0.999 0.04422 -0.00181 0.99918 0.04048 0.00081 0.99928 0.03787 -0.00175 0.99559 0.09374 0.00097 0.99565 0.09313 0.0014 0.99562 0.09347 0.00723 0.999 0.04422 -0.00181 0.99918 0.04048 0.00036 0.99929 0.03754 -0.02438 0.99781 0.06151 -0.00036 0.99929 0.03755 -0.01976 0.99788 0.062 -0.00181 0.99918 0.04048 0.00036 0.99929 0.03754 0.00099 0.99928 0.03787 0.02438 0.99748 0.0666 0 0.99911 0.04228 0 0.99925 0.03868 0 0.99515 0.09838 -0.50415 0.85942 0.08503 -0.50484 0.85862 0.08892 -0.16634 0.98162 0.09357 -0.16726 0.98113 0.097 0 0.99515 0.09839 -1 0.00199 0.00017 0.13053 0.99144 -0 0.38268 0.92388 -0 0.60876 0.79335 -0 0.79335 0.60876 -0 0.92388 0.38268 -0 0.99144 0.13053 -0 0.99144 0.13053 -0 0.99144 -0.13053 0 0.99144 -0.13053 0 0.92388 -0.38268 0 0.79335 -0.60876 0 0.60876 -0.79335 0 0.38268 -0.92388 0 0.13053 -0.99144 0 -0.15829 0.98738 0.00451 -0.17834 0.98397 0.00063 -0.201 0.97959 -0.00171 -0.2073 0.97795 0.02538 -0.03443 0.99941 0 -0.08007 0.99679 0 -0.08575 0.99631 -0.00433 -0.09984 0.995 0.00155 -0.11644 0.99319 -0.00286 -0.11827 0.99298 -0.00101 -0.13532 0.9908 0.00133 -0.13404 0.99097 -0.00175 -0.14023 0.99012 0.00191 -0.14023 0.99012 0 -0.14023 0.99012 -0.001 -0.15257 0.98829 0.00061 -0.15828 0.98738 0.00452 -0.21731 0.97595 0.01701 -0.24997 0.96825 0 -0.29422 0.95574 0 -0.41646 0.90916 0 -0.03443 -0.99941 0 -0.08493 -0.99639 0 -0.08131 -0.99667 -0.00624 -0.1106 -0.99385 0.00608 -0.10824 -0.99406 -0.01116 -0.12654 -0.99193 0.00733 -0.13085 -0.99136 -0.00955 -0.13592 -0.99072 0.00279 -0.14023 -0.99011 -0.00301 -0.14023 -0.99012 0 -0.14023 -0.99012 0.00246 -0.14785 -0.98901 -0.00255 -0.16429 -0.98638 0.00853 -0.1758 -0.9844 -0.00752 -0.21968 -0.97549 0.01267 -0.22513 -0.97429 -0.00888 -0.29214 -0.95631 0.01085 -0.29089 -0.95676 0 -0.41646 -0.90916 0 -0.60876 0.79335 0 -0.79335 0.60876 0 -0.92388 0.38268 0 -0.99144 0.13053 0 -0.99144 -0.13053 -0 -0.92388 -0.38268 -0 -0.79335 -0.60876 -0 -0.60876 -0.79335 -0 -0.96969 0 0.24434 -0.77242 0 0.63512 -0.42713 0 0.90419 0.42713 0 0.90419 0.77242 0 0.63512 0.96969 0 0.24434 -0.2588 -0.01202 0.96586 -0.38268 0 0.92388 -0.60876 0 0.79335 -0.70706 -0.01202 0.70706 -0.79335 0 0.60876 -0.92388 0 0.38268 -0.96586 -0.01202 0.2588 -0.99144 0 0.13053 -0.99144 -0 -0.13053 -0.96586 -0.01202 -0.2588 -0.92388 0 -0.38268 -0.79335 -0 -0.60876 -0.70706 -0.01202 -0.70706 -0.60876 0 -0.79335 -0.38268 -0 -0.92388 -0.2588 -0.01202 -0.96586 -0.13053 0 -0.99144 0.13053 0 -0.99144 0.2588 -0.01202 -0.96586 0.38268 0 -0.92388 0.60876 0 -0.79335 0.70706 -0.01202 -0.70706 0.79335 0 -0.60876 0.92388 0 -0.38268 0.96586 -0.01202 -0.2588 0.99144 0 -0.13053 0.99144 0 0.13053 0.96586 -0.01202 0.2588 0.92388 0 0.38268 0.79335 0 0.60876 0.70706 -0.01202 0.70706 0.60876 0 0.79335 0.38268 0 0.92388 0.2588 -0.01202 0.96586 0.13053 0 0.99144 -0.13053 0 0.99144 0.99966 0 0.02618 0.99966 -0 0.02618 0.99966 0 0.02618 0.99966 -0 0.02618 0.99966 -0 0.02618 -0.99966 0 0.02618 -0.99966 -0 0.02618 -0.99966 0 0.02618 -0.99966 -0 0.02618 -0.99966 0 0.02618 0.50859 -0.50859 -0.69475 0.50859 -0.50859 -0.69475 0.18616 -0.69475 -0.69475 0.18616 -0.69475 -0.69475 -0.18616 -0.69475 -0.69475 -0.18616 -0.69475 -0.69475 -0.50859 -0.50859 -0.69475 -0.50859 -0.50859 -0.69475 -0.69475 -0.18616 -0.69475 -0.69475 -0.18616 -0.69475 -0.69475 0.18615 -0.69475 -0.69475 0.18616 -0.69475 -0.50859 0.50859 -0.69475 -0.50859 0.50859 -0.69475 -0.18616 0.69475 -0.69475 -0.18616 0.69475 -0.69475 0.18616 0.69475 -0.69475 0.18616 0.69475 -0.69475 0.50859 0.50859 -0.69475 0.50859 0.50859 -0.69475 0.69475 0.18616 -0.69475 0.69475 0.18616 -0.69475 0.69475 -0.18615 -0.69475 0.69475 -0.18616 -0.69475 0.50859 -0.50859 -0.69475 0.50859 -0.50859 -0.69475 0.18616 -0.69475 -0.69475 0.18616 -0.69475 -0.69475 -0.18616 -0.69475 -0.69475 -0.18616 -0.69475 -0.69475 -0.50859 -0.50859 -0.69475 -0.50859 -0.50859 -0.69475 -0.69475 -0.18616 -0.69475 -0.69475 -0.18616 -0.69475 -0.69475 0.18615 -0.69475 -0.69475 0.18616 -0.69475 -0.50859 0.50859 -0.69475 -0.50859 0.50859 -0.69475 -0.18616 0.69475 -0.69475 -0.18616 0.69475 -0.69475 0.18616 0.69475 -0.69475 0.18616 0.69475 -0.69475 0.50859 0.50859 -0.69475 0.50859 0.50859 -0.69475 0.69475 0.18616 -0.69475 0.69475 0.18616 -0.69475 0.69475 -0.18615 -0.69475 0.69475 -0.18616 -0.69475 -0.50862 -0.50862 0.69471 -0.50859 -0.50859 0.69475 -0.18616 -0.69476 0.69473 -0.18616 -0.69476 0.69474 0.18616 -0.69476 0.69474 0.18616 -0.69476 0.69473 0.50859 -0.50859 0.69475 0.50862 -0.50862 0.69471 0.6948 -0.18617 0.69469 0.69471 -0.18615 0.69478 0.69471 0.18615 0.69478 0.6948 0.18617 0.69469 0.50862 0.50862 0.6947 0.50859 0.50859 0.69475 0.18616 0.69475 0.69474 0.18616 0.69476 0.69473 -0.18616 0.69476 0.69473 -0.18616 0.69475 0.69474 -0.50859 0.50859 0.69475 -0.50862 0.50862 0.6947 -0.6948 0.18617 0.69469 -0.69471 0.18615 0.69478 -0.69471 -0.18615 0.69478 -0.6948 -0.18617 0.69469 -0.50859 -0.50859 0.69475 -0.50859 -0.50859 0.69474 -0.18616 -0.69475 0.69475 -0.18616 -0.69474 0.69475 0.18616 -0.69474 0.69475 0.18616 -0.69474 0.69475 0.50859 -0.50859 0.69474 0.50859 -0.50859 0.69475 0.69475 -0.18616 0.69475 0.69473 -0.18615 0.69477 0.69473 0.18615 0.69477 0.69475 0.18616 0.69475 0.50859 0.50859 0.69475 0.50859 0.50859 0.69474 0.18616 0.69475 0.69475 0.18616 0.69474 0.69475 -0.18616 0.69474 0.69475 -0.18616 0.69475 0.69475 -0.50859 0.50859 0.69474 -0.50859 0.50859 0.69475 -0.69475 0.18616 0.69475 -0.69473 0.18615 0.69477 -0.69473 -0.18615 0.69477 -0.69475 -0.18616 0.69475 0.50859 -0.50859 -0.69475 0.50859 -0.50859 -0.69475 0.18616 -0.69475 -0.69475 0.18616 -0.69475 -0.69475 -0.18616 -0.69475 -0.69475 -0.18616 -0.69475 -0.69475 -0.50859 -0.50859 -0.69475 -0.50859 -0.50859 -0.69475 -0.69475 -0.18616 -0.69474 -0.69474 -0.18616 -0.69475 -0.69474 0.18615 -0.69475 -0.69475 0.18616 -0.69474 -0.50859 0.50859 -0.69475 -0.50859 0.50859 -0.69475 -0.18616 0.69475 -0.69475 -0.18616 0.69475 -0.69475 0.18616 0.69475 -0.69475 0.18616 0.69475 -0.69475 0.50859 0.50859 -0.69475 0.50859 0.50859 -0.69475 0.69475 0.18616 -0.69474 0.69474 0.18616 -0.69475 0.69474 -0.18615 -0.69475 0.69475 -0.18616 -0.69475 0.50859 -0.50859 -0.69475 0.50859 -0.50859 -0.69475 0.18616 -0.69475 -0.69475 0.18616 -0.69475 -0.69475 -0.18616 -0.69475 -0.69475 -0.18616 -0.69475 -0.69475 -0.50859 -0.50859 -0.69475 -0.50859 -0.50859 -0.69475 -0.69475 -0.18616 -0.69474 -0.69474 -0.18616 -0.69475 -0.69474 0.18615 -0.69475 -0.69475 0.18616 -0.69475 -0.50859 0.50859 -0.69475 -0.50859 0.50859 -0.69475 -0.18616 0.69475 -0.69475 -0.18616 0.69475 -0.69475 0.18616 0.69475 -0.69475 0.18616 0.69475 -0.69475 0.50859 0.50859 -0.69475 0.50859 0.50859 -0.69475 0.69475 0.18616 -0.69474 0.69474 0.18616 -0.69475 0.69474 -0.18615 -0.69475 0.69475 -0.18616 -0.69474 -0.85314 0.16481 -0.49497 -0.33366 0.94243 0.0224 -0.30478 0.95216 0.02243 -0.35971 0.93275 -0.02442 -0.33319 0.94281 -0.00973 -0.3616 0.92925 -0.07572 -0.35234 0.93362 -0.06488 -0.34716 0.92701 -0.14188 -0.24142 0.1811 -0.95337 -0.34308 0.93006 -0.13151 -0.32038 0.82177 -0.47122 -0.33679 0.79087 -0.51097 -0.2517 0.55798 -0.79076 -0.26709 0.4915 -0.82891 -0.13334 0.18949 -0.97279 -0.13972 0.14243 -0.97989 -0.48131 0.15448 -0.86283 -0.46987 0.21019 -0.85735 -0.59491 0.16925 -0.78577 -0.60173 0.15563 -0.78339 -0.51748 0.5126 -0.68517 -0.49453 0.56114 -0.66375 -0.6174 0.51992 -0.59035 -0.59224 0.56307 -0.57637 -0.52306 0.79118 -0.31693 -0.50569 0.807 -0.30502 -0.40917 0.83773 -0.36165 -0.49356 0.63618 -0.59302 -0.41005 0.79062 -0.45472 -0.38065 0.55907 -0.73657 -0.39939 0.50705 -0.76379 -0.31444 0.2111 -0.92551 -0.32384 0.15151 -0.9339 -0.91777 0.19708 -0.34476 -0.87217 0.06972 -0.4842 -0.78891 0.52137 -0.32525 -0.75806 0.57077 -0.31554 -0.67433 0.73594 -0.0606 -0.8615 0.50042 -0.08598 -0.83656 0.54019 -0.09139 -0.92857 0.34831 -0.12823 -0.97491 0.16811 -0.14591 -0.97545 0.16324 -0.14781 -0.40313 0.91514 0.0029 -0.54925 0.83564 -0.00618 -0.50927 0.85198 -0.1216 -0.55614 0.81953 -0.13813 -0.50832 0.83774 -0.19951 -0.67317 0.56505 -0.47704 -0.69817 0.5275 -0.48405 -0.73207 0.20683 -0.64907 -0.72399 0.23212 -0.64958 -0.06511 -0.16936 -0.9834 -0.06511 -0.16937 -0.9834 -0.08508 -0.161 -0.98328 -0.08508 -0.161 -0.98328 -0.11264 -0.14308 -0.98328 -0.11264 -0.14307 -0.98328 -0.13653 -0.12049 -0.98328 -0.13653 -0.12049 -0.98328 -0.15596 -0.09398 -0.98328 -0.15596 -0.09398 -0.98328 -0.17032 -0.06441 -0.98328 -0.17032 -0.06441 -0.98328 -0.17913 -0.03274 -0.98328 -0.17913 -0.03274 -0.98328 -0.18209 0 -0.98328 -0.17913 0.03274 -0.98328 -0.17913 0.03274 -0.98328 -0.17032 0.06441 -0.98328 -0.17032 0.06441 -0.98328 -0.15596 0.09398 -0.98328 -0.15596 0.09398 -0.98328 -0.13653 0.12049 -0.98328 -0.13653 0.12049 -0.98328 -0.11264 0.14307 -0.98328 -0.11264 0.14308 -0.98328 -0.08508 0.161 -0.98328 -0.08508 0.161 -0.98328 -0.06511 0.16937 -0.9834 -0.06511 0.16936 -0.9834 -0.35572 0.9253 -0.13147 -0.35572 0.9253 -0.13148 -0.46321 0.87651 -0.131 -0.46321 0.87651 -0.131 -0.61325 0.77895 -0.131 -0.61325 0.77895 -0.131 -0.7433 0.656 -0.131 -0.7433 0.656 -0.13101 -0.84913 0.51168 -0.13101 -0.84914 0.51168 -0.13098 -0.92729 0.35067 -0.13098 -0.92729 0.35067 -0.131 -0.97523 0.17824 -0.131 -0.97523 0.17824 -0.13099 -0.99138 0 -0.13099 -0.97523 -0.17824 -0.13099 -0.97523 -0.17824 -0.131 -0.92729 -0.35067 -0.131 -0.92729 -0.35067 -0.13098 -0.84914 -0.51168 -0.13098 -0.84913 -0.51167 -0.13101 -0.7433 -0.656 -0.13101 -0.7433 -0.656 -0.131 -0.61325 -0.77895 -0.131 -0.61325 -0.77895 -0.131 -0.46321 -0.87651 -0.131 -0.46321 -0.87651 -0.131 -0.35572 -0.9253 -0.13148 -0.35572 -0.9253 -0.13147 -0.19902 -0.5177 -0.8321 -0.19901 -0.51769 -0.8321 -0.2598 -0.49161 -0.83116 -0.34395 -0.43689 -0.83116 -0.34396 -0.4369 -0.83115 -0.41691 -0.36794 -0.83115 -0.4169 -0.36794 -0.83115 -0.47626 -0.28699 -0.83115 -0.47626 -0.28699 -0.83115 -0.5201 -0.19668 -0.83115 -0.52009 -0.19668 -0.83116 -0.54698 -0.09997 -0.83116 -0.54698 -0.09997 -0.83116 -0.55604 0 -0.83116 -0.54698 0.09997 -0.83116 -0.54698 0.09997 -0.83116 -0.52009 0.19668 -0.83116 -0.5201 0.19668 -0.83115 -0.47626 0.28699 -0.83115 -0.47626 0.28699 -0.83115 -0.4169 0.36794 -0.83115 -0.41691 0.36794 -0.83115 -0.34396 0.4369 -0.83115 -0.34395 0.43689 -0.83116 -0.2598 0.49161 -0.83116 -0.19902 0.51769 -0.8321 -0.19902 0.5177 -0.8321 -0.30831 -0.802 -0.5116 -0.30832 -0.80201 -0.51159 -0.40185 -0.76041 -0.5102 -0.40185 -0.7604 -0.5102 -0.53201 -0.67577 -0.5102 -0.53201 -0.67576 -0.51022 -0.64483 -0.5691 -0.51022 -0.64484 -0.5691 -0.51021 -0.73665 -0.44389 -0.51021 -0.73664 -0.44389 -0.51021 -0.80445 -0.30422 -0.51021 -0.80444 -0.30422 -0.51022 -0.84603 -0.15463 -0.51022 -0.84604 -0.15463 -0.51021 -0.86005 0 -0.51021 -0.84604 0.15463 -0.51021 -0.84603 0.15463 -0.51022 -0.80444 0.30422 -0.51022 -0.80445 0.30422 -0.51021 -0.73664 0.44389 -0.51021 -0.73665 0.44389 -0.51021 -0.64484 0.5691 -0.51021 -0.64483 0.5691 -0.51022 -0.53201 0.67576 -0.51022 -0.53201 0.67577 -0.5102 -0.40185 0.7604 -0.5102 -0.40185 0.76041 -0.5102 -0.30832 0.80201 -0.51159 -0.30832 0.802 -0.5116 -0.98633 -0.16066 -0.03664 -0.35377 -0.9218 -0.15853 -0.34382 -0.92978 -0.13151 -0.31669 -0.79882 -0.51147 -0.88205 -0.46724 0.06061 -0.61703 -0.77927 0.10961 -0.95937 -0.20572 -0.1931 -0.9579 -0.04359 -0.28378 -0.91517 -0.1808 -0.36025 -0.80769 -0.1341 -0.57415 -0.79496 -0.08556 -0.6006 -0.87676 -0.19527 -0.4395 -0.74195 -0.67045 -0.00335 -0.52647 -0.84994 0.02076 -0.51953 -0.85341 -0.04211 -0.54971 -0.83277 -0.0657 -0.50983 -0.84779 -0.14605 -0.53977 -0.81703 -0.20273 -0.49444 -0.83328 -0.24734 -0.49433 -0.7783 -0.38714 -0.47589 -0.79878 -0.36807 -0.41624 -0.8199 -0.39307 -0.12188 -0.14898 -0.9813 -0.1837 -0.20465 -0.96144 -0.31652 -0.15885 -0.93519 -0.36139 -0.2048 -0.90965 -0.48724 -0.16221 -0.85807 -0.4907 -0.16632 -0.85531 -0.64349 -0.20847 -0.73652 -0.64388 -0.20924 -0.73596 -0.7272 -0.18318 -0.66154 -0.98309 -0.18253 -0.01467 -0.82491 -0.56303 -0.05024 -0.80814 -0.56677 -0.16028 -0.8255 -0.53406 -0.18259 -0.73003 -0.57014 -0.37683 -0.74028 -0.52005 -0.42608 -0.63324 -0.55947 -0.53479 -0.62122 -0.5278 -0.57924 -0.53867 -0.55564 -0.63332 -0.51476 -0.52191 -0.68017 -0.42353 -0.55283 -0.71763 -0.38695 -0.51595 -0.76424 -0.29552 -0.54781 -0.78267 -0.40318 -0.9151 0.00694 -0.30539 -0.95166 0.03294 -0.29001 -0.95647 0.03248 -0.6577 -0.73319 -0.17283 -0.32066 -0.94716 0.00825 -0.37132 -0.92567 -0.07256 -0.35348 -0.93412 -0.04972 -0.35056 -0.93433 -0.06429 -0.3923 -0.79974 -0.45444 -0.34778 -0.81515 -0.46323 -0.23638 -0.50371 -0.8309 0.98935 -0 0.14554 0.978 -0.06171 0.19927 0.87321 0.07062 0.4822 0.82705 -0.04309 0.56047 0.59246 0.04742 0.80421 0.55226 -0.01649 0.83351 0.20888 0.01716 0.97779 0.19509 0 0.98079 0.1295 0 0.99158 0.23089 -0.09507 0.96832 0.3705 0.0423 0.92787 0.45003 0.00014 0.89301 0.60839 -0.00033 0.79364 0.56329 0.05357 0.82452 0.79808 -0.07087 0.59837 0.98923 -0 0.14638 0.99133 -0.01856 0.13011 0.91705 0.01647 0.39843 0.92359 -5E-05 0.38339 0.85016 2E-05 0.52652 0.74008 0.04754 0.67084 -0.40311 0.9151 0.00968 -0.40333 0.91466 0.02704 -0.40311 0.91475 0.02705 -0.67702 0.73565 0.02175 -0.98724 0.15919 0.00471 -0.98724 0.15919 0.00471 -0.93803 0.3464 0.01024 -0.88284 0.46951 0.01255 -0.86632 0.49926 0.01476 -0.67702 0.73564 0.02175 -0.4029 0.91519 0.00969 -0.67702 0.73593 0.00779 -0.67702 0.73593 0.00779 -0.88283 0.46966 0.00497 -0.88283 0.46966 0.00497 -0.98724 0.15925 0.00169 -0.98724 0.15925 0.00169 -0.97473 7E-05 -0.22338 -0.98588 -0.00036 -0.16743 -0.99885 0 -0.04787 -0.91734 -4E-05 -0.3981 -0.87365 -0.00044 -0.48656 -0.92258 0.00033 -0.38582 -0.78386 -0.00051 -0.62094 -0.84452 0.0006 -0.53553 -0.70047 -0.00023 -0.71368 -0.09677 0 -0.99531 -0.07819 0.00012 -0.99694 -0.28737 -0.00014 -0.95782 -0.16805 0.00078 -0.98578 -0.26654 0.0001 -0.96382 -0.44057 -8E-05 -0.89772 -0.43372 -4E-05 -0.90105 -0.60212 6E-05 -0.7984 -0.55429 0.00049 -0.83233 -0.69333 -0.00027 -0.72062 -0.4029 -0.91519 0.00968 -0.98724 -0.15925 0.00169 -0.88283 -0.46949 0.01388 -0.98724 -0.15919 0.00471 -0.98724 -0.15919 0.00471 -0.98724 -0.15925 0.00169 -0.88283 -0.46966 0.00497 -0.88283 -0.46967 0.00497 -0.67702 -0.73593 0.00779 -0.67702 -0.73593 0.00779 -0.40311 -0.9151 0.00969 -0.40311 -0.91475 0.02704 -0.40333 -0.91466 0.02705 -0.61895 -0.78508 0.02322 -0.67703 -0.7357 0.0197 -0.74226 -0.66982 0.01981 -0.88283 -0.46948 0.01388 -0.38854 -0.90899 -0.15092 -0.20299 -0.95032 -0.23598 -0.66994 -0.72053 -0.17892 -0.66994 -0.72053 -0.17892 -0.88002 -0.46093 -0.11446 -0.88003 -0.46092 -0.11447 -0.98693 -0.1564 -0.03884 -0.98693 -0.1564 -0.03884 -0.4019 -0.91303 -0.06971 -0.67562 -0.73449 -0.06374 -0.6698 -0.74038 -0.05654 -0.88208 -0.46931 -0.04106 -0.87996 -0.47364 -0.03649 -0.98713 -0.15925 -0.01442 -0.98693 -0.16064 -0.01296 -0.2119 0.97601 0.05 -0.20504 0.97814 0.03478 -0.20512 0.97831 0.02893 -0.20005 0.97948 0.02431 -0.20685 0.97832 0.01036 -0.19993 0.97981 -0.00089 -0.18979 0.98119 -0.03523 -0.27995 0.95798 0.06248 -0.2355 0.97083 0.045 -0.24783 0.967 0.05906 -0.21378 0.97613 0.03821 -0.20948 0.9773 0.0316 -0.26209 -0.96226 0.07318 -0.18979 -0.98119 -0.03523 -0.19993 -0.97981 -0.00089 -0.21707 -0.9756 0.03283 -0.22197 -0.97308 0.06197 -0.20662 -0.97784 0.03379 -0.2049 -0.97777 0.04456 -0.20517 -0.97843 0.02428 -0.19776 -0.97982 0.02898 -0.20685 -0.97832 0.01036 -0.2462 -0.96828 0.04253 -0.29543 -0.95328 0.06307 -0.3121 -0.94832 0.05731 -0.33127 -0.94174 0.05815 -0.35825 -0.93189 0.05696 -0.42082 -0.90194 0.09698 -0.46709 -0.88387 0.02466 -0.58304 -0.8071 0.093 -0.61832 -0.78539 0.02904 -0.72463 -0.68346 0.08828 -0.74933 -0.66132 0.03416 -0.84055 -0.53536 0.08281 -0.85583 -0.51571 0.04001 -0.92664 -0.36805 0.0766 -0.93433 -0.35334 0.0466 -0.9798 -0.18746 0.06965 -0.98227 -0.17953 0.05391 -0.99808 0 0.06195 -0.98078 0.18765 0.0535 -0.98124 0.17934 0.0707 -0.92846 0.36878 0.0443 -0.93234 0.35258 0.08017 -0.84295 0.53689 0.03435 -0.85301 0.51401 0.09035 -0.72727 0.68594 0.02366 -0.74591 0.65831 0.10122 -0.58553 0.81056 0.01221 -0.61463 0.78071 0.11277 -0.46709 0.88387 0.02466 -0.42082 0.90194 0.09698 -0.35825 0.93189 0.05696 -0.33127 0.94174 0.05815 -0.31506 0.94733 0.05744 -0.30649 0.94998 0.05997 -0.26767 0.96211 0.05195 -0.98715 0.15925 -0.01285 -0.98695 0.16039 -0.0145 -0.88224 0.4694 -0.03621 -0.88013 0.47294 -0.04127 -0.67593 0.73482 -0.05624 -0.6701 0.73951 -0.06395 -0.4019 0.91303 -0.0697 -0.30459 0.93986 -0.15456 -0.44715 0.85422 -0.26527 -0.71002 0.69445 -0.11664 -0.66994 0.72052 -0.17895 -0.84987 0.51146 -0.12702 -0.88067 0.46827 -0.07169 -0.97441 0.19219 -0.11654 -0.98693 0.1564 -0.03885 -0.39276 -0.86701 -0.30665 -0.4725 -0.82768 -0.30281 0.20339 -0.887 -0.41457 -0.12953 -0.89414 -0.42864 -0.4947 -0.71048 -0.50048 -0.86788 -0.39736 -0.29812 -0.26284 -0.70921 -0.65417 -0.3121 -0.64282 -0.69955 -0.85723 -0.3128 -0.40904 -0.22734 -0.55384 -0.80099 -0.28849 -0.39982 -0.87001 0.06361 -0.39945 -0.91455 -0.43095 -0.23959 -0.86999 -0.2364 -0.23969 -0.94163 -0.20878 -0.14399 -0.9673 -0.60878 -0.05479 -0.79145 -0.18373 -0.03655 -0.9823 -0.98699 -0.15012 -0.05754 -0.98205 -0.17725 -0.06455 -0.98201 -0.17026 -0.08161 -0.982 -0.17032 -0.08163 -0.98176 -0.15209 -0.1141 -0.98174 -0.15216 -0.11415 -0.98174 -0.11556 -0.15111 -0.98171 -0.11565 -0.1512 -0.98196 -0.07896 -0.17181 -0.98196 -0.07897 -0.17182 -0.98196 -0.05021 -0.18232 -0.98196 -0.0502 -0.18229 -0.9817 -0.00836 -0.19026 -0.96578 -0.01776 -0.25875 -0.88052 -0.44282 -0.16908 -0.83353 -0.52024 -0.18597 -0.83336 -0.49842 -0.23892 -0.83328 -0.49853 -0.23896 -0.83152 -0.44435 -0.33337 -0.83139 -0.4445 -0.33347 -0.83137 -0.33758 -0.44143 -0.8312 -0.33775 -0.44163 -0.83298 -0.23105 -0.50276 -0.83296 -0.23106 -0.50278 -0.83296 -0.14691 -0.53347 -0.83299 -0.1469 -0.53343 -0.8313 -0.02782 -0.55512 -0.70605 -0.05467 -0.70605 -0.67083 -0.6923 -0.2659 -0.54346 -0.79156 -0.27944 -0.54328 -0.75706 -0.36292 -0.54315 -0.75714 -0.36294 -0.5405 -0.67299 -0.50491 -0.54033 -0.67309 -0.50497 -0.54029 -0.51116 -0.66843 -0.54004 -0.51127 -0.66855 -0.5427 -0.35073 -0.7632 -0.54266 -0.35074 -0.76322 -0.54266 -0.22302 -0.80981 -0.54272 -0.223 -0.80977 -0.54115 -0.05807 -0.83892 -0.43095 -0.06878 -0.89975 -0.18756 -0.96955 -0.15744 -0.18656 -0.96846 -0.16515 -0.1144 -0.98131 -0.15474 0.1954 -0 0.98072 0.19259 -0.00196 0.98128 0.55577 0.00198 0.83133 0.51294 -0.03121 0.85786 0.83209 0.03839 0.55331 0.80443 0.00038 0.59405 0.9807 -0.00031 0.19554 0.98079 0 0.19509 -0.03753 0.9398 -0.33965 -0.22408 0.93176 -0.28569 -0.15047 0.93778 -0.31293 -0.12817 0.94126 -0.3124 -0.16169 0.93908 -0.3033 -0.12672 0.94368 -0.30562 -0.40009 0.87894 -0.2596 -0.47097 0.84959 -0.23745 -0.65258 0.73504 -0.18402 -0.84011 0.53644 -0.08027 -0.72945 0.66507 -0.15997 -0.99027 0.12893 0.05245 -0.9868 -0.07426 0.1439 -0.9585 0.07224 0.27577 -0.88692 0.07111 0.45641 -0.51123 0.08844 0.85488 -0.23581 0.23282 0.9435 -0.82294 0.52276 0.22248 -0.87483 0.35561 0.32895 -0.93747 0.29597 0.18317 -0.95755 0.13586 0.25426 -0.98222 0.1015 0.15794 -0.9127 0.40621 -0.04435 -0.95294 0.303 0.0097 -0.9208 0.35629 0.15866 -0.81547 0.57774 0.03509 -0.56771 -0.63483 0.52412 -0.62392 0.77953 -0.0553 -0.71017 0.7037 0.02168 -0.38844 0.89837 -0.20505 -0.4991 0.8565 -0.13155 -0.19519 0.93353 -0.3007 -0.18178 0.93319 -0.31001 -0.66819 0.53194 0.52017 -0.68081 0.3582 0.63889 -0.80123 0.29533 0.5204 -0.69251 -0.20343 0.69214 -0.82375 0.11679 0.55479 -0.40524 0.56389 0.71959 -0.39929 0.35837 0.84388 -0.54514 0.31607 0.77648 -0.51718 0.13024 0.84591 -0.65147 0.07717 0.75474 -0.23603 0.96686 -0.09728 -0.36803 0.89755 0.24282 -0.34777 0.92171 0.17179 -0.44101 0.75092 0.49155 -0.43025 0.79416 0.42918 -0.38008 -0.11448 0.91784 -0.54138 0.58278 0.60604 -0.54501 0.35569 0.75924 -0.68201 0.30123 0.66643 -0.66109 0.13717 0.73766 -0.7614 0.08599 0.64256 -0.10879 0.93329 -0.34224 -0.14712 0.9499 -0.27576 -0.2638 0.96428 -0.02393 -0.08025 0.24606 0.96593 -0.07998 0.24765 0.96554 -0.0843 0.59656 0.79813 -0.09751 0.99495 0.02376 -0.13352 0.93499 0.32857 -0.13276 0.94137 0.31016 -0.15675 0.79418 0.58712 -0.15683 0.80439 0.57303 -0.13775 0.0076 0.99044 -0.24839 0.59392 0.76522 -0.23392 0.25143 0.93918 -0.39665 0.22037 0.89113 -0.32585 -0.04407 0.94439 -0.43274 0.11198 0.89454 -0.89083 0.13668 0.4333 -0.88634 0.2934 0.35822 -0.79556 0.35556 0.49057 -0.74711 0.57502 0.33342 -0.47611 -0.45894 0.75013 -0.59579 0.78098 0.18738 -0.64442 0.70925 0.2858 -0.43482 0.8997 -0.03834 -0.50622 0.85985 0.06637 -0.18329 0.93217 -0.3122 -0.31943 0.93522 -0.15275 -0.14363 0.92881 -0.34159 -0.12971 0.92535 -0.35624 0.11191 0.81905 -0.56271 -0.03492 0.88002 -0.47365 -0.04829 0.89188 -0.44969 -0.18455 0.94032 -0.2859 -0.0358 0.92706 -0.3732 -0.09916 0.99404 0.0454 -0 0.24686 0.96905 -0 0.24689 0.96904 -0 0.5987 0.80098 -0 0.5987 0.80098 -1E-05 0.80412 0.59447 -1E-05 0.80415 0.59443 -1E-05 0.94344 0.33154 -1E-05 0.94344 0.33154 -1E-05 0.99896 0.04563 -1E-05 0.99896 0.04559 -1E-05 0.94047 -0.33989 -1E-05 0.94046 -0.3399 0 0.24689 0.96904 0 0.24702 0.96901 -0 0.24702 0.96901 -0 0.5987 0.80098 -0 0.59871 0.80096 -0 0.80415 0.59443 -0 0.80413 0.59445 -0 0.94344 0.33154 -0 0.94345 0.33151 -0 0.99896 0.04559 -0 0.94046 -0.3399 0 0.24689 0.96904 1E-05 0.59871 0.80096 1E-05 0.59871 0.80096 1E-05 0.80413 0.59445 1E-05 0.80413 0.59445 1E-05 0.94345 0.33151 1E-05 0.94344 0.33154 1E-05 0.99896 0.04559 1E-05 0.94046 -0.3399 1E-05 0.94046 -0.3399 0.3904 0.13359 0.9109 0.95016 0.31149 -0.01277 0.98487 0.16634 0.04853 0.19559 0.93459 -0.29714 0.08329 0.94302 -0.32215 0.14975 0.93912 -0.30924 0.33526 0.90647 -0.25674 0.4509 0.86455 -0.22191 0.64606 0.75062 -0.13848 0.05196 0.89663 -0.43972 0.70865 0.36293 0.60506 0.81172 0.30663 0.49707 0.81045 0.36172 0.46079 0.88882 0.3063 0.34084 0.88093 0.36133 0.30561 0.84079 -0.15295 0.5193 0.91063 0.12991 0.39226 0.63489 0.77055 0.0563 0.70403 0.70131 -0.11185 0.47384 -0.78865 0.3918 0.83215 0.54463 -0.10445 0.9179 0.39461 -0.04178 0.08124 0.60156 0.79468 0.07455 0.2134 0.97412 0.06768 0.24632 0.96682 0.07602 0.80181 0.59273 0.0655 0.94142 0.33083 0.06448 0.94347 0.32514 0.04885 0.99777 0.04554 0.04777 0.99808 0.03952 0.02055 0.94026 -0.33983 0.07333 0.98574 -0.15148 0.418 0.59704 0.6847 0.41208 0.33582 0.847 0.26987 0.36449 0.89125 0.07953 0.9075 -0.41246 0.11049 0.92046 -0.37488 0.07605 0.93056 -0.35815 0.17972 0.98305 -0.03637 0.19817 0.97998 0.01899 0.25446 0.93623 0.24231 0.26899 0.91694 0.29472 0.31462 0.77445 0.54885 0.07662 0.80536 0.58781 0.08053 0.59677 0.79836 0.10484 0.91784 -0.38285 0.17816 0.94171 -0.28538 0.31831 0.94234 -0.10329 0.41118 0.91031 0.04764 0.46693 0.87315 0.13997 0.57257 0.72845 0.37619 0.31066 0.80688 0.50243 0.25528 -0.12763 0.95841 0.25297 0.58515 0.77046 0.23696 0.23715 0.94213 0.144 0.24659 0.95836 0.86812 0.09987 0.48621 0.8098 0.13896 0.57001 0.79811 0.08014 0.59716 0.73957 0.11386 0.66338 0.65001 -0.01961 0.75967 0.67071 0.08734 0.73656 0.58143 0.12552 0.80386 0.20358 0.93259 -0.29805 0.1573 0.93169 -0.32743 0.19664 0.93191 -0.30477 0.41672 0.89827 -0.13947 0.51441 0.85545 -0.05983 0.69259 0.70945 0.1304 0.54181 0.79002 0.2869 0.44925 -0.32831 0.8309 0.56751 0.55129 0.61157 0.56754 0.3213 0.75807 0.41765 0.3668 0.83128 0.38163 0.10044 0.91884 0.22948 0.13049 0.96453 0.65697 0.73979 -0.14529 0.96149 0.07781 0.2636 0.92111 0.36453 0.13667 0.9367 0.30615 0.16992 0.85309 0.51837 0.05943 0.80496 0.56633 0.17693 0.55386 -0.54601 0.62857 0.77195 0.53193 0.34806 0.67717 0.58398 0.44767 0.70455 0.31229 0.63725 0.57419 0.36684 0.73194 0.4586 -0.16191 0.87377 0.49762 0.10183 0.8614 -0.97559 0.20681 -0.0739 -0.2588 0.00582 -0.96591 -0.69701 0.21612 -0.68372 -0.23965 0.20678 -0.94858 -0.18208 0.08713 -0.97942 0.25373 0.44376 -0.85948 -0.52845 0.43959 -0.72629 0.22324 0.60468 -0.76455 -0.29992 0.60893 -0.73434 -0.26886 0.7262 -0.63273 -0.89534 0.34956 -0.276 -0.30118 0.79803 -0.52195 -0.30124 0.84081 -0.44977 -0.83309 0.17309 -0.52536 -0.79266 0.04176 -0.60823 -0.8343 0.03423 -0.55025 -0.60803 0.0493 -0.79239 -0.98217 0.16943 -0.08146 -0.91079 0.379 -0.16378 -0.84979 0.48349 -0.20997 -0.98221 0.15492 -0.10608 -0.83258 0.43474 -0.34323 -0.98221 0.13895 -0.12631 -0.44682 0.83282 -0.32675 -0.82101 0.51802 -0.23998 -0.5461 0.76831 -0.33387 -0.54546 0.65781 -0.51938 -0.98213 0.11636 -0.14792 -0.86392 0.29194 -0.41039 -0.98225 0.09278 -0.16302 -0.77498 0.19778 -0.60024 -0.54473 0.26245 -0.79648 -0.54787 0.43317 -0.71568 -0.5479 0.43317 -0.71566 -0.54798 0.53395 -0.64391 -0.54803 0.53393 -0.64388 -0.5453 0.6579 -0.51944 -0.98203 0.06369 -0.17765 -0.95043 0.0973 -0.29533 -0.98228 0.03656 -0.1838 -0.98197 0.0066 -0.18893 -0.96581 0.016 -0.25876 -0.48042 0.05558 -0.87528 -0.54681 0.05461 -0.83547 -0.54486 0.26241 -0.79641 -0.83299 0.17315 -0.5255 -0.83507 0.28487 -0.47065 -0.94107 0.19605 -0.2756 -0.83518 0.35107 -0.42336 -0.83337 0.4338 -0.3425 -0.83349 0.43366 -0.3424 -0.83395 0.5058 -0.22066 -0.71325 0.64371 -0.27733 0.98061 0 0.19596 0.98078 0.0006 0.19511 0.83067 -0.0006 0.55677 0.80562 -0.03105 0.59162 0.55292 0.02366 0.8329 0.51375 -0.00125 0.85794 0.19484 0.00162 0.98083 0.19267 0 0.98126 -0.17765 0.97139 -0.1576 -0.18284 0.94524 -0.27036 -0.96593 -0 -0.2588 -0.79335 -0.00108 -0.60877 -0.60877 0 -0.79335 -0.43197 0 -0.90189 -0.25881 0.00045 -0.96593 -0.18385 0 -0.98295 -0.2115 -0.88523 -0.4143 -0.01396 -0.03859 -0.99916 0.03288 -0.15022 -0.98811 -0.05089 -0.39868 -0.91568 -0.10681 -0.33938 -0.93457 -0.14438 -0.56327 -0.81356 -0.10825 -0.60526 -0.78864 -0.16607 -0.66783 -0.72555 -0.17663 -0.79114 -0.58558 -0.14448 -0.80971 -0.56877 -0.18009 -0.7233 -0.66664 -0.17871 -0.92756 -0.32816 -0.15968 -0.91496 -0.37061 -0.10641 -0.91299 -0.39387 -0.10266 -0.91252 -0.39593 -0.00356 -0.03006 -0.99954 -0.03167 -0.07321 -0.99681 -0.02258 -0.07448 -0.99697 -0.07642 -0.24793 -0.96576 -0.00903 -0.17296 -0.98489 -0.06154 -0.36653 -0.92837 -0.04594 -0.34783 -0.93643 -0.05099 -0.54856 -0.83456 -0.08871 -0.6079 -0.78904 -0.06676 -0.67651 -0.73341 -0.07317 -0.74036 -0.66822 -0.09388 -0.80341 -0.58798 -0.08884 -0.80979 -0.57995 -0.07662 -0.90606 -0.41615 -0.13508 -0.88672 -0.44214 -0.03591 -0.93957 -0.34048 0 -0.94017 -0.34071 0 -0.03006 -0.99955 0 -0.54929 -0.83563 -0 -0.36723 -0.93013 -0 -0.17296 -0.98493 0 -0.17296 -0.98493 -0 -0.17296 -0.98493 -0 -0.36723 -0.93013 0 -0.69804 -0.71605 0 -0.81301 -0.58224 0 -0.89491 -0.44625 0 -0.94017 -0.34071 0 -0.89491 -0.44625 -0 -0.74236 -0.67 0.00118 -0.69795 -0.71614 -0 -0.67804 -0.73503 -0 -0.03006 -0.99955 -0.00259 -0.1273 -0.99186 0 -0.21952 -0.97561 0 -0.36723 -0.93013 0 -0.36723 -0.93013 0 -0.66592 -0.74603 -0.00141 -0.69793 -0.71616 0 -0.73157 -0.68176 0.03775 -0.05053 -0.99801 0.03225 0.81279 -0.58166 0.04953 0.93906 -0.34015 0.17017 -0.90889 -0.38075 0.26031 -0.86667 -0.42558 0.35267 -0.83641 -0.41958 0.4187 -0.83799 -0.34994 0.3544 -0.70984 -0.60871 0.45493 -0.7904 -0.41025 0.53536 -0.7356 -0.41508 0.58135 -0.7231 -0.37305 0.49709 -0.61823 -0.60884 0.61796 -0.49763 -0.60868 0.7225 -0.58216 -0.37293 0.61259 -0.67567 -0.41014 0.71123 -0.35159 -0.60872 0.83276 -0.41203 -0.36978 0.75091 -0.51847 -0.40905 0.85386 -0.33489 -0.39845 0.90994 -0.11897 -0.39732 0.91254 -0.14694 -0.38169 0.88199 -0.24119 -0.40487 0.89331 0.06303 -0.445 0.92011 -0.02355 -0.39095 0.91659 -0.07993 -0.39175 0.51002 0.76435 -0.39453 0.4721 0.77382 -0.42229 0.43169 0.8127 -0.39135 0.34211 0.85421 -0.39152 0.30416 0.85508 -0.41992 0.25156 0.88571 -0.39017 0.19664 0.89853 -0.39239 0.13124 0.90268 -0.4098 0.1368 0.89928 -0.41543 0.00116 0.93135 -0.36412 0.12004 0.8886 -0.44269 0.03984 -0.8942 -0.44589 0.04663 -0.81213 -0.58162 0.07972 -0.78789 -0.61063 0.038 -0.73104 -0.68128 0.03454 -0.66551 -0.74559 0.07796 -0.58416 -0.80788 0.02479 0.58824 -0.80831 0.15161 0.54311 -0.82586 0.017 0.66592 -0.74583 0.00361 0.03008 -0.99954 0.01871 0.73156 -0.68152 0.10016 0.78708 -0.60867 0.11866 0.78529 -0.60765 0.11337 0.78182 -0.61311 0.27482 0.74752 -0.60472 0.26385 0.74263 -0.61554 0.42427 0.6755 -0.60307 0.40999 0.67221 -0.61648 0.52944 0.59281 -0.60686 0.04437 0.04574 -0.99797 0.04537 0.04559 -0.99793 0.03546 0.05175 -0.99803 0.03821 0.05272 -0.99788 0.02355 0.05831 -0.99802 0.02311 0.05803 -0.99805 0.01075 0.06417 -0.99788 0.04071 0.08755 -0.99533 -0.03919 0.17292 -0.98416 0.55662 0.73254 -0.39186 0.60358 0.6937 -0.39303 0.51756 0.5947 -0.61519 0.58726 0.53339 -0.60879 0.60436 0.48108 -0.63507 0.7233 0.31897 -0.61245 0.69203 0.3432 -0.63507 0.68725 0.39652 -0.60866 0.6376 0.46555 -0.61379 0.09312 0.5846 -0.80596 0.08723 0.57973 -0.81012 0.21362 0.55521 -0.80381 0.20106 0.54802 -0.81194 0.3264 0.49907 -0.80274 0.30986 0.49362 -0.81261 0.40261 0.43459 -0.80563 0.38913 0.43554 -0.81172 0.47246 0.3637 -0.80281 0.45768 0.36401 -0.81119 0.53682 0.25794 -0.8033 0.52603 0.26056 -0.80957 0.57707 0.1415 -0.80435 0.15265 0.36309 -0.91916 -0.00023 0.31782 -0.94815 0.05335 0.31594 -0.94728 0.04944 0.31204 -0.94878 0.12137 0.29926 -0.94642 0.11253 0.29325 -0.94939 0.18335 0.26725 -0.94602 0.17152 0.26246 -0.94958 0.22349 0.23061 -0.94703 0.21378 0.23064 -0.94927 0.26061 0.19235 -0.94609 0.24968 0.19195 -0.94911 0.29342 0.13542 -0.94634 0.28547 0.1369 -0.94856 0.31336 0.07392 -0.94675 0.30928 0.07566 -0.94796 0.32032 0.01014 -0.94726 0.89684 -0.21928 -0.38417 0.77054 -0.18821 -0.60896 0.74874 -0.09778 -0.65561 0.05944 -0.0221 -0.99799 0.06343 -0.0108 -0.99793 0.31426 -0.05374 -0.94782 0.31985 0.01047 -0.94741 0.59201 0.01944 -0.80569 0.57162 0.1442 -0.80775 0.74894 0.1892 -0.63505 0.75618 0.23961 -0.60891 0.06612 -0.01424 -0.99771 0.0632 -0.00739 -0.99797 0.06401 0.00201 -0.99795 0.06388 0.00212 -0.99796 0.06226 0.01462 -0.99795 0.06291 0.01428 -0.99792 0.05754 0.02647 -0.99799 0.0635 0.02497 -0.99767 0.04768 0.0351 -0.99825 0.0554 0.03565 -0.99783 0.04754 0.04211 -0.99798 0.54834 -0.22931 -0.8042 0.72964 -0.30555 -0.61177 0.71102 -0.25897 -0.65375 0.86981 -0.31718 -0.37794 0.80378 -0.43598 -0.4048 0.05377 -0.03333 -0.998 0.06007 -0.02336 -0.99792 0.29535 -0.11532 -0.9484 0.31633 -0.05608 -0.94699 0.58108 -0.10327 -0.80727 0.59145 0.0199 -0.80609 0.79425 0.02677 -0.607 0.77618 0.15576 -0.61097 0.26689 -0.18109 -0.94656 0.48418 -0.32899 -0.81076 0.48694 -0.34164 -0.80385 0.64585 -0.45358 -0.61413 0.6388 -0.4082 -0.65215 0.77906 -0.49829 -0.3805 0.69358 -0.59749 -0.40244 0.0485 -0.04062 -0.998 0.05426 -0.03528 -0.9979 0.26426 -0.17226 -0.94894 0.29848 -0.12098 -0.94672 0.54454 -0.22117 -0.80905 0.58375 -0.1067 -0.80489 0.78 -0.1428 -0.60927 0.79377 0.02723 -0.6076 0.91336 0.03137 -0.40594 0.90712 0.18222 -0.37938 0.90363 0.16234 -0.39636 0.87922 0.27885 -0.38627 0.8791 0.27283 -0.39084 0.84179 0.37154 -0.3916 0.8427 0.36401 -0.39667 0.79926 0.46149 -0.38498 0.80083 0.4533 -0.39141 0.74307 0.54291 -0.39127 0.7407 0.54951 -0.38653 0.67969 0.61762 -0.39569 0.67629 0.62393 -0.39159 0.60562 0.69287 -0.39136 0.65817 -0.65965 -0.36288 0.53668 -0.53763 -0.65032 0.53358 -0.57983 -0.61571 0.40281 -0.43757 -0.80391 0.40293 -0.42235 -0.81195 0.22274 -0.23336 -0.94654 0.22192 -0.22253 -0.94933 0.04577 -0.04585 -0.9979 0.04583 -0.04736 -0.99783 0.50291 -0.78436 -0.36312 0.40984 -0.63942 -0.65051 0.3981 -0.67952 -0.61625 0.30048 -0.51323 -0.80393 0.30382 -0.49771 -0.81239 0.16796 -0.27539 -0.94655 0.16931 -0.26424 -0.94948 0.0349 -0.05454 -0.9979 0.03432 -0.05856 -0.99769 0.01709 -0.06145 -0.99796 0.27424 -0.8687 -0.41249 0.23926 -0.75893 -0.60562 0.24475 -0.74946 -0.61515 0.18393 -0.56446 -0.80471 0.18915 -0.5527 -0.81163 0.10391 -0.30451 -0.94683 0.10679 -0.29575 -0.94928 0.02224 -0.06188 -0.99784 0.02391 -0.05825 -0.99802 0.03313 -0.54898 -0.83518 0.01742 -0.36717 -0.92999 0.06337 -0.31369 -0.94741 0.01289 -0.2195 -0.97553 0.00745 -0.1273 -0.99184 0.00375 -0.03006 -0.99954 0.023 -0.06057 -0.9979 0.018 -0.1019 -0.99463 0.05529 -0.31172 -0.94856 0.05222 -0.31453 -0.94781 0.09667 -0.57913 -0.80948 0.09166 -0.58295 -0.80732 0.12332 -0.78104 -0.61219 0.11855 -0.78407 -0.60925 0.13758 -0.90745 -0.397 0.08606 -0.91725 -0.38891 0.0581 -0.93859 -0.34011 0.0011 0.93972 -0.34194 0.00237 0.94653 -0.32262 0 0.94027 -0.34044 0.00312 0.90063 -0.43457 0.006 0.91467 -0.40416 -0.00043 0.8951 -0.44587 1E-05 0.9289 -0.37032 0.00047 0.93524 -0.35402 -1E-05 0.79434 -0.60747 0.00183 0.81315 -0.58205 -0.00022 0.84806 -0.5299 -3E-05 0.88012 -0.47474 -0 0.02779 -0.99961 8E-05 0.54849 -0.83616 0.0001 0.36741 -0.93006 4E-05 0.3663 -0.9305 5E-05 0.17306 -0.98491 1E-05 0.17235 -0.98504 1E-05 0.03008 -0.99955 0 0.02993 -0.99955 0.00011 0.02994 -0.99955 -0.00019 0.16604 -0.98612 0.00014 0.17237 -0.98503 -0.00024 0.36102 -0.93256 8E-05 0.36631 -0.93049 -0.00025 0.54503 -0.83842 -1E-05 0.54848 -0.83617 -0.00024 0.69551 -0.71852 -6E-05 0.69764 -0.71645 -0.00017 0.79544 -0.60603 0.00289 0.82036 -0.57184 1E-05 0.94021 -0.34059 4E-05 0.89506 -0.44594 5E-05 0.89511 -0.44584 0.00011 0.81322 -0.58196 9E-05 0.81304 -0.58221 0.00014 0.73169 -0.68164 -0.00128 0.69753 -0.71655 0.00011 0.66602 -0.74593 0.00015 0.54951 -0.83549 -0 0.79434 -0.60747 0.00096 0.81149 -0.58437 -0.00841 0.8498 -0.52704 -0.00555 0.83587 -0.5489 -0.00321 0.82129 -0.5705 0.00276 0.89441 -0.44724 -0.0114 0.92881 -0.37037 -0.0056 0.91324 -0.40739 -0.00197 0.89307 -0.44991 -0.00083 0.88241 -0.47049 -3E-05 0.87122 -0.49089 -0 0.02765 -0.99962 0 0.02779 -0.99961 1E-05 0.02765 -0.99962 1E-05 0.16534 -0.98624 4E-05 0.16604 -0.98612 3E-05 0.35991 -0.93299 0.0001 0.36102 -0.93256 7E-05 0.54398 -0.8391 0.00015 0.54503 -0.83842 0.0001 0.69487 -0.71914 0.00016 0.69551 -0.71852 0.0001 0.79501 -0.6066 1E-05 0.79438 -0.60742 -1E-05 0.02779 -0.99961 -1E-05 0.17164 -0.98516 -0.00039 0.1654 -0.98623 0.00034 0.37278 -0.92792 -0.00053 0.35998 -0.93296 0.00034 0.55589 -0.83126 -0.00059 0.54406 -0.83905 0.00032 0.70472 -0.70948 -0.00059 0.69493 -0.71908 0.00032 0.81911 -0.57363 -0.00053 0.81158 -0.58424 0.00056 0.91973 -0.39255 -0.00593 0.89474 -0.44655 0 0.94017 -0.34071 -0.00133 0.9437 -0.3308 -0.10433 0.90837 -0.40494 -0.16785 0.91774 -0.35997 -0.15223 0.91207 -0.38073 -0.19964 0.86412 -0.462 -0.1953 0.82095 -0.53656 -0.16888 0.80157 -0.57355 -0.23514 0.67181 -0.70241 -0.12245 0.7487 -0.6515 -0.20742 0.52723 -0.82402 -0.10097 0.61558 -0.78158 -0.14441 0.45067 -0.88093 -0.0827 0.36352 -0.92791 -0.09266 0.30959 -0.94635 -0.00266 0.00734 -0.99997 -0.00617 0.10459 -0.9945 0.01438 0.09082 -0.99576 -0.06409 0.2148 -0.97455 -0.00329 0.02779 -0.99961 -0.04798 0.09881 -0.99395 -0.0186 0.17162 -0.98499 -0.0402 0.36914 -0.9285 -0.03883 0.3725 -0.92722 -0.05765 0.55109 -0.83245 -0.05584 0.555 -0.82997 -0.07059 0.69947 -0.71116 -0.06867 0.70304 -0.70783 -0.0797 0.81391 -0.5755 -0.07795 0.81662 -0.57189 -0.08654 0.90463 -0.41733 -0.03513 0.91917 -0.39229 -0.96593 -0.25882 -0 -0.96593 -0.25882 0 -0.70711 -0.70711 0 -0.25882 -0.96593 0 0.25882 -0.96593 0 0.70711 -0.70711 0 0.96593 -0.25882 0 0.96593 0.25882 -0 0.70711 0.70711 -0 0.25882 0.96593 -0 -0.25882 0.96593 0 -0.70711 0.70711 0 -0.96593 0.25882 0 -0.96593 0.25882 0 -0.25882 -0.96593 0 0.25882 -0.96593 0 0.25882 0.96593 -0 -0.25882 0.96593 0 0.96593 0.25882 0 0.70711 0.70711 0 0.25882 0.96593 0 -0.25882 0.96593 0 -0.70711 0.70711 0 -0.96593 0.25882 0 -0.96593 -0.25882 -0 -0.70711 -0.70711 -0 -0.25882 -0.96593 -0 0.25882 -0.96593 0 0.70711 -0.70711 0 0.96593 -0.25882 0 0.96593 0.25882 0 0.70711 0.70711 0 0.25882 0.96593 0 -0.25882 0.96593 0 -0.70711 0.70711 0 -0.96593 0.25882 0 -0.96593 -0.25882 -0 -0.70711 -0.70711 -0 -0.25882 -0.96593 -0 0.25882 -0.96593 0 0.70711 -0.70711 0 0.96593 -0.25882 0 -0.27176 -0.70406 0.65608 -0.27176 -0.70406 0.65608 -0.4323 -0.70406 0.56339 -0.4323 -0.70406 0.56339 -0.56339 -0.70406 0.4323 -0.56339 -0.70406 0.4323 -0.65608 -0.70406 0.27176 -0.65608 -0.70406 0.27176 -0.70406 -0.70406 0.09269 -0.70406 -0.70406 0.09269 -0.70406 -0.70406 -0.09269 -0.70406 -0.70406 -0.09269 -0.65608 -0.70406 -0.27176 -0.65608 -0.70406 -0.27176 -0.56339 -0.70406 -0.4323 -0.56339 -0.70406 -0.4323 -0.4323 -0.70406 -0.56339 -0.4323 -0.70406 -0.56339 -0.27176 -0.70406 -0.65608 -0.27176 -0.70406 -0.65608 -0.09269 -0.70406 -0.70406 -0.09269 -0.70406 -0.70406 0.09269 -0.70406 -0.70406 0.09269 -0.70406 -0.70406 0.27176 -0.70406 -0.65608 0.27176 -0.70406 -0.65608 0.4323 -0.70406 -0.56339 0.4323 -0.70406 -0.56339 0.56339 -0.70406 -0.4323 0.56339 -0.70406 -0.4323 0.65608 -0.70406 -0.27176 0.65608 -0.70406 -0.27176 0.70406 -0.70406 -0.09269 0.70406 -0.70406 -0.09269 0.70406 -0.70406 0.09269 0.70406 -0.70406 0.09269 0.65608 -0.70406 0.27176 0.65608 -0.70406 0.27176 0.56339 -0.70406 0.4323 0.56339 -0.70406 0.4323 0.4323 -0.70406 0.56339 0.4323 -0.70406 0.56339 0.27176 -0.70406 0.65608 0.27176 -0.70406 0.65608 0.09269 -0.70406 0.70406 0.09269 -0.70406 0.70406 -0.09269 -0.70406 0.70406 -0.09269 -0.70406 0.70406 0.5 -0.86603 0 0.5 -0.86602 -0 0.5 -0.86603 0 -0.5 -0.86603 0 -0.5 -0.86602 0 -0.5 -0.86603 -0 -0.5 0.86603 0 -0.5 0.86602 -0 -0.5 0.86603 0 0.5 0.86603 0 0.5 0.86603 -0 0.5 0.86602 0 0.54623 -0.45737 -0.70174 0.35632 -0.61715 -0.70154 0.35631 -0.61716 -0.70154 0.12298 -0.70174 -0.70174 -0.12298 -0.70174 -0.70174 -0.35632 -0.61715 -0.70154 -0.35631 -0.61715 -0.70154 -0.54623 -0.45737 -0.70174 -0.66921 -0.24437 -0.70174 -0.71263 -0 -0.70154 -0.66921 0.24437 -0.70174 -0.54623 0.45737 -0.70174 -0.35632 0.61715 -0.70154 -0.35631 0.61716 -0.70154 -0.12298 0.70174 -0.70174 0.12298 0.70174 -0.70174 0.35632 0.61715 -0.70154 0.35631 0.61715 -0.70154 0.54623 0.45737 -0.70174 0.66921 0.24437 -0.70174 0.71263 0 -0.70154 0.66921 -0.24437 -0.70174 -0.96593 0.25882 0 -0.70711 0.70711 0 -0.25882 0.96593 0 0.25882 0.96593 -0 0.70711 0.70711 -0 0.96593 0.25882 -0 0.96593 -0.25882 0 0.70711 -0.70711 0 0.25882 -0.96593 0 -0.25882 -0.96593 0 -0.70711 -0.70711 0 -0.96593 -0.25882 0 0.18616 -0.69475 0.69475 0.18616 -0.69475 0.69475 0.50859 -0.50859 0.69475 0.50859 -0.50859 0.69475 0.69475 -0.18616 0.69475 0.69475 -0.18616 0.69475 0.69475 0.18616 0.69475 0.69474 0.18616 0.69475 0.50859 0.50859 0.69475 0.50859 0.50859 0.69475 0.18616 0.69475 0.69475 0.18616 0.69475 0.69475 -0.18616 0.69475 0.69475 -0.18616 0.69475 0.69475 -0.50859 0.50859 0.69475 -0.50859 0.50859 0.69475 -0.69475 0.18616 0.69475 -0.69475 0.18616 0.69475 -0.69475 -0.18616 0.69475 -0.69474 -0.18616 0.69475 -0.50859 -0.50859 0.69475 -0.50859 -0.50859 0.69475 -0.18616 -0.69475 0.69475 -0.18616 -0.69475 0.69475 -0.18616 0.69475 0.69475 -0.18616 0.69475 0.69475 -0.50859 0.50859 0.69475 -0.69475 0.18616 0.69475 -0.69475 0.18616 0.69475 -0.69475 -0.18616 0.69475 -0.69474 -0.18616 0.69475 -0.50859 -0.50859 0.69475 -0.50859 -0.50859 0.69475 -0.18616 -0.69475 0.69475 0.18616 -0.69475 0.69475 0.18616 -0.69475 0.69475 0.50859 -0.50859 0.69475 0.69475 -0.18616 0.69475 0.69475 -0.18616 0.69475 0.69475 0.18616 0.69475 0.69474 0.18616 0.69475 0.50859 0.50859 0.69475 0.50859 0.50859 0.69475 0.18616 0.69475 0.69475 -0.96593 0.25882 0 -0.70711 0.70711 0 -0.25882 0.96593 0 0.25882 0.96593 -0 0.70711 0.70711 -0 0.96593 0.25882 -0 0.96593 -0.25882 0 0.70711 -0.70711 0 0.25882 -0.96593 0 -0.25882 -0.96593 0 -0.70711 -0.70711 0 -0.96593 -0.25882 0 -0 -0.22568 -0.9742 -0.98417 -0.04 -0.17267 -0.96402 -0.11941 -0.23748 -0.13158 -0.22372 -0.96573 -0.25722 -0.32462 -0.9102 -0.90476 -0.09612 -0.41494 -0.74317 -0.15101 -0.65184 -0.70601 -0.21356 -0.67523 -0.54492 -0.18931 -0.81684 -0.38387 -0.2082 -0.89961 0.98417 -0.04 -0.17267 0.96402 -0.11941 -0.23748 0.90476 -0.09612 -0.41494 0.74317 -0.15101 -0.65184 0.70601 -0.21356 -0.67523 0.54469 -0.18927 -0.817 0.25882 -0.21799 -0.94101 0.14714 -0.41324 -0.89866 0.38374 -0.20841 -0.89962 -0.98079 0.04403 0.19005 -0.98079 0.04403 0.19005 -0.83147 0.12538 0.54124 -0.83147 0.12538 0.54124 -0.55557 0.18765 0.81002 -0.55557 0.18765 0.81002 -0.19509 0.22135 0.95548 -0.19509 0.22134 0.95548 -0 0.22568 0.9742 0.19509 0.22134 0.95548 0.19509 0.22135 0.95548 0.55557 0.18765 0.81002 0.55557 0.18765 0.81002 0.83147 0.12538 0.54124 0.83147 0.12538 0.54124 0.98079 0.04403 0.19005 0.98079 0.04403 0.19005 0 -0.9742 0.22568 0 -0.9742 0.22568 0 -0.9742 0.22569 0 -0.9742 0.22568 0 -0.9742 0.22568 0 -0.9742 0.22568 -0 -0.9742 0.22569 0 -0.9742 0.22568 0 -0.9742 0.22568 -0 -0.9742 0.22567 -0 -0.9742 0.22568 -0 -0.9742 0.22568 -0 -0.9742 0.22568 -0 -0.9742 0.22568 -0 -0.9742 0.22568 0 -0.9742 0.22567 0 0.97669 -0.21465 -0.26114 0.93883 -0.2245 0 0.99992 -0.0127 0.04199 0.99891 0.02046 -0.0403 0.99113 -0.12668 0.78232 0.60626 0.14288 -0.09995 0.9669 -0.23475 0.10407 0.94569 -0.30795 -0.07111 0.94059 -0.33202 0.06907 0.89874 -0.43301 -0.02184 0.89831 -0.43883 0.01574 0.86456 -0.50229 -0.00016 0.86015 -0.51004 0.00019 0.84985 -0.52703 0 0.84985 -0.52703 -0.00377 0.84984 -0.52703 0.00355 0.85917 -0.51168 -0.02703 0.86751 -0.49668 0.03562 0.89759 -0.43939 -0.13787 0.89407 -0.42617 0.10499 0.93617 -0.33551 -0.10398 0.9457 -0.30796 0.09983 0.96691 -0.23476 0.04447 0.97507 -0.21742 -0.09719 0.99127 -0.08914 0.0403 0.99113 -0.12668 -0.04199 0.99891 0.02046 0 0.99981 0.01945 -0.00039 0.99981 0.01957 0.00043 0.99976 0.02182 0 0.99976 0.02182 0.00039 0.99981 0.01957 -0.00043 0.99976 0.02182 -0 0.98772 -0.15623 0 0.98772 -0.15623 0 0.91975 -0.3925 -0.00197 0.92819 -0.3721 0.01068 0.94191 -0.33571 0.02684 0.94898 -0.3142 -0 0.94153 -0.33692 0.03503 0.90404 -0.42602 0.02206 0.90561 -0.42354 0.00337 0.91383 -0.40607 0.01183 0.90049 -0.43471 0.01006 0.89986 -0.43605 0.02929 0.90375 -0.42706 -0.09721 0.12034 -0.98796 -0.67633 0.00942 -0.73654 -0.72777 0.03472 -0.68494 -0.73085 0.20548 -0.65088 -0.64798 0.34823 -0.67739 -0.89227 -0.04692 -0.44905 -0.87734 -0.38063 -0.29222 -0.86493 0.3592 -0.35054 -0.87372 -0.48407 0.04775 -0.98373 0.14965 -0.09937 -0.13508 -0.17704 -0.97489 -0.23801 0.27188 -0.93243 -0.22894 0.35396 -0.90681 -0.48413 -0.23848 -0.84187 -0.41871 0.26142 -0.86968 -0.51735 0.18608 -0.8353 -0.54359 0.19584 -0.81619 -0.54199 0.32599 -0.77458 -0.5987 0.23506 -0.7657 -0.69898 0.28624 -0.65536 -0.47268 0.57244 -0.66999 -0.79741 0.32045 -0.51133 -0.76453 0.37857 -0.52171 -0.8212 0.43723 -0.36668 -0.81719 0.44303 -0.36867 -0.84172 0.49819 -0.20812 -0.84128 0.49881 -0.2084 -0.08354 0.36979 -0.92535 -0.06699 0.43914 -0.89592 -0.19903 0.45561 -0.86764 -0.19144 0.47148 -0.86085 -0.31061 0.50102 -0.80778 -0.29644 0.52105 -0.80039 -0.3992 0.55927 -0.72654 -0.38129 0.57855 -0.72104 -0.46633 0.62182 -0.62919 -0.44892 0.63705 -0.62661 -0.51424 0.68227 -0.51968 -0.50134 0.69188 -0.51958 -0.54392 0.73598 -0.40309 -0.53778 0.74002 -0.40392 -0.55561 0.78018 -0.28744 -0.55483 0.78065 -0.28767 -0.03232 0.70054 -0.71288 -0.01228 0.75106 -0.66012 -0.07113 0.75858 -0.64769 -0.06269 0.76978 -0.63522 -0.11225 0.78199 -0.6131 -0.09618 0.79537 -0.59844 -0.14449 0.81326 -0.56368 -0.12391 0.82512 -0.5512 -0.16763 0.84731 -0.50395 -0.14747 0.85571 -0.496 -0.18245 0.8799 -0.43874 -0.16735 0.88452 -0.43546 -0.18973 0.90773 -0.37421 -0.18245 0.90937 -0.37384 -0.19091 0.92855 -0.31835 -0.18991 0.92871 -0.31847 -0.97795 0.18727 0.09244 -0.97735 0.19178 0.08946 -0.83492 0.54812 0.04977 -0.83061 0.55512 0.044 -0.55237 0.83359 -0.0021 -0.54192 0.84036 -0.01061 -0.19509 0.97943 -0.05155 -0.02194 0.98772 -0.15466 -0.18421 0.95898 -0.21545 -0.54793 0.82082 -0.16134 -0.55471 0.81738 -0.15556 -0.83616 0.54335 -0.07485 -0.84056 0.53739 -0.06831 -0.9817 0.18934 0.02024 -0.98294 0.18192 0.02695 -0.10213 0.59517 0.79708 -0.34973 0.55972 0.75127 -0.15912 -0.25239 0.95445 -0.12646 0.17631 0.97618 -0.6093 0.27391 0.74412 -0.60206 0.18155 0.77754 -0.44968 0.17813 0.87525 -0.96889 0.18717 0.16193 -0.81742 0.52195 0.2437 -0.90164 -0.26278 0.34351 -0.64774 0.59146 0.48022 -0.65633 0.57483 0.48867 -0.6889 0.08369 0.72001 -0.80422 0.54383 0.23976 -0.80513 0.54229 0.24017 -0.67741 0.53862 0.50101 -0.67891 0.53545 0.50237 -0.53142 0.53923 0.65332 -0.53171 0.53804 0.65406 -0.35818 0.53065 0.76819 -0.35869 0.52815 0.76968 -0.11245 0.53029 0.84033 -0.11589 0.4205 0.89986 -0.53073 0.83226 0.16024 -0.53217 0.83123 0.16081 -0.44749 0.82877 0.33598 -0.44987 0.82667 0.338 -0.3492 0.8293 0.43626 -0.34973 0.82854 0.43729 -0.23658 0.82358 0.51551 -0.23747 0.82186 0.51783 -0.07547 0.82344 0.56236 -0.07857 0.78086 0.61975 -0.1815 0.98169 0.05776 -0.18318 0.98134 0.05839 -0.15269 0.98071 0.12204 -0.15552 0.97997 0.12439 -0.11901 0.9801 0.15887 -0.11968 0.97982 0.16007 -0.08075 0.97886 0.18791 -0.08183 0.97824 0.19064 -0.02434 0.97827 0.20591 -0.02698 0.9612 0.27453 0.70285 0.54988 0.45127 0.93923 -0.02832 0.34211 0.84191 0.49191 0.22183 0.96475 0.18872 0.1834 0.03275 0.17765 0.98355 0.13546 0.50277 0.85374 0.22224 -0.34148 0.91324 0.37612 0.61369 0.6942 0.53358 -0.23829 0.81149 0.65593 0.28166 0.70031 0.69963 0.17117 0.6937 0.80452 0.22867 0.54814 0.15202 0.41843 0.89544 0.1329 0.52868 0.83835 0.40554 0.52867 0.74569 0.40448 0.53148 0.74426 0.57379 0.5391 0.61655 0.57307 0.5403 0.61617 0.71022 0.53673 0.45554 0.7085 0.53966 0.45475 0.81117 0.5445 0.21336 0.80717 0.55053 0.21305 0.12048 0.69501 0.70884 0.07318 0.82101 0.5662 0.26865 0.82221 0.50179 0.26714 0.82408 0.49953 0.37753 0.82921 0.41217 0.37651 0.83002 0.41148 0.47055 0.82751 0.30628 0.46795 0.82948 0.30493 0.53513 0.83273 0.14208 0.52526 0.83922 0.14074 0.04114 0.96074 0.2744 0.02334 0.97791 0.2077 0.0928 0.97838 0.18482 0.09105 0.97906 0.18208 0.12936 0.98007 0.15076 0.1282 0.98036 0.14989 0.16272 0.98024 0.11249 0.15969 0.98093 0.11084 0.18366 0.98164 0.05152 0.17616 0.98308 0.05029 0.0611 0.98359 -0.16974 0.02194 0.98772 -0.15466 0.96949 0.24485 0.01179 0.98448 0.17477 -0.01581 0.79985 0.59793 -0.05212 0.84074 0.5365 -0.07298 0.63752 0.7582 -0.13678 0.5534 0.82248 -0.13143 0.46738 0.8662 -0.17681 0.25069 0.94539 -0.20831 0.1892 0.98039 -0.05518 0.54404 0.83903 -0.00713 0.54132 0.8408 -0.00594 0.83194 0.55291 0.04641 0.83009 0.55558 0.0477 0.97778 0.18904 0.09062 0.97704 0.19216 0.09197 0.2568 0.91312 -0.31665 0.64455 0.71515 -0.27039 0.58959 0.22309 -0.77628 0.45716 0.15215 -0.87628 0.45896 -0.64494 -0.61107 0.22899 0.35377 -0.90687 0.15902 -0.43413 -0.8867 0.09722 0.12034 -0.98796 0.73078 0.19822 -0.6532 0.67358 0.33175 -0.66048 0.89805 -0.19649 -0.39356 0.83057 0.24639 -0.49945 0.90508 0.12973 -0.40496 0.94647 0.04521 -0.3196 0.84985 0.38769 -0.357 0.98294 -0.16665 -0.07777 0.92203 0.35134 -0.16254 0.9732 0.22361 -0.05374 0.80952 0.54365 -0.22163 0.84137 0.49683 -0.21272 0.81738 0.44332 -0.36791 0.82099 0.43698 -0.36745 0.76541 0.37939 -0.51982 0.7725 0.36504 -0.5196 0.68862 0.30692 -0.65697 0.69742 0.28541 -0.65738 0.5865 0.22893 -0.77692 0.69447 -0.1753 -0.69785 0.47429 0.82795 -0.29925 0.55494 0.77849 -0.29325 0.53793 0.74034 -0.40314 0.54367 0.73574 -0.40387 0.502 0.69259 -0.51799 0.51338 0.68172 -0.52125 0.45032 0.63808 -0.62455 0.46466 0.62105 -0.63118 0.38337 0.57969 -0.71902 0.39684 0.55847 -0.72844 0.29881 0.52201 -0.79888 0.30801 0.50044 -0.80913 0.19343 0.47201 -0.86011 0.19694 0.45536 -0.86825 0.07281 0.43999 -0.89505 0.07462 0.37005 -0.92601 0.069 0.94561 -0.3179 0.19024 0.92708 -0.323 0.18257 0.90966 -0.37309 0.18947 0.90748 -0.37494 0.16793 0.88516 -0.43393 0.18159 0.87935 -0.44019 0.14872 0.85664 -0.49401 0.16602 0.84655 -0.50576 0.1258 0.82616 -0.54922 0.14221 0.81248 -0.56537 0.09836 0.79624 -0.59693 0.10977 0.78142 -0.61427 0.06454 0.77027 -0.63445 0.06913 0.75837 -0.64815 0.02312 0.75265 -0.65802 0.024 0.7007 -0.71305 0 0.98772 -0.15623 0.00226 0.99998 0.00515 0.00315 0.99999 0.00297 -0.00102 0.99992 0.0128 -0.00147 0.9999 0.01407 -0.00113 0.99992 0.01266 -0.00046 0.99996 0.0093 -0 0.99999 0.00369 0.00138 0.99997 0.00777 0.00068 0.99995 0.01003 0 0.99992 0.01235 -0.00043 0.99997 0.00814 -0.00066 0.99998 0.00602 0 1 0.00136 -0 0.99999 0.00431 0.00035 0.99995 0.01048 0.00074 0.9999 0.0139 -0.0009 0.99999 0.0038 -0.00013 0.99995 0.00973 0.0007 0.9999 0.01399 0.00094 0.99988 0.01536 -0 0.17774 0.98408 -0 0.42335 0.90597 -0 0.5983 0.80127 0.00023 0.70011 0.71404 0 0.78328 0.62167 -0 0.96155 0.27463 -0 0.7009 -0.71326 -0 0.12091 -0.99266 -0.00086 0.37109 -0.9286 -0 0.25599 -0.96668 -0 0.7009 -0.71326 0 0.25599 -0.96668 0.00097 0.12091 -0.99266 0 0.37109 -0.9286 0 0.7009 -0.71326 0 0.7009 -0.71326 0.03343 0 0.99944 0.23477 -0.05715 0.97037 0.22699 -0.04332 0.97293 0.5473 0.03136 0.83635 0.59955 -0.0475 0.79893 0.71117 -0 0.70302 0.82742 -0 0.56158 0.87063 -0.10797 0.47994 0.93956 0 0.34239 0.99566 -0.04796 0.07979 0.99342 -0.03134 0.11014 0.9825 0 0.18627 0.93299 -0.02744 -0.35885 0.95214 -6E-05 -0.30567 1 0.00025 -6E-05 0.97992 -0.18633 -0.07104 0.99632 -0.0763 0.03911 0.46741 -0.1882 -0.86378 0.66534 0.00022 -0.74654 0.88068 -0.00054 -0.4737 0.8121 -0.2617 -0.52154 0.89523 -0.07214 -0.43973 0.53895 0.04676 -0.84104 0.1699 -0.02488 -0.98515 0.13979 0 -0.99018 -0.1249 -0 -0.99217 -0.17077 -0.03426 -0.98472 -0.67894 -0.00183 -0.73419 -0.73595 1E-05 -0.67704 -0.61324 -0.05502 -0.78798 -0.58739 -0.08109 -0.80523 -0.57186 -0.0989 -0.81437 -0.44849 -0.0004 -0.89379 -0.28977 0.00013 -0.95709 -0.99342 -0.03134 0.11015 -0.99566 -0.04796 0.07979 -0.99584 -0.0885 0.02149 -0.99122 0.02372 -0.13006 -0.88577 -0.03525 -0.46278 -0.9043 -0.08051 -0.41924 -0.77532 -0.00011 -0.63157 -0.69186 -0 0.72203 -0.80538 -0 0.59276 -0.87005 -0.11204 0.48006 -0.93369 0.02136 0.35743 -0.98635 -0.00904 0.16443 -0.61289 -0.05641 0.78815 -0.59856 -0.0712 0.79791 -0.45738 0.04502 0.88813 -0.2265 -0.08919 0.96992 -0.1636 0 0.98653 -0.02584 0.93211 -0.36126 -0.03319 0.9375 -0.34639 0 0.9507 -0.31011 -0.0015 0.91975 -0.3925 -0.04701 0.94589 -0.32105 -0.03854 0.94099 -0.33624 -0.01648 0.92379 -0.38253 -0.00606 0.91287 -0.40821 -0 0.90595 -0.42338 0.00585 0.91312 -0.40765 0.01537 0.92384 -0.38246 0.02007 0.92846 -0.37089 0.02391 0.93206 -0.36153 0.03036 0.93734 -0.34708 -0.01096 0.90298 -0.42954 0.03036 0.94137 -0.33601 -0.00567 0.92943 -0.36895 -0.01252 0.91628 -0.40034 -0.02005 0.90479 -0.42539 0.0197 0.94755 -0.31899 -0.02012 0.89456 -0.4465 -0.02061 0.89394 -0.44772 0 0.9507 -0.31011 6E-05 0.94891 -0.31554 -0.00134 0.94121 -0.33782 0.32958 0.00068 0.94413 -0.96641 0.00452 -0.25696 -0.96592 0.00435 -0.25882 -0.89061 0 -0.45477 -0.70711 -0 -0.7071 0.89061 0 -0.45477 0.70711 0 -0.7071 0.38281 0 -0.92383 0.25881 0.0071 -0.9659 0.13067 0 -0.99143 -0.25882 0 -0.96593 -0.13059 0.01407 -0.99134 -0.38273 0 -0.92386 0.96641 0.00452 -0.25696 0.96592 0.00435 -0.25882 0.9988 0 -0.04889 0.70711 -0.00101 0.70711 0.63392 0.01089 0.77333 0.81614 -1E-05 0.57785 0.96593 3E-05 0.25882 0.90794 0.01927 0.41866 0.98448 -0 0.17552 0.08289 0.02103 0.99634 0.25882 0 0.96592 -0.08016 -0 0.99678 -0.25882 0.00661 0.9659 -0.31283 0.00197 0.94981 -0.70709 0.0076 0.70709 -0.61154 1E-05 0.79121 -0.47917 -0 0.87772 -0.9988 0 -0.04893 -0.97467 -1E-05 0.22364 -0.96592 0.00354 0.25882 -0.88364 0 0.46817 -0.79549 -1E-05 0.60597 -0 -0.25882 -0.96593 -0 -0.70711 -0.70711 -0 -0.96593 -0.25882 0 0.96593 -0.25882 0 0.70711 -0.70711 0 0.25882 -0.96593 0 0.25882 0.96593 0 0.70711 0.70711 0 0.96593 0.25882 0 -0.96593 0.25882 0 -0.70711 0.70711 0 -0.25882 0.96593 -0 -0.25882 -0.96593 -0 -0.7071 -0.70711 -0 -0.96593 -0.25882 0 -0.96593 0.25882 0 -0.70711 0.70711 0 -0.25882 0.96593 0 0.25882 0.96593 0 0.70711 0.70711 0 0.96593 0.25882 0 0.96593 -0.25882 0 0.70711 -0.70711 0 0.25882 -0.96593 -0 -0.70711 -0.70711 -0 -0.96593 -0.25882 0 -0.96593 0.25882 0 -0.70711 0.70711 0 0.70711 0.70711 0 0.96593 0.25882 0 0.96593 -0.25882 0 0.7071 -0.70711</float_array>
          <technique_common>
            <accessor source="#norm_0-array" count="14946" stride="3">
              <param name="X" type="float"/>
              <param name="Y" type="float"/>
              <param name="Z" type="float"/>
            </accessor>
          </technique_common>
        </source>
        <vertices id="vert_0">
          <input semantic="POSITION" source="#pos_0"/>
        </vertices>
        <triangles count="10406" material="mat_0">
          <input semantic="VERTEX" source="#vert_0" offset="0"/>
          <input semantic="NORMAL" source="#norm_0" offset="1"/>
          <p>0 0 1 0 2 0 3 0 4 0 5 0 6 0 7 0 8 0 9 0 10 0 11 0 11 0 10 0 3 0 11 0 3 0 12 0 12 0 3 0 5 0 13 0 14 0 15 0 2 0 1 0 11 0 11 0 1 0 16 0 11 0 16 0 9 0 6 0 8 0 17 0 17 0 8 0 18 0 17 0 18 0 19 0 7 0 20 0 8 0 8 0 20 0 21 0 8 0 21 0 22 0 19 0 23 0 17 0 17 0 23 0 24 0 17 0 24 0 3 0 3 0 24 0 25 0 3 0 25 0 4 0 0 0 2 0 15 0 15 0 2 0 26 0 15 0 26 0 13 0 27 1 11 1 12 1 27 1 12 1 28 1 28 2 12 2 5 2 28 2 5 2 29 2 29 3 5 3 4 3 29 3 4 3 30 3 30 4 4 4 25 4 30 4 25 4 31 4 32 5 1 5 0 5 32 5 0 5 33 5 33 6 0 6 15 6 33 6 15 6 34 6 34 7 15 7 14 7 34 7 14 7 35 7 35 8 14 8 13 8 35 8 13 8 36 8 36 9 13 9 26 9 36 9 26 9 37 9 37 10 26 10 2 10 37 10 2 10 38 10 38 11 2 11 11 11 38 11 11 11 27 11 39 12 3 12 10 12 39 12 10 12 40 12 40 13 10 13 9 13 40 13 9 13 41 13 41 14 9 14 16 14 41 14 16 14 42 14 42 15 16 15 1 15 42 15 1 15 32 15 43 16 17 16 39 16 39 16 17 16 3 16 44 17 24 17 23 17 44 17 23 17 45 17 45 18 23 18 19 18 45 18 19 18 46 18 46 19 19 19 18 19 46 19 18 19 47 19 47 20 18 20 8 20 47 20 8 20 48 20 48 21 8 21 22 21 48 21 22 21 49 21 49 22 22 22 21 22 49 22 21 22 50 22 50 23 21 23 20 23 50 23 20 23 51 23 51 24 20 24 7 24 51 24 7 24 52 24 52 25 7 25 6 25 52 25 6 25 53 25 53 26 6 26 17 26 53 26 17 26 43 26 31 27 25 27 44 27 44 27 25 27 24 27 38 28 27 28 32 28 36 28 37 28 38 28 39 28 40 28 31 28 31 28 40 28 41 28 41 28 42 28 31 28 31 28 42 28 32 28 31 28 32 28 30 28 27 28 28 28 32 28 32 28 28 28 29 28 32 28 29 28 30 28 39 28 31 28 43 28 43 28 31 28 44 28 43 28 44 28 45 28 45 28 46 28 43 28 43 28 46 28 47 28 43 28 47 28 48 28 50 28 51 28 52 28 48 28 49 28 43 28 43 28 49 28 50 28 43 28 50 28 53 28 53 28 50 28 52 28 35 28 36 28 34 28 34 28 36 28 38 28 34 28 38 28 33 28 33 28 38 28 32 28 54 0 55 0 56 0 57 0 58 0 59 0 56 0 55 0 60 0 60 0 55 0 61 0 60 0 61 0 62 0 54 0 56 0 59 0 59 0 56 0 63 0 59 0 63 0 57 0 58 0 64 0 59 0 59 0 64 0 65 0 59 0 65 0 66 0 66 0 65 0 67 0 68 0 61 0 69 0 69 0 61 0 70 0 68 0 71 0 61 0 61 0 71 0 72 0 61 0 72 0 73 0 73 0 74 0 61 0 61 0 74 0 75 0 61 0 75 0 62 0 76 29 61 29 77 29 77 29 61 29 55 29 61 30 76 30 78 30 61 31 78 31 70 31 70 32 78 32 79 32 70 33 79 33 69 33 69 34 79 34 80 34 69 35 80 35 68 35 68 36 80 36 81 36 68 37 81 37 71 37 71 38 81 38 82 38 71 39 82 39 72 39 72 40 82 40 83 40 72 41 83 41 73 41 73 42 83 42 84 42 73 43 84 43 74 43 74 44 84 44 85 44 74 45 85 45 75 45 75 46 85 46 86 46 75 47 86 47 62 47 62 48 86 48 87 48 62 49 87 49 60 49 88 50 56 50 87 50 87 50 56 50 60 50 56 51 88 51 89 51 56 52 89 52 63 52 63 53 89 53 90 53 63 54 90 54 57 54 57 55 90 55 91 55 57 56 91 56 58 56 58 57 91 57 92 57 58 58 92 58 64 58 64 59 92 59 93 59 64 60 93 60 65 60 65 61 93 61 94 61 65 62 94 62 67 62 67 63 94 63 95 63 67 64 95 64 66 64 66 65 95 65 96 65 66 66 96 66 59 66 59 67 96 67 97 67 59 68 97 68 54 68 54 69 97 69 77 69 54 70 77 70 55 70 76 27 77 27 98 27 98 27 77 27 99 27 100 71 87 71 86 71 100 71 86 71 101 71 101 72 86 72 85 72 101 72 85 72 102 72 102 73 85 73 84 73 102 73 84 73 103 73 103 74 84 74 83 74 103 74 83 74 104 74 104 75 83 75 82 75 104 75 82 75 105 75 105 76 82 76 81 76 105 76 81 76 106 76 106 77 81 77 80 77 106 77 80 77 107 77 107 78 80 78 79 78 107 78 79 78 108 78 108 79 79 79 78 79 108 79 78 79 109 79 109 80 78 80 76 80 109 80 76 80 98 80 88 16 87 16 110 16 110 16 87 16 100 16 99 81 77 81 97 81 99 81 97 81 111 81 111 82 97 82 96 82 111 82 96 82 112 82 112 83 96 83 95 83 112 83 95 83 113 83 113 84 95 84 94 84 113 84 94 84 114 84 114 85 94 85 93 85 114 86 93 86 115 86 115 87 93 87 92 87 115 88 92 88 116 88 116 89 92 89 91 89 116 89 91 89 117 89 117 90 91 90 90 90 117 90 90 90 118 90 118 91 90 91 89 91 118 91 89 91 119 91 119 92 89 92 88 92 119 92 88 92 110 92 120 28 121 28 122 28 122 28 121 28 123 28 122 28 123 28 124 28 124 28 123 28 125 28 124 28 125 28 126 28 127 28 126 28 128 28 128 28 126 28 129 28 128 28 129 28 130 28 127 28 131 28 126 28 126 28 131 28 132 28 126 28 132 28 124 28 124 28 132 28 133 28 124 28 133 28 134 28 135 93 136 93 137 93 137 94 136 94 138 94 139 95 140 95 141 95 141 96 142 96 139 96 139 97 142 97 143 97 139 98 143 98 144 98 144 99 143 99 145 99 144 100 145 100 138 100 138 101 145 101 146 101 138 102 146 102 137 102 147 28 141 28 148 28 148 28 141 28 140 28 147 103 148 103 149 103 149 104 148 104 150 104 149 105 150 105 151 105 151 106 150 106 152 106 151 107 152 107 153 107 153 108 152 108 154 108 154 109 152 109 155 109 154 110 155 110 156 110 156 111 155 111 133 111 156 112 133 112 132 112 157 28 158 28 159 28 160 28 136 28 161 28 161 28 136 28 135 28 162 28 163 28 164 28 164 28 163 28 165 28 164 28 165 28 166 28 166 28 165 28 167 28 166 28 167 28 168 28 169 28 170 28 171 28 171 28 170 28 172 28 159 28 158 28 173 28 167 28 174 28 168 28 168 28 174 28 175 28 168 28 175 28 176 28 176 28 175 28 177 28 176 28 177 28 169 28 169 28 177 28 178 28 169 28 178 28 170 28 158 28 179 28 173 28 173 28 179 28 180 28 173 28 180 28 181 28 181 28 180 28 182 28 181 28 182 28 183 28 182 28 184 28 183 28 183 28 184 28 185 28 183 28 185 28 186 28 186 28 185 28 187 28 186 28 187 28 188 28 188 28 187 28 189 28 188 28 189 28 162 28 162 28 189 28 190 28 162 28 190 28 163 28 172 28 191 28 171 28 171 28 191 28 192 28 171 28 192 28 193 28 193 28 192 28 194 28 195 28 196 28 197 28 193 28 198 28 171 28 171 28 198 28 199 28 171 28 199 28 200 28 200 28 199 28 201 28 200 28 201 28 202 28 159 28 161 28 157 28 157 28 161 28 135 28 157 28 135 28 203 28 203 28 135 28 195 28 203 28 195 28 204 28 204 28 195 28 197 28 202 28 205 28 200 28 200 28 205 28 206 28 200 28 206 28 207 28 208 113 209 113 210 113 208 114 210 114 211 114 211 115 210 115 212 115 211 116 212 116 213 116 214 117 215 117 216 117 214 118 216 118 212 118 212 119 216 119 217 119 212 120 217 120 213 120 218 121 219 121 214 121 214 122 219 122 220 122 214 123 220 123 215 123 221 124 222 124 223 124 223 125 222 125 224 125 223 126 224 126 218 126 218 127 224 127 225 127 218 128 225 128 219 128 210 0 209 0 226 0 210 0 226 0 227 0 227 0 226 0 228 0 227 0 228 0 229 0 230 129 231 129 232 129 232 130 231 130 233 130 232 131 233 131 234 131 235 132 236 132 237 132 235 133 237 133 233 133 233 134 237 134 238 134 233 135 238 135 234 135 239 136 240 136 241 136 241 137 240 137 227 137 241 138 227 138 242 138 242 139 227 139 229 139 239 140 243 140 240 140 240 141 243 141 244 141 240 142 244 142 235 142 235 143 244 143 245 143 235 144 245 144 236 144 246 0 247 0 248 0 247 0 249 0 248 0 248 0 249 0 250 0 248 0 250 0 251 0 252 0 253 0 254 0 255 0 256 0 257 0 246 0 248 0 258 0 258 0 248 0 259 0 258 0 259 0 260 0 252 0 254 0 261 0 262 0 263 0 252 0 252 0 263 0 264 0 252 0 264 0 253 0 255 0 257 0 265 0 266 0 267 0 268 0 268 0 267 0 269 0 251 0 270 0 248 0 248 0 270 0 271 0 248 0 271 0 272 0 273 0 274 0 275 0 275 0 274 0 276 0 275 0 276 0 277 0 254 0 278 0 261 0 261 0 278 0 279 0 261 0 279 0 280 0 257 0 281 0 265 0 265 0 281 0 282 0 265 0 282 0 262 0 262 0 282 0 283 0 262 0 283 0 263 0 272 0 221 0 248 0 248 0 221 0 223 0 279 0 284 0 280 0 280 0 284 0 285 0 280 0 285 0 275 0 275 0 285 0 286 0 275 0 286 0 273 0 269 0 287 0 268 0 268 0 287 0 288 0 268 0 288 0 255 0 255 0 288 0 289 0 255 0 289 0 256 0 290 0 291 0 292 0 292 0 291 0 293 0 292 0 293 0 260 0 260 0 293 0 294 0 260 0 294 0 258 0 295 0 296 0 297 0 276 0 298 0 277 0 277 0 298 0 299 0 277 0 299 0 296 0 296 0 299 0 300 0 296 0 300 0 297 0 297 0 301 0 295 0 295 0 301 0 302 0 295 0 302 0 292 0 292 0 302 0 303 0 292 0 303 0 290 0 304 0 305 0 306 0 306 0 305 0 307 0 306 0 307 0 308 0 308 0 307 0 309 0 308 0 309 0 230 0 230 0 309 0 231 0 230 0 310 0 308 0 308 0 310 0 311 0 308 0 311 0 312 0 312 0 311 0 313 0 312 0 313 0 314 0 315 145 316 145 317 145 317 146 318 146 315 146 315 147 318 147 319 147 315 148 319 148 320 148 320 149 321 149 315 149 315 150 321 150 322 150 315 151 322 151 323 151 324 152 325 152 326 152 326 153 327 153 324 153 324 154 327 154 315 154 324 155 315 155 328 155 328 156 315 156 323 156 329 157 330 157 331 157 331 158 330 158 332 158 331 159 332 159 333 159 333 160 332 160 334 160 333 161 334 161 316 161 316 162 334 162 335 162 316 163 335 163 317 163 336 164 337 164 338 164 336 164 338 164 339 164 339 165 338 165 340 165 339 165 340 165 341 165 341 166 340 166 342 166 341 167 342 167 343 167 343 168 342 168 344 168 343 169 344 169 345 169 337 170 336 170 346 170 346 170 336 170 347 170 348 171 349 171 350 171 348 171 350 171 351 171 351 172 350 172 352 172 351 172 352 172 353 172 353 173 352 173 354 173 353 173 354 173 355 173 355 174 354 174 356 174 355 174 356 174 357 174 357 28 356 28 329 28 329 28 356 28 358 28 329 28 358 28 330 28 359 28 360 28 361 28 361 28 360 28 362 28 362 28 363 28 361 28 361 28 363 28 364 28 361 28 364 28 358 28 364 28 365 28 358 28 358 28 365 28 366 28 358 28 366 28 367 28 367 28 368 28 358 28 358 28 368 28 369 28 358 28 369 28 330 28 370 27 371 27 372 27 372 27 371 27 373 27 374 27 375 27 376 27 376 27 375 27 377 27 378 27 379 27 380 27 380 27 379 27 381 27 380 27 381 27 382 27 382 27 381 27 383 27 382 27 383 27 384 27 384 27 383 27 385 27 384 27 385 27 386 27 386 27 385 27 387 27 386 27 387 27 388 27 388 27 387 27 389 27 388 27 389 27 390 27 390 27 389 27 391 27 390 27 391 27 392 27 392 27 391 27 393 27 392 27 393 27 394 27 394 27 393 27 395 27 394 27 395 27 396 27 396 27 395 27 397 27 370 0 379 0 371 0 371 0 379 0 378 0 397 0 375 0 396 0 396 0 375 0 374 0 398 175 399 175 400 175 401 176 402 176 403 176 403 177 402 177 404 177 405 27 398 27 404 27 404 175 398 175 400 175 404 178 400 178 403 178 406 179 407 179 408 179 409 180 410 180 411 180 411 181 410 181 412 181 411 182 412 182 406 182 406 183 408 183 411 183 411 184 408 184 413 184 411 185 413 185 414 185 414 186 415 186 411 186 411 187 415 187 398 187 411 188 398 188 409 188 409 27 398 27 405 27 409 189 405 189 416 189 416 190 405 190 417 190 405 28 404 28 417 28 417 28 404 28 402 28 418 28 419 28 420 28 420 28 419 28 421 28 422 191 423 191 424 191 425 192 426 192 427 192 428 193 429 193 430 193 430 194 429 194 431 194 431 195 429 195 432 195 432 196 429 196 433 196 432 197 433 197 434 197 434 198 433 198 435 198 435 199 433 199 427 199 435 200 427 200 436 200 436 201 427 201 426 201 436 202 426 202 437 202 438 203 439 203 440 203 440 204 441 204 438 204 438 205 441 205 442 205 438 206 442 206 443 206 443 207 442 207 444 207 443 208 444 208 445 208 445 209 444 209 446 209 445 210 446 210 447 210 440 211 422 211 441 211 441 212 422 212 424 212 441 213 424 213 442 213 442 214 424 214 448 214 442 215 448 215 444 215 444 216 448 216 449 216 444 217 449 217 446 217 446 218 449 218 450 218 423 219 425 219 424 219 424 220 425 220 427 220 424 221 427 221 448 221 448 222 427 222 433 222 448 223 433 223 449 223 449 224 433 224 429 224 449 225 429 225 450 225 450 226 429 226 428 226 451 227 437 227 452 227 452 228 437 228 426 228 452 229 426 229 453 229 453 230 426 230 425 230 453 231 425 231 454 231 454 232 425 232 423 232 454 233 423 233 455 233 455 234 423 234 422 234 456 235 422 235 457 235 457 236 422 236 440 236 457 237 440 237 439 237 456 235 458 235 422 235 422 235 458 235 459 235 422 235 459 235 460 235 460 235 461 235 422 235 422 235 461 235 462 235 422 235 462 235 455 235 455 235 462 235 463 235 455 235 463 235 464 235 464 235 465 235 455 235 455 235 465 235 466 235 455 235 466 235 467 235 467 235 468 235 455 235 455 235 468 235 469 235 455 238 469 238 470 238 470 239 469 239 471 239 453 240 454 240 472 240 455 241 470 241 473 241 452 242 474 242 451 242 451 243 474 243 475 243 475 244 474 244 476 244 476 245 474 245 477 245 476 246 477 246 478 246 478 247 477 247 479 247 479 248 477 248 480 248 479 249 480 249 481 249 481 250 480 250 482 250 481 251 482 251 483 251 484 252 485 252 486 252 486 253 487 253 484 253 484 254 487 254 488 254 484 255 488 255 489 255 489 256 488 256 473 256 489 257 473 257 490 257 490 258 473 258 470 258 490 259 470 259 471 259 486 260 491 260 487 260 487 261 491 261 492 261 487 262 492 262 488 262 488 263 492 263 493 263 488 264 493 264 473 264 473 265 493 265 472 265 473 266 472 266 455 266 455 267 472 267 454 267 491 268 482 268 492 268 492 269 482 269 480 269 492 270 480 270 493 270 493 271 480 271 477 271 493 272 477 272 472 272 472 273 477 273 474 273 472 274 474 274 453 274 453 275 474 275 452 275 486 276 485 276 494 276 494 277 495 277 486 277 486 278 495 278 496 278 486 279 496 279 491 279 491 280 496 280 497 280 491 281 497 281 482 281 482 282 497 282 498 282 482 283 498 283 483 283 499 284 500 284 501 284 501 285 500 285 502 285 501 286 502 286 503 286 503 287 502 287 504 287 503 288 504 288 505 288 505 289 504 289 506 289 505 290 506 290 507 290 507 291 506 291 508 291 507 292 508 292 509 292 509 293 508 293 510 293 509 294 510 294 511 294 511 295 510 295 512 295 513 284 514 284 515 284 515 285 514 285 516 285 515 296 516 296 517 296 517 297 516 297 518 297 517 298 518 298 519 298 519 289 518 289 520 289 519 299 520 299 521 299 521 300 520 300 522 300 521 301 522 301 523 301 523 293 522 293 524 293 523 294 524 294 525 294 525 302 524 302 526 302 527 303 528 303 529 303 529 304 528 304 530 304 529 286 530 286 531 286 531 287 530 287 532 287 531 305 532 305 533 305 533 306 532 306 534 306 533 299 534 299 535 299 535 300 534 300 536 300 535 301 536 301 537 301 537 293 536 293 538 293 537 307 538 307 539 307 539 308 538 308 540 308 541 309 542 309 543 309 543 310 542 310 544 310 543 286 544 286 545 286 545 287 544 287 546 287 545 311 546 311 547 311 547 312 546 312 548 312 547 299 548 299 549 299 549 300 548 300 550 300 549 313 550 313 551 313 551 314 550 314 552 314 551 315 552 315 553 315 553 308 552 308 554 308 555 316 556 316 557 316 557 317 556 317 558 317 557 287 558 287 559 287 559 287 558 287 560 287 559 311 560 311 561 311 561 312 560 312 562 312 561 318 562 318 563 318 563 319 562 319 564 319 563 313 564 313 565 313 565 313 564 313 566 313 565 320 566 320 567 320 567 321 566 321 568 321 569 309 570 309 571 309 571 310 570 310 572 310 571 286 572 286 573 286 573 287 572 287 574 287 573 311 574 311 575 311 575 312 574 312 576 312 575 299 576 299 577 299 577 300 576 300 578 300 577 301 578 301 579 301 579 293 578 293 580 293 579 322 580 322 581 322 581 323 580 323 582 323 583 324 584 324 585 324 585 325 584 325 586 325 585 326 586 326 587 326 587 326 586 326 588 326 587 327 588 327 589 327 589 328 588 328 590 328 589 318 590 318 591 318 591 329 590 329 592 329 591 330 592 330 593 330 593 293 592 293 594 293 593 322 594 322 595 322 595 323 594 323 596 323 597 309 598 309 599 309 599 310 598 310 600 310 599 331 600 331 601 331 601 326 600 326 602 326 601 327 602 327 603 327 603 328 602 328 604 328 603 318 604 318 605 318 605 329 604 329 606 329 605 332 606 332 607 332 607 332 606 332 608 332 607 333 608 333 609 333 609 334 608 334 610 334 611 309 612 309 613 309 613 310 612 310 614 310 613 286 614 286 615 286 615 287 614 287 616 287 615 288 616 288 617 288 617 289 616 289 618 289 617 318 618 318 619 318 619 319 618 319 620 319 619 301 620 301 621 301 621 293 620 293 622 293 621 322 622 322 623 322 623 323 622 323 624 323 625 316 626 316 627 316 627 317 626 317 628 317 627 287 628 287 629 287 629 287 628 287 630 287 629 311 630 311 631 311 631 312 630 312 632 312 631 318 632 318 633 318 633 319 632 319 634 319 633 313 634 313 635 313 635 313 634 313 636 313 635 320 636 320 637 320 637 321 636 321 638 321 639 284 640 284 641 284 641 335 640 335 642 335 641 336 642 336 643 336 643 337 642 337 644 337 643 288 644 288 645 288 645 289 644 289 646 289 645 318 646 318 647 318 647 319 646 319 648 319 647 301 648 301 649 301 649 293 648 293 650 293 649 322 650 322 651 322 651 323 650 323 652 323 653 303 654 303 655 303 655 304 654 304 656 304 655 286 656 286 657 286 657 287 656 287 658 287 657 288 658 288 659 288 659 289 658 289 660 289 659 290 660 290 661 290 661 338 660 338 662 338 661 301 662 301 663 301 663 293 662 293 664 293 663 307 664 307 665 307 665 308 664 308 666 308 667 339 668 339 669 339 669 304 668 304 670 304 669 286 670 286 671 286 671 287 670 287 672 287 671 288 672 288 673 288 673 289 672 289 674 289 673 290 674 290 675 290 675 291 674 291 676 291 675 292 676 292 677 292 677 293 676 293 678 293 677 294 678 294 679 294 679 295 678 295 680 295 681 284 682 284 683 284 683 285 682 285 684 285 683 296 684 296 685 296 685 297 684 297 686 297 685 298 686 298 687 298 687 289 686 289 688 289 687 299 688 299 689 299 689 300 688 300 690 300 689 301 690 301 691 301 691 293 690 293 692 293 691 294 692 294 693 294 693 295 692 295 694 295 695 284 696 284 697 284 697 335 696 335 698 335 697 340 698 340 699 340 699 287 698 287 700 287 699 305 700 305 701 305 701 306 700 306 702 306 701 299 702 299 703 299 703 300 702 300 704 300 703 301 704 301 705 301 705 293 704 293 706 293 705 307 706 307 707 307 707 308 706 308 708 308 709 303 710 303 711 303 711 304 710 304 712 304 711 286 712 286 713 286 713 287 712 287 714 287 713 288 714 288 715 288 715 289 714 289 716 289 715 290 716 290 717 290 717 338 716 338 718 338 717 341 718 341 719 341 719 342 718 342 720 342 719 315 720 315 721 315 721 308 720 308 722 308 723 343 724 343 447 343 447 344 446 344 723 344 723 345 446 345 450 345 723 346 450 346 725 346 725 347 450 347 428 347 725 348 428 348 726 348 726 349 428 349 430 349 726 350 430 350 727 350 728 351 729 351 499 351 499 351 729 351 500 351 730 352 731 352 732 352 732 353 731 353 733 353 732 354 733 354 734 354 734 355 733 355 735 355 734 356 735 356 736 356 736 357 735 357 737 357 736 358 737 358 738 358 738 358 737 358 739 358 738 359 739 359 740 359 740 360 739 360 741 360 740 361 741 361 742 361 742 362 741 362 743 362 742 363 743 363 728 363 728 364 743 364 729 364 511 365 512 365 730 365 730 365 512 365 731 365 511 366 744 366 509 366 509 366 744 366 745 366 509 367 745 367 507 367 507 367 745 367 746 367 507 368 746 368 505 368 505 368 746 368 747 368 505 369 747 369 503 369 503 369 747 369 748 369 503 370 748 370 501 370 501 370 748 370 749 370 501 371 749 371 499 371 499 371 749 371 750 371 744 27 751 27 752 27 749 27 748 27 750 27 750 27 748 27 747 27 746 27 745 27 747 27 747 27 745 27 744 27 752 27 753 27 744 27 744 27 753 27 754 27 744 27 754 27 747 27 747 27 754 27 755 27 747 27 755 27 750 27 750 27 755 27 756 27 750 27 756 27 757 27 758 351 759 351 513 351 513 351 759 351 514 351 760 372 761 372 762 372 762 373 761 373 763 373 762 354 763 354 764 354 764 355 763 355 765 355 764 356 765 356 766 356 766 357 765 357 767 357 766 358 767 358 768 358 768 358 767 358 769 358 768 359 769 359 770 359 770 360 769 360 771 360 770 361 771 361 772 361 772 362 771 362 773 362 772 363 773 363 758 363 758 364 773 364 759 364 525 374 526 374 760 374 760 374 526 374 761 374 525 366 774 366 523 366 523 366 774 366 775 366 523 375 775 375 521 375 521 375 775 375 776 375 521 376 776 376 519 376 519 376 776 376 777 376 519 377 777 377 517 377 517 377 777 377 778 377 517 378 778 378 515 378 515 378 778 378 779 378 515 371 779 371 513 371 513 371 779 371 780 371 781 27 782 27 774 27 774 27 782 27 783 27 784 27 780 27 785 27 785 27 780 27 786 27 783 27 787 27 774 27 774 27 787 27 777 27 774 27 777 27 775 27 775 27 777 27 776 27 779 27 778 27 780 27 780 27 778 27 777 27 780 27 777 27 786 27 786 27 777 27 787 27 788 351 789 351 527 351 527 351 789 351 528 351 790 379 791 379 792 379 792 373 791 373 793 373 792 380 793 380 794 380 794 381 793 381 795 381 794 382 795 382 796 382 796 357 795 357 797 357 796 358 797 358 798 358 798 358 797 358 799 358 798 383 799 383 800 383 800 384 799 384 801 384 800 385 801 385 802 385 802 386 801 386 803 386 802 387 803 387 788 387 788 388 803 388 789 388 539 365 540 365 790 365 790 365 540 365 791 365 539 389 804 389 537 389 537 389 804 389 805 389 537 375 805 375 535 375 535 375 805 375 806 375 535 376 806 376 533 376 533 376 806 376 807 376 533 377 807 377 531 377 531 377 807 377 808 377 531 370 808 370 529 370 529 370 808 370 809 370 529 390 809 390 527 390 527 390 809 390 810 390 811 27 812 27 810 27 811 27 810 27 813 27 814 27 804 27 815 27 815 27 804 27 816 27 814 27 817 27 804 27 804 27 817 27 807 27 804 27 807 27 805 27 805 27 807 27 806 27 809 27 808 27 810 27 810 27 808 27 807 27 810 27 807 27 813 27 813 27 807 27 817 27 818 351 819 351 541 351 541 351 819 351 542 351 820 352 821 352 822 352 822 391 821 391 823 391 822 392 823 392 824 392 824 393 823 393 825 393 824 394 825 394 826 394 826 357 825 357 827 357 826 358 827 358 828 358 828 358 827 358 829 358 828 395 829 395 830 395 830 396 829 396 831 396 830 397 831 397 832 397 832 398 831 398 833 398 832 399 833 399 818 399 818 400 833 400 819 400 553 365 554 365 820 365 820 365 554 365 821 365 553 366 834 366 551 366 551 366 834 366 835 366 551 401 835 401 549 401 549 401 835 401 836 401 549 376 836 376 547 376 547 376 836 376 837 376 547 402 837 402 545 402 545 402 837 402 838 402 545 370 838 370 543 370 543 370 838 370 839 370 543 403 839 403 541 403 541 403 839 403 840 403 841 27 842 27 840 27 841 27 840 27 843 27 844 27 845 27 834 27 834 27 845 27 846 27 846 27 847 27 834 27 834 27 847 27 837 27 834 27 837 27 835 27 835 27 837 27 836 27 839 27 838 27 840 27 840 27 838 27 837 27 840 27 837 27 843 27 843 27 837 27 847 27 848 404 849 404 555 404 555 404 849 404 556 404 850 405 851 405 852 405 852 406 851 406 853 406 852 407 853 407 854 407 854 408 853 408 855 408 854 409 855 409 856 409 856 410 855 410 857 410 856 358 857 358 858 358 858 358 857 358 859 358 858 359 859 359 860 359 860 360 859 360 861 360 860 361 861 361 862 361 862 362 861 362 863 362 862 363 863 363 848 363 848 411 863 411 849 411 567 412 568 412 850 412 850 412 568 412 851 412 567 366 864 366 565 366 565 366 864 366 865 366 565 401 865 401 563 401 563 401 865 401 866 401 563 413 866 413 561 413 561 413 866 413 867 413 561 402 867 402 559 402 559 402 867 402 868 402 559 414 868 414 557 414 557 414 868 414 869 414 557 371 869 371 555 371 555 371 869 371 870 371 871 27 872 27 864 27 864 27 872 27 873 27 874 27 870 27 875 27 875 27 870 27 876 27 873 27 877 27 864 27 864 27 877 27 867 27 864 27 867 27 865 27 865 27 867 27 866 27 869 27 868 27 870 27 870 27 868 27 867 27 870 27 867 27 876 27 876 27 867 27 877 27 878 351 879 351 569 351 569 351 879 351 570 351 880 415 881 415 882 415 882 416 881 416 883 416 882 417 883 417 884 417 884 418 883 418 885 418 884 394 885 394 886 394 886 357 885 357 887 357 886 358 887 358 888 358 888 358 887 358 889 358 888 395 889 395 890 395 890 396 889 396 891 396 890 397 891 397 892 397 892 398 891 398 893 398 892 399 893 399 878 399 878 400 893 400 879 400 581 365 582 365 880 365 880 365 582 365 881 365 581 419 894 419 579 419 579 419 894 419 895 419 579 375 895 375 577 375 577 375 895 375 896 375 577 376 896 376 575 376 575 376 896 376 897 376 575 402 897 402 573 402 573 402 897 402 898 402 573 370 898 370 571 370 571 370 898 370 899 370 571 403 899 403 569 403 569 403 899 403 900 403 901 27 902 27 900 27 901 27 900 27 903 27 904 27 894 27 905 27 905 27 894 27 906 27 904 27 907 27 894 27 894 27 907 27 897 27 894 27 897 27 895 27 895 27 897 27 896 27 899 27 898 27 900 27 900 27 898 27 897 27 900 27 897 27 903 27 903 27 897 27 907 27 908 420 909 420 583 420 583 420 909 420 584 420 910 421 911 421 912 421 912 422 911 422 913 422 912 423 913 423 914 423 914 418 913 418 915 418 914 394 915 394 916 394 916 357 915 357 917 357 916 358 917 358 918 358 918 358 917 358 919 358 918 395 919 395 920 395 920 424 919 424 921 424 920 425 921 425 922 425 922 426 921 426 923 426 922 427 923 427 908 427 908 428 923 428 909 428 595 365 596 365 910 365 910 365 596 365 911 365 595 419 924 419 593 419 593 419 924 419 925 419 593 429 925 429 591 429 591 429 925 429 926 429 591 413 926 413 589 413 589 413 926 413 927 413 589 402 927 402 587 402 587 402 927 402 928 402 587 414 928 414 585 414 585 414 928 414 929 414 585 430 929 430 583 430 583 430 929 430 930 430 931 27 932 27 924 27 924 27 932 27 933 27 934 27 930 27 935 27 935 27 930 27 936 27 933 27 937 27 924 27 924 27 937 27 927 27 924 27 927 27 925 27 925 27 927 27 926 27 929 27 928 27 930 27 930 27 928 27 927 27 930 27 927 27 936 27 936 27 927 27 937 27 938 351 939 351 597 351 597 351 939 351 598 351 940 431 941 431 942 431 942 432 941 432 943 432 942 423 943 423 944 423 944 433 943 433 945 433 944 434 945 434 946 434 946 435 945 435 947 435 946 358 947 358 948 358 948 358 947 358 949 358 948 395 949 395 950 395 950 396 949 396 951 396 950 436 951 436 952 436 952 437 951 437 953 437 952 427 953 427 938 427 938 400 953 400 939 400 609 438 610 438 940 438 940 438 610 438 941 438 609 439 954 439 607 439 607 439 954 439 955 439 607 401 955 401 605 401 605 401 955 401 956 401 605 413 956 413 603 413 603 413 956 413 957 413 603 402 957 402 601 402 601 402 957 402 958 402 601 440 958 440 599 440 599 440 958 440 959 440 599 403 959 403 597 403 597 403 959 403 960 403 961 27 962 27 960 27 961 27 960 27 963 27 964 27 954 27 965 27 965 27 954 27 966 27 964 27 967 27 954 27 954 27 967 27 957 27 954 27 957 27 955 27 955 27 957 27 956 27 959 27 958 27 960 27 960 27 958 27 957 27 960 27 957 27 963 27 963 27 957 27 967 27 968 351 969 351 611 351 611 351 969 351 612 351 970 352 971 352 972 352 972 441 971 441 973 441 972 407 973 407 974 407 974 418 973 418 975 418 974 394 975 394 976 394 976 357 975 357 977 357 976 358 977 358 978 358 978 358 977 358 979 358 978 395 979 395 980 395 980 396 979 396 981 396 980 442 981 442 982 442 982 362 981 362 983 362 982 443 983 443 968 443 968 400 983 400 969 400 623 365 624 365 970 365 970 365 624 365 971 365 623 419 984 419 621 419 621 419 984 419 985 419 621 375 985 375 619 375 619 375 985 375 986 375 619 413 986 413 617 413 617 413 986 413 987 413 617 369 987 369 615 369 615 369 987 369 988 369 615 370 988 370 613 370 613 370 988 370 989 370 613 403 989 403 611 403 611 403 989 403 990 403 991 27 992 27 984 27 984 27 992 27 993 27 994 27 990 27 995 27 995 27 990 27 996 27 993 27 997 27 984 27 984 27 997 27 987 27 984 27 987 27 985 27 985 27 987 27 986 27 989 27 988 27 990 27 990 27 988 27 987 27 990 27 987 27 996 27 996 27 987 27 997 27 998 404 999 404 625 404 625 404 999 404 626 404 1000 405 1001 405 1002 405 1002 416 1001 416 1003 416 1002 354 1003 354 1004 354 1004 355 1003 355 1005 355 1004 356 1005 356 1006 356 1006 357 1005 357 1007 357 1006 358 1007 358 1008 358 1008 358 1007 358 1009 358 1008 395 1009 395 1010 395 1010 444 1009 444 1011 444 1010 361 1011 361 1012 361 1012 445 1011 445 1013 445 1012 399 1013 399 998 399 998 446 1013 446 999 446 637 412 638 412 1000 412 1000 412 638 412 1001 412 637 366 1014 366 635 366 635 366 1014 366 1015 366 635 401 1015 401 633 401 633 401 1015 401 1016 401 633 413 1016 413 631 413 631 413 1016 413 1017 413 631 402 1017 402 629 402 629 402 1017 402 1018 402 629 414 1018 414 627 414 627 414 1018 414 1019 414 627 371 1019 371 625 371 625 371 1019 371 1020 371 1021 27 1022 27 1020 27 1021 27 1020 27 1023 27 1024 27 1014 27 1025 27 1025 27 1014 27 1026 27 1024 27 1027 27 1014 27 1014 27 1027 27 1017 27 1014 27 1017 27 1015 27 1015 27 1017 27 1016 27 1019 27 1018 27 1020 27 1020 27 1018 27 1017 27 1020 27 1017 27 1023 27 1023 27 1017 27 1027 27 1028 351 1029 351 639 351 639 351 1029 351 640 351 1030 352 1031 352 1032 352 1032 441 1031 441 1033 441 1032 407 1033 407 1034 407 1034 418 1033 418 1035 418 1034 394 1035 394 1036 394 1036 357 1035 357 1037 357 1036 358 1037 358 1038 358 1038 358 1037 358 1039 358 1038 395 1039 395 1040 395 1040 396 1039 396 1041 396 1040 397 1041 397 1042 397 1042 447 1041 447 1043 447 1042 387 1043 387 1028 387 1028 388 1043 388 1029 388 651 365 652 365 1030 365 1030 365 652 365 1031 365 651 419 1044 419 649 419 649 419 1044 419 1045 419 649 375 1045 375 647 375 647 375 1045 375 1046 375 647 413 1046 413 645 413 645 413 1046 413 1047 413 645 369 1047 369 643 369 643 369 1047 369 1048 369 643 414 1048 414 641 414 641 414 1048 414 1049 414 641 371 1049 371 639 371 639 371 1049 371 1050 371 1051 27 1052 27 1050 27 1051 27 1050 27 1053 27 1054 27 1055 27 1044 27 1044 27 1055 27 1056 27 1056 27 1057 27 1044 27 1044 27 1057 27 1047 27 1044 27 1047 27 1045 27 1045 27 1047 27 1046 27 1049 27 1048 27 1050 27 1050 27 1048 27 1047 27 1050 27 1047 27 1053 27 1053 27 1047 27 1057 27 1058 351 1059 351 653 351 653 351 1059 351 654 351 1060 352 1061 352 1062 352 1062 391 1061 391 1063 391 1062 392 1063 392 1064 392 1064 381 1063 381 1065 381 1064 382 1065 382 1066 382 1066 357 1065 357 1067 357 1066 358 1067 358 1068 358 1068 358 1067 358 1069 358 1068 383 1069 383 1070 383 1070 384 1069 384 1071 384 1070 448 1071 448 1072 448 1072 362 1071 362 1073 362 1072 449 1073 449 1058 449 1058 388 1073 388 1059 388 665 365 666 365 1060 365 1060 365 666 365 1061 365 665 389 1074 389 663 389 663 389 1074 389 1075 389 663 375 1075 375 661 375 661 375 1075 375 1076 375 661 368 1076 368 659 368 659 368 1076 368 1077 368 659 369 1077 369 657 369 657 369 1077 369 1078 369 657 370 1078 370 655 370 655 370 1078 370 1079 370 655 390 1079 390 653 390 653 390 1079 390 1080 390 1081 27 1082 27 1080 27 1081 27 1080 27 1083 27 1084 27 1085 27 1074 27 1074 27 1085 27 1086 27 1086 27 1087 27 1074 27 1074 27 1087 27 1077 27 1074 27 1077 27 1075 27 1075 27 1077 27 1076 27 1079 27 1078 27 1080 27 1080 27 1078 27 1077 27 1080 27 1077 27 1083 27 1083 27 1077 27 1087 27 1088 450 1089 450 667 450 667 450 1089 450 668 450 1090 352 1091 352 1092 352 1092 353 1091 353 1093 353 1092 354 1093 354 1094 354 1094 355 1093 355 1095 355 1094 356 1095 356 1096 356 1096 357 1095 357 1097 357 1096 358 1097 358 1098 358 1098 358 1097 358 1099 358 1098 359 1099 359 1100 359 1100 360 1099 360 1101 360 1100 361 1101 361 1102 361 1102 362 1101 362 1103 362 1102 363 1103 363 1088 363 1088 451 1103 451 1089 451 679 365 680 365 1090 365 1090 365 680 365 1091 365 679 366 1104 366 677 366 677 366 1104 366 1105 366 677 367 1105 367 675 367 675 367 1105 367 1106 367 675 368 1106 368 673 368 673 368 1106 368 1107 368 673 369 1107 369 671 369 671 369 1107 369 1108 369 671 370 1108 370 669 370 669 370 1108 370 1109 370 669 371 1109 371 667 371 667 371 1109 371 1110 371 1104 27 1111 27 1112 27 1109 27 1108 27 1110 27 1110 27 1108 27 1107 27 1106 27 1105 27 1107 27 1107 27 1105 27 1104 27 1112 27 1113 27 1104 27 1104 27 1113 27 1114 27 1104 27 1114 27 1107 27 1107 27 1114 27 1115 27 1107 27 1115 27 1110 27 1110 27 1115 27 1116 27 1110 27 1116 27 1117 27 1118 351 1119 351 681 351 681 351 1119 351 682 351 1120 352 1121 352 1122 352 1122 353 1121 353 1123 353 1122 354 1123 354 1124 354 1124 355 1123 355 1125 355 1124 356 1125 356 1126 356 1126 357 1125 357 1127 357 1126 358 1127 358 1128 358 1128 358 1127 358 1129 358 1128 359 1129 359 1130 359 1130 360 1129 360 1131 360 1130 361 1131 361 1132 361 1132 362 1131 362 1133 362 1132 363 1133 363 1118 363 1118 364 1133 364 1119 364 693 365 694 365 1120 365 1120 365 694 365 1121 365 693 366 1134 366 691 366 691 366 1134 366 1135 366 691 375 1135 375 689 375 689 375 1135 375 1136 375 689 376 1136 376 687 376 687 376 1136 376 1137 376 687 377 1137 377 685 377 685 377 1137 377 1138 377 685 378 1138 378 683 378 683 378 1138 378 1139 378 683 371 1139 371 681 371 681 371 1139 371 1140 371 1141 27 1142 27 1140 27 1143 27 1134 27 1144 27 1144 27 1134 27 1145 27 1141 27 1140 27 1146 27 1143 27 1147 27 1134 27 1134 27 1147 27 1137 27 1134 27 1137 27 1135 27 1135 27 1137 27 1136 27 1139 27 1138 27 1140 27 1140 27 1138 27 1137 27 1140 27 1137 27 1146 27 1146 27 1137 27 1147 27 1148 351 1149 351 695 351 695 351 1149 351 696 351 1150 379 1151 379 1152 379 1152 373 1151 373 1153 373 1152 380 1153 380 1154 380 1154 381 1153 381 1155 381 1154 382 1155 382 1156 382 1156 357 1155 357 1157 357 1156 358 1157 358 1158 358 1158 358 1157 358 1159 358 1158 383 1159 383 1160 383 1160 384 1159 384 1161 384 1160 385 1161 385 1162 385 1162 386 1161 386 1163 386 1162 387 1163 387 1148 387 1148 388 1163 388 1149 388 707 365 708 365 1150 365 1150 365 708 365 1151 365 707 389 1164 389 705 389 705 389 1164 389 1165 389 705 375 1165 375 703 375 703 375 1165 375 1166 375 703 376 1166 376 701 376 701 376 1166 376 1167 376 701 377 1167 377 699 377 699 377 1167 377 1168 377 699 378 1168 378 697 378 697 378 1168 378 1169 378 697 371 1169 371 695 371 695 371 1169 371 1170 371 1171 27 1172 27 1170 27 1173 27 1164 27 1174 27 1174 27 1164 27 1175 27 1171 27 1170 27 1176 27 1173 27 1177 27 1164 27 1164 27 1177 27 1167 27 1164 27 1167 27 1165 27 1165 27 1167 27 1166 27 1169 27 1168 27 1170 27 1170 27 1168 27 1167 27 1170 27 1167 27 1176 27 1176 27 1167 27 1177 27 1178 351 1179 351 709 351 709 351 1179 351 710 351 1180 352 1181 352 1182 352 1182 391 1181 391 1183 391 1182 392 1183 392 1184 392 1184 381 1183 381 1185 381 1184 382 1185 382 1186 382 1186 357 1185 357 1187 357 1186 358 1187 358 1188 358 1188 358 1187 358 1189 358 1188 383 1189 383 1190 383 1190 384 1189 384 1191 384 1190 448 1191 448 1192 448 1192 362 1191 362 1193 362 1192 449 1193 449 1178 449 1178 388 1193 388 1179 388 721 365 722 365 1180 365 1180 365 722 365 1181 365 721 366 1194 366 719 366 719 366 1194 366 1195 366 719 367 1195 367 717 367 717 367 1195 367 1196 367 717 368 1196 368 715 368 715 368 1196 368 1197 368 715 369 1197 369 713 369 713 369 1197 369 1198 369 713 370 1198 370 711 370 711 370 1198 370 1199 370 711 390 1199 390 709 390 709 390 1199 390 1200 390 1194 27 1201 27 1202 27 1199 27 1198 27 1200 27 1200 27 1198 27 1197 27 1196 27 1195 27 1197 27 1197 27 1195 27 1194 27 1202 27 1203 27 1194 27 1194 27 1203 27 1204 27 1194 27 1204 27 1197 27 1197 27 1204 27 1205 27 1197 27 1205 27 1200 27 1200 27 1205 27 1206 27 1200 27 1206 27 1207 27 437 452 1208 452 436 452 436 453 1208 453 1209 453 436 454 1209 454 435 454 435 455 1209 455 1210 455 435 456 1210 456 434 456 434 457 1210 457 1211 457 434 458 1211 458 432 458 432 459 1211 459 1212 459 432 460 1212 460 431 460 431 461 1212 461 1213 461 431 462 1213 462 430 462 430 463 1213 463 1214 463 437 0 451 0 1208 0 1208 0 451 0 1215 0 1216 464 1215 464 451 464 451 465 475 465 1216 465 1216 466 475 466 476 466 1216 467 476 467 1217 467 1217 468 476 468 478 468 1217 469 478 469 1218 469 481 470 483 470 1219 470 478 471 479 471 1218 471 1218 472 479 472 481 472 1218 473 481 473 1220 473 1220 474 481 474 1219 474 1221 475 1222 475 1223 475 1221 476 1224 476 1222 476 1222 477 1224 477 1225 477 1222 478 1225 478 497 478 497 479 1225 479 1226 479 497 480 1226 480 498 480 1227 481 1228 481 1223 481 1223 482 1228 482 1229 482 1223 483 1229 483 1221 483 1230 484 1231 484 1232 484 1232 485 1231 485 1233 485 1234 486 1235 486 1236 486 1236 487 1235 487 1237 487 1238 488 1239 488 1240 488 1238 489 1240 489 1241 489 1241 490 1240 490 1242 490 1241 491 1242 491 1243 491 1243 492 1242 492 194 492 1243 493 194 493 192 493 497 494 496 494 1222 494 1222 495 496 495 1244 495 1222 496 1244 496 1223 496 1223 497 1244 497 1231 497 1223 498 1231 498 1227 498 1227 499 1231 499 1230 499 1234 500 1245 500 1235 500 1235 501 1245 501 1233 501 1235 502 1233 502 1246 502 1246 503 1233 503 1231 503 1246 504 1231 504 1247 504 1247 505 1231 505 1244 505 1247 506 1244 506 495 506 495 507 1244 507 496 507 1238 508 1248 508 1239 508 1239 509 1248 509 1237 509 1239 510 1237 510 1249 510 1249 511 1237 511 1235 511 1249 512 1235 512 1250 512 1250 513 1235 513 1246 513 1250 514 1246 514 1251 514 1251 515 1246 515 1247 515 1251 516 1247 516 494 516 494 517 1247 517 495 517 1219 518 483 518 498 518 831 27 829 27 1252 27 1253 27 1254 27 1255 27 1255 27 1254 27 1256 27 1255 27 1256 27 368 27 716 27 714 27 457 27 457 27 439 27 716 27 716 27 439 27 438 27 716 27 438 27 718 27 718 27 438 27 443 27 718 27 443 27 720 27 1193 27 1191 27 1257 27 1257 27 1191 27 1189 27 1257 27 1189 27 1255 27 1255 27 1189 27 1187 27 443 27 445 27 720 27 720 27 445 27 447 27 720 27 447 27 722 27 722 27 447 27 724 27 722 27 724 27 1181 27 1181 27 724 27 1253 27 1181 27 1253 27 1183 27 1183 27 1253 27 1255 27 1183 27 1255 27 1185 27 1185 27 1255 27 1187 27 714 27 712 27 457 27 457 27 712 27 710 27 457 27 710 27 1257 27 1257 27 710 27 1179 27 1257 27 1179 27 1193 27 1159 27 1157 27 1258 27 1258 27 1157 27 1155 27 1258 27 1155 27 1153 27 469 27 704 27 471 27 471 27 704 27 702 27 471 27 702 27 490 27 490 27 702 27 700 27 490 27 700 27 489 27 1153 27 1151 27 1258 27 1258 27 1151 27 708 27 1258 27 708 27 469 27 469 27 708 27 706 27 469 27 706 27 704 27 489 27 700 27 484 27 484 27 700 27 698 27 484 27 698 27 485 27 485 27 698 27 696 27 485 27 696 27 494 27 1161 27 1242 27 1163 27 1163 27 1242 27 1240 27 1163 27 1240 27 1149 27 1149 27 1240 27 1239 27 1239 27 1249 27 1149 27 1149 27 1249 27 1250 27 1149 27 1250 27 696 27 696 27 1250 27 1251 27 696 27 1251 27 494 27 193 27 194 27 1242 27 1259 27 1260 27 207 27 463 27 604 27 602 27 953 27 951 27 1259 27 1259 27 951 27 949 27 1259 27 949 27 1260 27 1260 27 949 27 947 27 1260 27 947 27 945 27 602 27 600 27 463 27 463 27 600 27 598 27 463 27 598 27 1259 27 1259 27 598 27 939 27 1259 27 939 27 953 27 462 27 1261 27 1262 27 610 27 608 27 1263 27 604 27 463 27 606 27 606 27 463 27 462 27 606 27 462 27 608 27 608 27 462 27 1262 27 608 27 1262 27 1263 27 945 27 943 27 1260 27 1260 27 943 27 941 27 1260 27 941 27 1264 27 1264 27 941 27 610 27 1264 27 610 27 1265 27 1265 27 610 27 1263 27 889 27 887 27 1266 27 1266 27 887 27 885 27 1266 27 885 27 883 27 893 27 891 27 913 27 574 27 590 27 462 27 462 27 590 27 588 27 462 27 588 27 586 27 574 27 462 27 576 27 576 27 462 27 461 27 576 27 461 27 578 27 923 27 921 27 1267 27 883 27 881 27 1266 27 1266 27 881 27 582 27 1266 27 582 27 461 27 461 27 582 27 580 27 461 27 580 27 578 27 921 27 919 27 1267 27 1267 27 919 27 917 27 1267 27 917 27 891 27 891 27 917 27 915 27 891 27 915 27 913 27 1268 27 586 27 584 27 923 27 1267 27 909 27 909 27 1267 27 1269 27 909 27 1269 27 584 27 584 27 1269 27 1270 27 584 27 1270 27 1268 27 586 27 1268 27 462 27 462 27 1268 27 1271 27 462 27 1271 27 1261 27 893 27 913 27 879 27 879 27 913 27 911 27 879 27 911 27 570 27 570 27 911 27 596 27 570 27 596 27 572 27 572 27 596 27 594 27 572 27 594 27 574 27 574 27 594 27 592 27 574 27 592 27 590 27 360 27 359 27 1267 27 1257 27 735 27 733 27 743 27 741 27 1272 27 1272 27 741 27 739 27 1272 27 739 27 1257 27 1257 27 739 27 737 27 1257 27 737 27 735 27 457 27 508 27 456 27 456 27 508 27 506 27 456 27 506 27 504 27 504 27 502 27 456 27 456 27 502 27 500 27 456 27 500 27 1272 27 1272 27 500 27 729 27 1272 27 729 27 743 27 733 27 731 27 1257 27 1257 27 731 27 512 27 1257 27 512 27 457 27 457 27 512 27 510 27 457 27 510 27 508 27 1272 27 765 27 763 27 773 27 771 27 1273 27 1273 27 771 27 769 27 1273 27 769 27 1272 27 1272 27 769 27 767 27 1272 27 767 27 765 27 518 27 458 27 520 27 520 27 458 27 456 27 520 27 456 27 522 27 763 27 761 27 1272 27 1272 27 761 27 526 27 1272 27 526 27 456 27 456 27 526 27 524 27 456 27 524 27 522 27 518 27 516 27 458 27 458 27 516 27 514 27 458 27 514 27 1273 27 1273 27 514 27 759 27 1273 27 759 27 773 27 458 27 536 27 459 27 459 27 536 27 534 27 459 27 534 27 532 27 1273 27 795 27 793 27 803 27 801 27 1274 27 1274 27 801 27 799 27 1274 27 799 27 1273 27 1273 27 799 27 797 27 1273 27 797 27 795 27 793 27 791 27 1273 27 1273 27 791 27 540 27 1273 27 540 27 458 27 458 27 540 27 538 27 458 27 538 27 536 27 532 27 530 27 459 27 459 27 530 27 528 27 459 27 528 27 1274 27 1274 27 528 27 789 27 1274 27 789 27 803 27 460 27 546 27 544 27 459 27 550 27 460 27 460 27 550 27 548 27 460 27 548 27 546 27 1274 27 825 27 823 27 1252 27 829 27 1274 27 1274 27 829 27 827 27 1274 27 827 27 825 27 542 27 819 27 1252 27 1252 27 819 27 833 27 1252 27 833 27 831 27 823 27 821 27 1274 27 1274 27 821 27 554 27 1274 27 554 27 459 27 459 27 554 27 552 27 459 27 552 27 550 27 568 27 566 27 460 27 863 27 861 27 1266 27 1266 27 861 27 859 27 1266 27 859 27 1252 27 1252 27 859 27 857 27 857 27 855 27 1252 27 1252 27 855 27 853 27 1252 27 853 27 851 27 544 27 542 27 460 27 460 27 542 27 1252 27 460 27 1252 27 568 27 568 27 1252 27 851 27 560 27 461 27 562 27 562 27 461 27 460 27 562 27 460 27 564 27 564 27 460 27 566 27 560 27 558 27 461 27 461 27 558 27 556 27 461 27 556 27 1266 27 1266 27 556 27 849 27 1266 27 849 27 863 27 891 27 889 27 1267 27 1267 27 889 27 1266 27 1267 27 1266 27 360 27 360 27 1266 27 1252 27 360 27 1252 27 362 27 362 27 1252 27 1274 27 362 27 1274 27 363 27 363 27 1274 27 1273 27 363 27 1273 27 364 27 364 27 1273 27 1272 27 364 27 1272 27 365 27 365 27 1272 27 1257 27 365 27 1257 27 366 27 366 27 1257 27 1255 27 366 27 1255 27 367 27 367 27 1255 27 368 27 975 27 973 27 1259 27 616 27 464 27 618 27 618 27 464 27 463 27 618 27 463 27 620 27 983 27 981 27 1275 27 1275 27 981 27 979 27 1275 27 979 27 1259 27 1259 27 979 27 977 27 1259 27 977 27 975 27 973 27 971 27 1259 27 1259 27 971 27 624 27 1259 27 624 27 463 27 463 27 624 27 622 27 463 27 622 27 620 27 616 27 614 27 464 27 464 27 614 27 612 27 464 27 612 27 1275 27 1275 27 612 27 969 27 1275 27 969 27 983 27 1275 27 1005 27 1003 27 464 27 634 27 465 27 465 27 634 27 632 27 465 27 632 27 630 27 1013 27 1011 27 1276 27 1276 27 1011 27 1009 27 1276 27 1009 27 1275 27 1275 27 1009 27 1007 27 1275 27 1007 27 1005 27 630 27 628 27 465 27 465 27 628 27 626 27 465 27 626 27 1276 27 1276 27 626 27 999 27 1276 27 999 27 1013 27 1003 27 1001 27 1275 27 1275 27 1001 27 638 27 1275 27 638 27 464 27 464 27 638 27 636 27 464 27 636 27 634 27 1276 27 1035 27 1033 27 465 27 648 27 466 27 466 27 648 27 646 27 466 27 646 27 644 27 1043 27 1041 27 1277 27 1277 27 1041 27 1039 27 1277 27 1039 27 1276 27 1276 27 1039 27 1037 27 1276 27 1037 27 1035 27 1033 27 1031 27 1276 27 1276 27 1031 27 652 27 1276 27 652 27 465 27 465 27 652 27 650 27 465 27 650 27 648 27 644 27 642 27 466 27 466 27 642 27 640 27 466 27 640 27 1277 27 1277 27 640 27 1029 27 1277 27 1029 27 1043 27 1277 27 1065 27 1063 27 658 27 467 27 660 27 660 27 467 27 466 27 660 27 466 27 662 27 1073 27 1071 27 1278 27 1278 27 1071 27 1069 27 1278 27 1069 27 1277 27 1277 27 1069 27 1067 27 1277 27 1067 27 1065 27 1063 27 1061 27 1277 27 1277 27 1061 27 666 27 1277 27 666 27 466 27 466 27 666 27 664 27 466 27 664 27 662 27 658 27 656 27 467 27 467 27 656 27 654 27 467 27 654 27 1278 27 1278 27 654 27 1059 27 1278 27 1059 27 1073 27 1095 27 1093 27 1278 27 672 27 468 27 674 27 674 27 468 27 467 27 674 27 467 27 676 27 1103 27 1101 27 1279 27 1279 27 1101 27 1099 27 1279 27 1099 27 1278 27 1278 27 1099 27 1097 27 1278 27 1097 27 1095 27 1093 27 1091 27 1278 27 1278 27 1091 27 680 27 1278 27 680 27 467 27 467 27 680 27 678 27 467 27 678 27 676 27 672 27 670 27 468 27 468 27 670 27 668 27 468 27 668 27 1279 27 1279 27 668 27 1089 27 1279 27 1089 27 1103 27 1133 27 1131 27 1258 27 1258 27 1131 27 1129 27 1258 27 1129 27 1279 27 1129 27 1127 27 1279 27 1279 27 1127 27 1125 27 1279 27 1125 27 1123 27 686 27 469 27 688 27 688 27 469 27 468 27 688 27 468 27 690 27 1123 27 1121 27 1279 27 1279 27 1121 27 694 27 1279 27 694 27 468 27 468 27 694 27 692 27 468 27 692 27 690 27 686 27 684 27 469 27 469 27 684 27 682 27 469 27 682 27 1258 27 1258 27 682 27 1119 27 1258 27 1119 27 1133 27 1161 27 1159 27 1242 27 1242 27 1159 27 1258 27 1242 27 1258 27 193 27 193 27 1258 27 1279 27 193 27 1279 27 198 27 198 27 1279 27 1278 27 198 27 1278 27 199 27 199 27 1278 27 1277 27 199 27 1277 27 201 27 201 27 1277 27 1276 27 201 27 1276 27 202 27 202 27 1276 27 1275 27 202 27 1275 27 205 27 205 27 1275 27 1259 27 205 27 1259 27 206 27 206 27 1259 27 207 27 1253 519 724 519 723 519 369 520 368 520 1256 520 1254 521 1280 521 1256 521 1256 522 1280 522 1281 522 1256 523 1281 523 369 523 1282 524 1283 524 1284 524 1284 525 1283 525 1285 525 1284 526 1285 526 1254 526 1254 527 1285 527 1286 527 1254 528 1286 528 1280 528 726 529 727 529 1287 529 1288 530 725 530 1289 530 1289 531 725 531 726 531 1289 532 726 532 1290 532 1290 533 726 533 1287 533 1254 534 1253 534 1284 534 1284 535 1253 535 723 535 1284 536 723 536 1282 536 1282 537 723 537 725 537 1282 538 725 538 1291 538 1291 539 725 539 1288 539 727 540 430 540 1292 540 1292 541 430 541 1214 541 375 542 397 542 395 542 359 543 361 543 1267 543 1267 544 361 544 1293 544 1293 545 377 545 1267 545 1267 546 377 546 375 546 1267 547 375 547 1269 547 1269 542 375 542 395 542 1269 548 395 548 1270 548 1270 548 395 548 393 548 1270 549 393 549 1268 549 1268 549 393 549 391 549 1268 550 391 550 1271 550 1271 550 391 550 389 550 381 551 1264 551 383 551 383 551 1264 551 1265 551 383 552 1265 552 385 552 385 552 1265 552 1263 552 385 553 1263 553 387 553 387 553 1263 553 1262 553 387 28 1262 28 389 28 389 554 1262 554 1261 554 389 555 1261 555 1271 555 751 366 1294 366 752 366 752 366 1294 366 1295 366 752 367 1295 367 753 367 753 367 1295 367 1296 367 753 368 1296 368 754 368 754 368 1296 368 1297 368 754 369 1297 369 755 369 755 369 1297 369 1298 369 755 370 1298 370 756 370 756 370 1298 370 1299 370 756 371 1299 371 757 371 757 371 1299 371 1300 371 499 170 750 170 757 170 1300 170 1301 170 757 170 757 170 1301 170 728 170 757 170 728 170 499 170 728 556 1301 556 742 556 742 556 1301 556 1302 556 742 557 1302 557 740 557 740 557 1302 557 1303 557 740 558 1303 558 738 558 738 558 1303 558 1304 558 738 0 1304 0 736 0 736 0 1304 0 1305 0 736 559 1305 559 734 559 734 559 1305 559 1306 559 734 560 1306 560 732 560 732 560 1306 560 1307 560 732 561 1307 561 730 561 730 561 1307 561 1308 561 744 8 511 8 751 8 751 8 511 8 730 8 751 8 730 8 1294 8 1294 8 730 8 1308 8 781 366 1309 366 782 366 782 366 1309 366 1310 366 782 375 1310 375 783 375 783 375 1310 375 1311 375 783 376 1311 376 787 376 787 376 1311 376 1312 376 787 377 1312 377 786 377 786 377 1312 377 1313 377 786 378 1313 378 785 378 785 378 1313 378 1314 378 785 371 1314 371 784 371 784 371 1314 371 1315 371 513 170 780 170 784 170 1315 170 1316 170 784 170 784 170 1316 170 758 170 784 170 758 170 513 170 758 556 1316 556 772 556 772 556 1316 556 1317 556 772 557 1317 557 770 557 770 557 1317 557 1318 557 770 558 1318 558 768 558 768 558 1318 558 1319 558 768 0 1319 0 766 0 766 0 1319 0 1320 0 766 559 1320 559 764 559 764 559 1320 559 1321 559 764 560 1321 560 762 560 762 560 1321 560 1322 560 762 561 1322 561 760 561 760 561 1322 561 1323 561 774 8 525 8 781 8 781 8 525 8 760 8 781 8 760 8 1309 8 1309 8 760 8 1323 8 816 389 1324 389 815 389 815 389 1324 389 1325 389 815 375 1325 375 814 375 814 375 1325 375 1326 375 814 376 1326 376 817 376 817 376 1326 376 1327 376 817 377 1327 377 813 377 813 377 1327 377 1328 377 813 370 1328 370 811 370 811 370 1328 370 1329 370 811 390 1329 390 812 390 812 390 1329 390 1330 390 527 170 810 170 812 170 1330 170 1331 170 812 170 812 170 1331 170 788 170 812 170 788 170 527 170 788 556 1331 556 802 556 802 556 1331 556 1332 556 802 557 1332 557 800 557 800 557 1332 557 1333 557 800 562 1333 562 798 562 798 562 1333 562 1334 562 798 0 1334 0 796 0 796 0 1334 0 1335 0 796 563 1335 563 794 563 794 563 1335 563 1336 563 794 564 1336 564 792 564 792 564 1336 564 1337 564 792 565 1337 565 790 565 790 565 1337 565 1338 565 804 8 539 8 816 8 816 8 539 8 790 8 816 8 790 8 1324 8 1324 8 790 8 1338 8 844 366 1339 366 845 366 845 366 1339 366 1340 366 845 401 1340 401 846 401 846 401 1340 401 1341 401 846 376 1341 376 847 376 847 376 1341 376 1342 376 847 402 1342 402 843 402 843 402 1342 402 1343 402 843 370 1343 370 841 370 841 370 1343 370 1344 370 841 403 1344 403 842 403 842 403 1344 403 1345 403 541 170 840 170 842 170 1345 170 1346 170 842 170 842 170 1346 170 818 170 842 170 818 170 541 170 818 556 1346 556 832 556 832 556 1346 556 1347 556 832 557 1347 557 830 557 830 557 1347 557 1348 557 830 566 1348 566 828 566 828 566 1348 566 1349 566 828 0 1349 0 826 0 826 0 1349 0 1350 0 826 567 1350 567 824 567 824 567 1350 567 1351 567 824 560 1351 560 822 560 822 560 1351 560 1352 560 822 561 1352 561 820 561 820 561 1352 561 1353 561 834 8 553 8 844 8 844 8 553 8 820 8 844 8 820 8 1339 8 1339 8 820 8 1353 8 871 366 1354 366 872 366 872 366 1354 366 1355 366 872 401 1355 401 873 401 873 401 1355 401 1356 401 873 413 1356 413 877 413 877 413 1356 413 1357 413 877 402 1357 402 876 402 876 402 1357 402 1358 402 876 414 1358 414 875 414 875 414 1358 414 1359 414 875 371 1359 371 874 371 874 371 1359 371 1360 371 555 170 870 170 874 170 1360 170 1361 170 874 170 874 170 1361 170 848 170 874 170 848 170 555 170 848 556 1361 556 862 556 862 556 1361 556 1362 556 862 557 1362 557 860 557 860 557 1362 557 1363 557 860 558 1363 558 858 558 858 558 1363 558 1364 558 858 0 1364 0 856 0 856 0 1364 0 1365 0 856 567 1365 567 854 567 854 567 1365 567 1366 567 854 560 1366 560 852 560 852 560 1366 560 1367 560 852 561 1367 561 850 561 850 561 1367 561 1368 561 864 8 567 8 871 8 871 8 567 8 850 8 871 8 850 8 1354 8 1354 8 850 8 1368 8 906 419 1369 419 905 419 905 419 1369 419 1370 419 905 375 1370 375 904 375 904 375 1370 375 1371 375 904 376 1371 376 907 376 907 376 1371 376 1372 376 907 402 1372 402 903 402 903 402 1372 402 1373 402 903 370 1373 370 901 370 901 370 1373 370 1374 370 901 403 1374 403 902 403 902 403 1374 403 1375 403 569 170 900 170 902 170 1375 170 1376 170 902 170 902 170 1376 170 878 170 902 170 878 170 569 170 878 556 1376 556 892 556 892 556 1376 556 1377 556 892 557 1377 557 890 557 890 557 1377 557 1378 557 890 566 1378 566 888 566 888 566 1378 566 1379 566 888 0 1379 0 886 0 886 0 1379 0 1380 0 886 567 1380 567 884 567 884 567 1380 567 1381 567 884 568 1381 568 882 568 882 568 1381 568 1382 568 882 569 1382 569 880 569 880 569 1382 569 1383 569 894 8 581 8 906 8 906 8 581 8 880 8 906 8 880 8 1369 8 1369 8 880 8 1383 8 931 419 1384 419 932 419 932 419 1384 419 1385 419 932 429 1385 429 933 429 933 429 1385 429 1386 429 933 413 1386 413 937 413 937 413 1386 413 1387 413 937 402 1387 402 936 402 936 402 1387 402 1388 402 936 414 1388 414 935 414 935 414 1388 414 1389 414 935 430 1389 430 934 430 934 430 1389 430 1390 430 583 170 930 170 934 170 1390 170 1391 170 934 170 934 170 1391 170 908 170 934 170 908 170 583 170 908 570 1391 570 922 570 922 570 1391 570 1392 570 922 571 1392 571 920 571 920 571 1392 571 1393 571 920 566 1393 566 918 566 918 566 1393 566 1394 566 918 0 1394 0 916 0 916 0 1394 0 1395 0 916 567 1395 567 914 567 914 567 1395 567 1396 567 914 572 1396 572 912 572 912 572 1396 572 1397 572 912 573 1397 573 910 573 910 573 1397 573 1398 573 924 8 595 8 931 8 931 8 595 8 910 8 931 8 910 8 1384 8 1384 8 910 8 1398 8 966 439 1399 439 965 439 965 439 1399 439 1400 439 965 401 1400 401 964 401 964 401 1400 401 1401 401 964 413 1401 413 967 413 967 413 1401 413 1402 413 967 402 1402 402 963 402 963 402 1402 402 1403 402 963 440 1403 440 961 440 961 440 1403 440 1404 440 961 403 1404 403 962 403 962 403 1404 403 1405 403 597 170 960 170 962 170 1405 170 1406 170 962 170 962 170 1406 170 938 170 962 170 938 170 597 170 938 570 1406 570 952 570 952 570 1406 570 1407 570 952 571 1407 571 950 571 950 571 1407 571 1408 571 950 566 1408 566 948 566 948 566 1408 566 1409 566 948 0 1409 0 946 0 946 0 1409 0 1410 0 946 567 1410 567 944 567 944 567 1410 567 1411 567 944 572 1411 572 942 572 942 572 1411 572 1412 572 942 573 1412 573 940 573 940 573 1412 573 1413 573 954 8 609 8 966 8 966 8 609 8 940 8 966 8 940 8 1399 8 1399 8 940 8 1413 8 991 419 1414 419 992 419 992 419 1414 419 1415 419 992 375 1415 375 993 375 993 375 1415 375 1416 375 993 413 1416 413 997 413 997 413 1416 413 1417 413 997 369 1417 369 996 369 996 369 1417 369 1418 369 996 370 1418 370 995 370 995 370 1418 370 1419 370 995 403 1419 403 994 403 994 403 1419 403 1420 403 611 170 990 170 994 170 1420 170 1421 170 994 170 994 170 1421 170 968 170 994 170 968 170 611 170 968 574 1421 574 982 574 982 574 1421 574 1422 574 982 575 1422 575 980 575 980 575 1422 575 1423 575 980 566 1423 566 978 566 978 566 1423 566 1424 566 978 0 1424 0 976 0 976 0 1424 0 1425 0 976 567 1425 567 974 567 974 567 1425 567 1426 567 974 560 1426 560 972 560 972 560 1426 560 1427 560 972 561 1427 561 970 561 970 561 1427 561 1428 561 984 8 623 8 991 8 991 8 623 8 970 8 991 8 970 8 1414 8 1414 8 970 8 1428 8 1026 366 1429 366 1025 366 1025 366 1429 366 1430 366 1025 401 1430 401 1024 401 1024 401 1430 401 1431 401 1024 413 1431 413 1027 413 1027 413 1431 413 1432 413 1027 402 1432 402 1023 402 1023 402 1432 402 1433 402 1023 414 1433 414 1021 414 1021 414 1433 414 1434 414 1021 371 1434 371 1022 371 1022 371 1434 371 1435 371 625 170 1020 170 1022 170 1435 170 1436 170 1022 170 1022 170 1436 170 998 170 1022 170 998 170 625 170 998 556 1436 556 1012 556 1012 556 1436 556 1437 556 1012 557 1437 557 1010 557 1010 557 1437 557 1438 557 1010 566 1438 566 1008 566 1008 566 1438 566 1439 566 1008 0 1439 0 1006 0 1006 0 1439 0 1440 0 1006 559 1440 559 1004 559 1004 559 1440 559 1441 559 1004 560 1441 560 1002 560 1002 560 1441 560 1442 560 1002 561 1442 561 1000 561 1000 561 1442 561 1443 561 1014 8 637 8 1026 8 1026 8 637 8 1000 8 1026 8 1000 8 1429 8 1429 8 1000 8 1443 8 1054 419 1444 419 1055 419 1055 419 1444 419 1445 419 1055 375 1445 375 1056 375 1056 375 1445 375 1446 375 1056 413 1446 413 1057 413 1057 413 1446 413 1447 413 1057 369 1447 369 1053 369 1053 369 1447 369 1448 369 1053 414 1448 414 1051 414 1051 414 1448 414 1449 414 1051 371 1449 371 1052 371 1052 371 1449 371 1450 371 639 170 1050 170 1052 170 1450 170 1451 170 1052 170 1052 170 1451 170 1028 170 1052 170 1028 170 639 170 1028 556 1451 556 1042 556 1042 556 1451 556 1452 556 1042 557 1452 557 1040 557 1040 557 1452 557 1453 557 1040 566 1453 566 1038 566 1038 566 1453 566 1454 566 1038 0 1454 0 1036 0 1036 0 1454 0 1455 0 1036 567 1455 567 1034 567 1034 567 1455 567 1456 567 1034 560 1456 560 1032 560 1032 560 1456 560 1457 560 1032 561 1457 561 1030 561 1030 561 1457 561 1458 561 1044 8 651 8 1054 8 1054 8 651 8 1030 8 1054 8 1030 8 1444 8 1444 8 1030 8 1458 8 1084 389 1459 389 1085 389 1085 389 1459 389 1460 389 1085 375 1460 375 1086 375 1086 375 1460 375 1461 375 1086 368 1461 368 1087 368 1087 368 1461 368 1462 368 1087 369 1462 369 1083 369 1083 369 1462 369 1463 369 1083 370 1463 370 1081 370 1081 370 1463 370 1464 370 1081 390 1464 390 1082 390 1082 390 1464 390 1465 390 653 170 1080 170 1082 170 1465 170 1466 170 1082 170 1082 170 1466 170 1058 170 1082 170 1058 170 653 170 1058 576 1466 576 1072 576 1072 576 1466 576 1467 576 1072 577 1467 577 1070 577 1070 577 1467 577 1468 577 1070 562 1468 562 1068 562 1068 562 1468 562 1469 562 1068 0 1469 0 1066 0 1066 0 1469 0 1470 0 1066 563 1470 563 1064 563 1064 563 1470 563 1471 563 1064 560 1471 560 1062 560 1062 560 1471 560 1472 560 1062 561 1472 561 1060 561 1060 561 1472 561 1473 561 1074 8 665 8 1084 8 1084 8 665 8 1060 8 1084 8 1060 8 1459 8 1459 8 1060 8 1473 8 1111 366 1474 366 1112 366 1112 366 1474 366 1475 366 1112 367 1475 367 1113 367 1113 367 1475 367 1476 367 1113 368 1476 368 1114 368 1114 368 1476 368 1477 368 1114 369 1477 369 1115 369 1115 369 1477 369 1478 369 1115 370 1478 370 1116 370 1116 370 1478 370 1479 370 1116 371 1479 371 1117 371 1117 371 1479 371 1480 371 667 170 1110 170 1117 170 1480 170 1481 170 1117 170 1117 170 1481 170 1088 170 1117 170 1088 170 667 170 1088 556 1481 556 1102 556 1102 556 1481 556 1482 556 1102 557 1482 557 1100 557 1100 557 1482 557 1483 557 1100 558 1483 558 1098 558 1098 558 1483 558 1484 558 1098 0 1484 0 1096 0 1096 0 1484 0 1485 0 1096 559 1485 559 1094 559 1094 559 1485 559 1486 559 1094 560 1486 560 1092 560 1092 560 1486 560 1487 560 1092 561 1487 561 1090 561 1090 561 1487 561 1488 561 1104 8 679 8 1111 8 1111 8 679 8 1090 8 1111 8 1090 8 1474 8 1474 8 1090 8 1488 8 1145 366 1489 366 1144 366 1144 366 1489 366 1490 366 1144 375 1490 375 1143 375 1143 375 1490 375 1491 375 1143 376 1491 376 1147 376 1147 376 1491 376 1492 376 1147 377 1492 377 1146 377 1146 377 1492 377 1493 377 1146 378 1493 378 1141 378 1141 378 1493 378 1494 378 1141 371 1494 371 1142 371 1142 371 1494 371 1495 371 681 170 1140 170 1142 170 1495 170 1496 170 1142 170 1142 170 1496 170 1118 170 1142 170 1118 170 681 170 1118 556 1496 556 1132 556 1132 556 1496 556 1497 556 1132 557 1497 557 1130 557 1130 557 1497 557 1498 557 1130 558 1498 558 1128 558 1128 558 1498 558 1499 558 1128 0 1499 0 1126 0 1126 0 1499 0 1500 0 1126 559 1500 559 1124 559 1124 559 1500 559 1501 559 1124 560 1501 560 1122 560 1122 560 1501 560 1502 560 1122 561 1502 561 1120 561 1120 561 1502 561 1503 561 1134 8 693 8 1145 8 1145 8 693 8 1120 8 1145 8 1120 8 1489 8 1489 8 1120 8 1503 8 1175 389 1504 389 1174 389 1174 389 1504 389 1505 389 1174 375 1505 375 1173 375 1173 375 1505 375 1506 375 1173 376 1506 376 1177 376 1177 376 1506 376 1507 376 1177 377 1507 377 1176 377 1176 377 1507 377 1508 377 1176 378 1508 378 1171 378 1171 378 1508 378 1509 378 1171 371 1509 371 1172 371 1172 371 1509 371 1510 371 695 170 1170 170 1172 170 1510 170 1511 170 1172 170 1172 170 1511 170 1148 170 1172 170 1148 170 695 170 1148 556 1511 556 1162 556 1162 556 1511 556 1512 556 1162 557 1512 557 1160 557 1160 557 1512 557 1513 557 1160 562 1513 562 1158 562 1158 562 1513 562 1514 562 1158 0 1514 0 1156 0 1156 0 1514 0 1515 0 1156 563 1515 563 1154 563 1154 563 1515 563 1516 563 1154 564 1516 564 1152 564 1152 564 1516 564 1517 564 1152 565 1517 565 1150 565 1150 565 1517 565 1518 565 1164 8 707 8 1175 8 1175 8 707 8 1150 8 1175 8 1150 8 1504 8 1504 8 1150 8 1518 8 1201 366 1519 366 1202 366 1202 366 1519 366 1520 366 1202 367 1520 367 1203 367 1203 367 1520 367 1521 367 1203 368 1521 368 1204 368 1204 368 1521 368 1522 368 1204 369 1522 369 1205 369 1205 369 1522 369 1523 369 1205 370 1523 370 1206 370 1206 370 1523 370 1524 370 1206 390 1524 390 1207 390 1207 390 1524 390 1525 390 709 170 1200 170 1207 170 1525 170 1526 170 1207 170 1207 170 1526 170 1178 170 1207 170 1178 170 709 170 1178 576 1526 576 1192 576 1192 576 1526 576 1527 576 1192 577 1527 577 1190 577 1190 577 1527 577 1528 577 1190 562 1528 562 1188 562 1188 562 1528 562 1529 562 1188 0 1529 0 1186 0 1186 0 1529 0 1530 0 1186 563 1530 563 1184 563 1184 563 1530 563 1531 563 1184 560 1531 560 1182 560 1182 560 1531 560 1532 560 1182 561 1532 561 1180 561 1180 561 1532 561 1533 561 1194 8 721 8 1201 8 1201 8 721 8 1180 8 1201 8 1180 8 1519 8 1519 8 1180 8 1533 8 1534 578 1535 578 1536 578 1536 579 1535 579 1537 579 1536 580 1537 580 1538 580 1539 581 1540 581 1537 581 1537 582 1540 582 1541 582 1537 583 1541 583 1538 583 1542 584 1543 584 1544 584 1544 585 1543 585 1545 585 1544 586 1545 586 1539 586 1539 587 1545 587 1546 587 1539 588 1546 588 1540 588 1542 589 1544 589 1547 589 1547 590 1544 590 1548 590 1547 591 1548 591 1549 591 1549 592 1548 592 1550 592 1549 593 1550 593 1551 593 1551 594 1550 594 1552 594 1552 595 1550 595 1553 595 1552 596 1553 596 1554 596 1555 16 1556 16 1553 16 1557 16 1535 16 1558 16 1558 16 1535 16 1559 16 1557 16 1560 16 1535 16 1535 16 1560 16 1561 16 1535 16 1561 16 1553 16 1553 16 1561 16 1562 16 1553 16 1562 16 1555 16 1553 16 1550 16 1548 16 1537 16 1535 16 1539 16 1539 16 1535 16 1553 16 1539 16 1553 16 1544 16 1544 16 1553 16 1548 16 1563 578 1564 578 1565 578 1565 579 1564 579 1566 579 1565 580 1566 580 1567 580 1568 597 1569 597 1566 597 1566 598 1569 598 1570 598 1566 583 1570 583 1567 583 1571 599 1572 599 1573 599 1573 585 1572 585 1574 585 1573 586 1574 586 1568 586 1568 600 1574 600 1575 600 1568 601 1575 601 1569 601 1571 602 1573 602 1576 602 1576 590 1573 590 1577 590 1576 591 1577 591 1578 591 1578 592 1577 592 1579 592 1578 593 1579 593 1580 593 1580 594 1579 594 1581 594 1581 603 1579 603 1582 603 1581 604 1582 604 1583 604 1584 16 1582 16 1585 16 1585 16 1582 16 1586 16 1568 16 1566 16 1564 16 1564 16 1587 16 1588 16 1588 16 1589 16 1564 16 1564 16 1589 16 1590 16 1564 16 1590 16 1591 16 1579 16 1577 16 1573 16 1573 16 1568 16 1579 16 1579 16 1568 16 1564 16 1579 16 1564 16 1582 16 1582 16 1564 16 1591 16 1582 16 1591 16 1586 16 370 605 372 605 1592 605 381 606 379 606 1264 606 1264 606 379 606 370 606 1264 607 370 607 1260 607 1260 608 370 608 1592 608 1260 609 1592 609 207 609 207 610 1592 610 200 610 1593 578 1594 578 1595 578 1595 579 1594 579 1596 579 1595 580 1596 580 1597 580 1598 597 1599 597 1596 597 1596 598 1599 598 1600 598 1596 583 1600 583 1597 583 1601 599 1602 599 1603 599 1603 585 1602 585 1604 585 1603 586 1604 586 1598 586 1598 600 1604 600 1605 600 1598 601 1605 601 1599 601 1601 602 1603 602 1606 602 1606 590 1603 590 1607 590 1606 591 1607 591 1608 591 1608 592 1607 592 1609 592 1608 593 1609 593 1610 593 1610 594 1609 594 1611 594 1611 603 1609 603 1612 603 1611 604 1612 604 1613 604 1614 16 1615 16 1612 16 1612 16 1615 16 1616 16 1612 16 1616 16 1617 16 1594 16 1618 16 1619 16 1619 16 1620 16 1594 16 1594 16 1620 16 1621 16 1594 16 1621 16 1614 16 1614 16 1612 16 1594 16 1594 16 1612 16 1609 16 1594 16 1609 16 1607 16 1607 16 1603 16 1594 16 1594 16 1603 16 1598 16 1594 16 1598 16 1596 16 1622 16 1623 16 1624 16 1625 16 1626 16 1627 16 1627 16 1626 16 1628 16 1625 16 1629 16 1626 16 1626 16 1629 16 1630 16 1626 16 1630 16 1624 16 1624 16 1630 16 1631 16 1624 16 1631 16 1622 16 1632 16 1633 16 1634 16 1624 16 1635 16 1626 16 1626 16 1635 16 1632 16 1626 16 1632 16 1636 16 1636 16 1632 16 1634 16 1637 578 1626 578 1638 578 1638 579 1626 579 1636 579 1638 580 1636 580 1639 580 1634 611 1640 611 1636 611 1636 582 1640 582 1641 582 1636 583 1641 583 1639 583 1642 584 1643 584 1633 584 1633 585 1643 585 1644 585 1633 612 1644 612 1634 612 1634 613 1644 613 1645 613 1634 601 1645 601 1640 601 1642 589 1633 589 1646 589 1646 614 1633 614 1632 614 1646 615 1632 615 1647 615 1647 616 1632 616 1635 616 1647 617 1635 617 1648 617 1648 594 1635 594 1649 594 1649 595 1635 595 1624 595 1649 596 1624 596 1650 596 1651 16 1652 16 1653 16 1654 16 1655 16 1656 16 1656 16 1655 16 1657 16 1654 16 1658 16 1655 16 1655 16 1658 16 1659 16 1655 16 1659 16 1653 16 1653 16 1659 16 1660 16 1653 16 1660 16 1651 16 1661 16 1662 16 1663 16 1653 16 1664 16 1655 16 1655 16 1664 16 1661 16 1655 16 1661 16 1665 16 1665 16 1661 16 1663 16 1666 578 1655 578 1667 578 1667 579 1655 579 1665 579 1667 580 1665 580 1668 580 1663 581 1669 581 1665 581 1665 582 1669 582 1670 582 1665 583 1670 583 1668 583 1671 599 1672 599 1662 599 1662 585 1672 585 1673 585 1662 586 1673 586 1663 586 1663 587 1673 587 1674 587 1663 588 1674 588 1669 588 1671 602 1662 602 1675 602 1675 590 1662 590 1661 590 1675 591 1661 591 1676 591 1676 592 1661 592 1664 592 1676 593 1664 593 1677 593 1677 594 1664 594 1678 594 1678 595 1664 595 1653 595 1678 596 1653 596 1679 596 1680 16 1681 16 1682 16 1683 16 1684 16 1685 16 1685 16 1684 16 1686 16 1687 16 1688 16 1680 16 1682 16 1689 16 1680 16 1680 16 1689 16 1690 16 1680 16 1690 16 1691 16 1692 16 1693 16 1694 16 1694 16 1687 16 1692 16 1692 16 1687 16 1680 16 1692 16 1680 16 1684 16 1684 16 1680 16 1691 16 1684 16 1691 16 1686 16 1695 578 1680 578 1696 578 1696 618 1680 618 1688 618 1696 619 1688 619 1697 619 1687 611 1698 611 1688 611 1688 620 1698 620 1699 620 1688 621 1699 621 1697 621 1700 599 1701 599 1694 599 1694 585 1701 585 1702 585 1694 586 1702 586 1687 586 1687 600 1702 600 1703 600 1687 601 1703 601 1698 601 1700 602 1694 602 1704 602 1704 590 1694 590 1693 590 1704 591 1693 591 1705 591 1705 592 1693 592 1692 592 1705 593 1692 593 1706 593 1706 594 1692 594 1707 594 1707 603 1692 603 1684 603 1707 604 1684 604 1708 604 1709 16 1710 16 1711 16 1712 16 1713 16 1714 16 1714 16 1713 16 1715 16 1711 16 1716 16 1709 16 1709 16 1716 16 1717 16 1709 16 1717 16 1718 16 1719 16 1720 16 1721 16 1721 16 1720 16 1722 16 1721 16 1722 16 1723 16 1723 16 1722 16 1709 16 1723 16 1709 16 1713 16 1713 16 1709 16 1718 16 1713 16 1718 16 1715 16 1724 578 1709 578 1725 578 1725 622 1709 622 1722 622 1725 623 1722 623 1726 623 1720 611 1727 611 1722 611 1722 624 1727 624 1728 624 1722 625 1728 625 1726 625 1729 626 1730 626 1719 626 1719 585 1730 585 1731 585 1719 627 1731 627 1720 627 1720 628 1731 628 1732 628 1720 601 1732 601 1727 601 1729 629 1719 629 1733 629 1733 590 1719 590 1721 590 1733 630 1721 630 1734 630 1734 631 1721 631 1723 631 1734 632 1723 632 1735 632 1735 633 1723 633 1736 633 1736 634 1723 634 1713 634 1736 604 1713 604 1737 604 1738 16 1739 16 1740 16 1740 16 1739 16 1741 16 1740 16 1741 16 1742 16 1743 16 1744 16 1745 16 1745 16 1744 16 1746 16 1745 16 1746 16 1747 16 1742 16 1743 16 1740 16 1740 16 1743 16 1745 16 1740 16 1745 16 1748 16 1748 16 1745 16 1749 16 1749 16 1750 16 1748 16 1748 16 1750 16 1751 16 1748 16 1751 16 1752 16 1753 578 1740 578 1754 578 1754 579 1740 579 1748 579 1754 580 1748 580 1755 580 1752 635 1756 635 1748 635 1748 636 1756 636 1757 636 1748 583 1757 583 1755 583 1758 637 1759 637 1751 637 1751 638 1759 638 1760 638 1751 639 1760 639 1752 639 1752 640 1760 640 1761 640 1752 641 1761 641 1756 641 1758 642 1751 642 1762 642 1762 643 1751 643 1750 643 1762 591 1750 591 1763 591 1763 644 1750 644 1749 644 1763 645 1749 645 1764 645 1764 646 1749 646 1765 646 1765 647 1749 647 1745 647 1765 648 1745 648 1766 648 1767 16 1768 16 1769 16 1770 16 1771 16 1772 16 1772 16 1771 16 1773 16 1772 16 1773 16 1774 16 1769 16 1775 16 1767 16 1767 16 1775 16 1776 16 1767 16 1776 16 1770 16 1777 16 1778 16 1779 16 1770 16 1772 16 1767 16 1767 16 1772 16 1780 16 1767 16 1780 16 1779 16 1779 16 1780 16 1781 16 1779 16 1781 16 1777 16 1782 578 1767 578 1783 578 1783 622 1767 622 1779 622 1783 623 1779 623 1784 623 1778 611 1785 611 1779 611 1779 624 1785 624 1786 624 1779 625 1786 625 1784 625 1787 626 1788 626 1777 626 1777 585 1788 585 1789 585 1777 627 1789 627 1778 627 1778 628 1789 628 1790 628 1778 601 1790 601 1785 601 1787 629 1777 629 1791 629 1791 590 1777 590 1781 590 1791 630 1781 630 1792 630 1792 649 1781 649 1780 649 1792 650 1780 650 1793 650 1793 594 1780 594 1794 594 1794 651 1780 651 1772 651 1794 648 1772 648 1795 648 1796 16 1797 16 1798 16 1798 16 1797 16 1799 16 1798 16 1799 16 1800 16 1801 16 1802 16 1803 16 1803 16 1804 16 1801 16 1801 16 1804 16 1805 16 1801 16 1805 16 1796 16 1796 16 1798 16 1801 16 1801 16 1798 16 1806 16 1801 16 1806 16 1807 16 1807 16 1808 16 1801 16 1801 16 1808 16 1809 16 1801 16 1809 16 1810 16 1811 652 1801 652 1812 652 1812 653 1801 653 1810 653 1812 580 1810 580 1813 580 1809 654 1814 654 1810 654 1810 655 1814 655 1815 655 1810 656 1815 656 1813 656 1816 657 1817 657 1808 657 1808 658 1817 658 1818 658 1808 659 1818 659 1809 659 1809 660 1818 660 1819 660 1809 661 1819 661 1814 661 1816 662 1808 662 1820 662 1820 663 1808 663 1807 663 1820 664 1807 664 1821 664 1821 665 1807 665 1806 665 1821 666 1806 666 1822 666 1822 594 1806 594 1823 594 1823 651 1806 651 1798 651 1823 648 1798 648 1824 648 1825 16 1826 16 1827 16 1827 16 1826 16 1828 16 1827 16 1828 16 1829 16 1830 16 1831 16 1832 16 1832 16 1831 16 1833 16 1832 16 1833 16 1834 16 1829 16 1830 16 1827 16 1827 16 1830 16 1832 16 1827 16 1832 16 1835 16 1835 16 1832 16 1836 16 1836 16 1837 16 1835 16 1835 16 1837 16 1838 16 1835 16 1838 16 1839 16 1840 652 1827 652 1841 652 1841 667 1827 667 1835 667 1841 668 1835 668 1842 668 1839 669 1843 669 1835 669 1835 670 1843 670 1844 670 1835 671 1844 671 1842 671 1845 672 1846 672 1838 672 1838 658 1846 658 1847 658 1838 673 1847 673 1839 673 1839 674 1847 674 1848 674 1839 675 1848 675 1843 675 1845 676 1838 676 1849 676 1849 677 1838 677 1837 677 1849 678 1837 678 1850 678 1850 679 1837 679 1836 679 1850 680 1836 680 1851 680 1851 681 1836 681 1852 681 1852 682 1836 682 1832 682 1852 683 1832 683 1853 683 1854 16 1855 16 1856 16 1857 16 1858 16 1854 16 1859 16 1860 16 1861 16 1861 16 1860 16 1862 16 1856 16 1863 16 1854 16 1854 16 1863 16 1864 16 1854 16 1864 16 1865 16 1866 16 1867 16 1868 16 1868 16 1857 16 1866 16 1866 16 1857 16 1854 16 1866 16 1854 16 1860 16 1860 16 1854 16 1865 16 1860 16 1865 16 1862 16 1869 684 1854 684 1870 684 1870 685 1854 685 1858 685 1870 686 1858 686 1871 686 1857 687 1872 687 1858 687 1858 688 1872 688 1873 688 1858 689 1873 689 1871 689 1874 690 1875 690 1868 690 1868 691 1875 691 1876 691 1868 692 1876 692 1857 692 1857 693 1876 693 1877 693 1857 694 1877 694 1872 694 1874 695 1868 695 1878 695 1878 696 1868 696 1867 696 1878 697 1867 697 1879 697 1879 698 1867 698 1866 698 1879 699 1866 699 1880 699 1880 700 1866 700 1881 700 1881 701 1866 701 1860 701 1881 702 1860 702 1882 702 1883 16 1884 16 1885 16 1885 16 1884 16 1886 16 1885 16 1886 16 1887 16 1888 16 1889 16 1890 16 1890 16 1891 16 1888 16 1888 16 1891 16 1892 16 1888 16 1892 16 1883 16 1883 16 1885 16 1888 16 1888 16 1885 16 1893 16 1888 16 1893 16 1894 16 1894 16 1895 16 1888 16 1888 16 1895 16 1896 16 1888 16 1896 16 1897 16 1898 703 1888 703 1899 703 1899 704 1888 704 1897 704 1899 668 1897 668 1900 668 1896 705 1901 705 1897 705 1897 655 1901 655 1902 655 1897 671 1902 671 1900 671 1903 672 1904 672 1895 672 1895 658 1904 658 1905 658 1895 673 1905 673 1896 673 1896 674 1905 674 1906 674 1896 706 1906 706 1901 706 1903 676 1895 676 1907 676 1907 677 1895 677 1894 677 1907 678 1894 678 1908 678 1908 679 1894 679 1893 679 1908 680 1893 680 1909 680 1909 681 1893 681 1910 681 1910 707 1893 707 1885 707 1910 648 1885 648 1911 648 1912 16 1913 16 1914 16 1914 16 1913 16 1915 16 1914 16 1915 16 1916 16 1917 16 1918 16 1919 16 1919 16 1918 16 1920 16 1919 16 1920 16 1921 16 1916 16 1917 16 1914 16 1914 16 1917 16 1919 16 1914 16 1919 16 1922 16 1922 16 1919 16 1923 16 1923 16 1924 16 1922 16 1922 16 1924 16 1925 16 1922 16 1925 16 1926 16 1927 652 1914 652 1928 652 1928 708 1914 708 1922 708 1928 709 1922 709 1929 709 1926 710 1930 710 1922 710 1922 711 1930 711 1931 711 1922 712 1931 712 1929 712 1932 713 1933 713 1925 713 1925 658 1933 658 1934 658 1925 659 1934 659 1926 659 1926 660 1934 660 1935 660 1926 661 1935 661 1930 661 1932 714 1925 714 1936 714 1936 663 1925 663 1924 663 1936 664 1924 664 1937 664 1937 644 1924 644 1923 644 1937 715 1923 715 1938 715 1938 716 1923 716 1939 716 1939 717 1923 717 1919 717 1939 648 1919 648 1940 648 1941 16 1942 16 1943 16 1944 16 1945 16 1946 16 1946 16 1945 16 1947 16 1944 16 1948 16 1945 16 1945 16 1948 16 1949 16 1945 16 1949 16 1943 16 1943 16 1949 16 1950 16 1943 16 1950 16 1941 16 1943 16 1951 16 1952 16 1953 16 1945 16 1954 16 1954 16 1945 16 1943 16 1954 16 1943 16 1955 16 1955 16 1943 16 1952 16 1956 718 1945 718 1957 718 1957 719 1945 719 1953 719 1957 720 1953 720 1958 720 1954 611 1959 611 1953 611 1953 624 1959 624 1960 624 1953 625 1960 625 1958 625 1961 721 1962 721 1955 721 1955 638 1962 638 1963 638 1955 722 1963 722 1954 722 1954 628 1963 628 1964 628 1954 601 1964 601 1959 601 1961 723 1955 723 1965 723 1965 643 1955 643 1952 643 1965 591 1952 591 1966 591 1966 592 1952 592 1951 592 1966 593 1951 593 1967 593 1967 594 1951 594 1968 594 1968 651 1951 651 1943 651 1968 648 1943 648 1969 648 1970 16 1971 16 1972 16 1973 16 1974 16 1975 16 1975 16 1974 16 1976 16 1977 16 1978 16 1970 16 1972 16 1979 16 1970 16 1970 16 1979 16 1980 16 1970 16 1980 16 1981 16 1982 16 1983 16 1984 16 1984 16 1977 16 1982 16 1982 16 1977 16 1970 16 1982 16 1970 16 1974 16 1974 16 1970 16 1981 16 1974 16 1981 16 1976 16 1985 578 1970 578 1986 578 1986 579 1970 579 1978 579 1986 580 1978 580 1987 580 1977 635 1988 635 1978 635 1978 636 1988 636 1989 636 1978 583 1989 583 1987 583 1990 626 1991 626 1984 626 1984 585 1991 585 1992 585 1984 627 1992 627 1977 627 1977 724 1992 724 1993 724 1977 641 1993 641 1988 641 1990 629 1984 629 1994 629 1994 725 1984 725 1983 725 1994 726 1983 726 1995 726 1995 644 1983 644 1982 644 1995 650 1982 650 1996 650 1996 594 1982 594 1997 594 1997 595 1982 595 1974 595 1997 596 1974 596 1998 596 1999 16 2000 16 2001 16 2002 16 2003 16 2004 16 2004 16 2003 16 2005 16 2006 16 2007 16 1999 16 2001 16 2008 16 1999 16 1999 16 2008 16 2009 16 1999 16 2009 16 2010 16 2011 16 2012 16 2013 16 2013 16 2006 16 2011 16 2011 16 2006 16 1999 16 2011 16 1999 16 2003 16 2003 16 1999 16 2010 16 2003 16 2010 16 2005 16 2014 578 1999 578 2015 578 2015 579 1999 579 2007 579 2015 580 2007 580 2016 580 2006 635 2017 635 2007 635 2007 636 2017 636 2018 636 2007 583 2018 583 2016 583 2019 721 2020 721 2013 721 2013 638 2020 638 2021 638 2013 722 2021 722 2006 722 2006 628 2021 628 2022 628 2006 601 2022 601 2017 601 2019 723 2013 723 2023 723 2023 643 2013 643 2012 643 2023 591 2012 591 2024 591 2024 592 2012 592 2011 592 2024 593 2011 593 2025 593 2025 594 2011 594 2026 594 2026 651 2011 651 2003 651 2026 648 2003 648 2027 648 2028 16 2029 16 2030 16 2031 16 2032 16 2033 16 2033 16 2032 16 2034 16 2035 16 2036 16 2028 16 2030 16 2037 16 2028 16 2028 16 2037 16 2038 16 2028 16 2038 16 2039 16 2040 16 2041 16 2042 16 2042 16 2035 16 2040 16 2040 16 2035 16 2028 16 2040 16 2028 16 2032 16 2032 16 2028 16 2039 16 2032 16 2039 16 2034 16 2043 727 2028 727 2044 727 2044 728 2028 728 2036 728 2044 580 2036 580 2045 580 2035 611 2046 611 2036 611 2036 620 2046 620 2047 620 2036 729 2047 729 2045 729 2048 730 2049 730 2042 730 2042 731 2049 731 2050 731 2042 732 2050 732 2035 732 2035 600 2050 600 2051 600 2035 601 2051 601 2046 601 2048 733 2042 733 2052 733 2052 734 2042 734 2041 734 2052 591 2041 591 2053 591 2053 592 2041 592 2040 592 2053 593 2040 593 2054 593 2054 594 2040 594 2055 594 2055 603 2040 603 2032 603 2055 604 2032 604 2056 604 2057 16 2058 16 2059 16 2060 16 2061 16 2062 16 2062 16 2061 16 2063 16 2064 16 2065 16 2057 16 2059 16 2066 16 2057 16 2057 16 2066 16 2067 16 2057 16 2067 16 2068 16 2069 16 2070 16 2071 16 2071 16 2064 16 2069 16 2069 16 2064 16 2057 16 2069 16 2057 16 2061 16 2061 16 2057 16 2068 16 2061 16 2068 16 2063 16 2072 578 2057 578 2073 578 2073 579 2057 579 2065 579 2073 580 2065 580 2074 580 2064 611 2075 611 2065 611 2065 582 2075 582 2076 582 2065 583 2076 583 2074 583 2077 584 2078 584 2071 584 2071 585 2078 585 2079 585 2071 612 2079 612 2064 612 2064 613 2079 613 2080 613 2064 601 2080 601 2075 601 2077 589 2071 589 2081 589 2081 614 2071 614 2070 614 2081 615 2070 615 2082 615 2082 616 2070 616 2069 616 2082 617 2069 617 2083 617 2083 594 2069 594 2084 594 2084 595 2069 595 2061 595 2084 596 2061 596 2085 596 2086 16 2087 16 2088 16 2089 16 2090 16 2091 16 2091 16 2090 16 2092 16 2093 16 2090 16 2088 16 2089 16 2094 16 2090 16 2090 16 2094 16 2095 16 2090 16 2095 16 2088 16 2088 16 2095 16 2096 16 2088 16 2096 16 2086 16 2097 16 2098 16 2099 16 2099 16 2098 16 2093 16 2099 16 2093 16 2100 16 2100 16 2093 16 2088 16 2101 727 2090 727 2102 727 2102 728 2090 728 2093 728 2102 580 2093 580 2103 580 2098 611 2104 611 2093 611 2093 582 2104 582 2105 582 2093 583 2105 583 2103 583 2106 730 2107 730 2097 730 2097 731 2107 731 2108 731 2097 732 2108 732 2098 732 2098 600 2108 600 2109 600 2098 601 2109 601 2104 601 2106 733 2097 733 2110 733 2110 734 2097 734 2099 734 2110 591 2099 591 2111 591 2111 616 2099 616 2100 616 2111 632 2100 632 2112 632 2112 633 2100 633 2113 633 2113 634 2100 634 2088 634 2113 604 2088 604 2114 604 2115 16 2116 16 2117 16 2118 16 2119 16 2120 16 2120 16 2119 16 2121 16 2118 16 2122 16 2119 16 2119 16 2122 16 2123 16 2119 16 2123 16 2117 16 2117 16 2123 16 2124 16 2117 16 2124 16 2115 16 2125 16 2126 16 2127 16 2117 16 2128 16 2119 16 2119 16 2128 16 2125 16 2119 16 2125 16 2129 16 2129 16 2125 16 2127 16 2130 727 2119 727 2131 727 2131 728 2119 728 2129 728 2131 580 2129 580 2132 580 2127 611 2133 611 2129 611 2129 620 2133 620 2134 620 2129 729 2134 729 2132 729 2135 730 2136 730 2126 730 2126 731 2136 731 2137 731 2126 732 2137 732 2127 732 2127 600 2137 600 2138 600 2127 601 2138 601 2133 601 2135 733 2126 733 2139 733 2139 734 2126 734 2125 734 2139 591 2125 591 2140 591 2140 616 2125 616 2128 616 2140 632 2128 632 2141 632 2141 633 2128 633 2142 633 2142 634 2128 634 2117 634 2142 604 2117 604 2143 604 2144 735 142 735 141 735 2145 736 145 736 143 736 2146 737 137 737 146 737 195 738 135 738 137 738 137 739 2146 739 195 739 195 740 2146 740 2147 740 195 741 2147 741 196 741 196 742 2147 742 2148 742 196 743 2148 743 197 743 197 744 2148 744 2149 744 197 745 2149 745 204 745 203 746 204 746 2150 746 2150 747 204 747 2149 747 2150 748 2149 748 2151 748 2152 749 2151 749 2153 749 2154 750 2155 750 2156 750 141 751 2157 751 2144 751 2144 752 2157 752 2158 752 2144 753 2158 753 2159 753 2159 754 2158 754 2160 754 2159 755 2160 755 2161 755 2161 756 2160 756 2154 756 2161 757 2154 757 2162 757 2162 758 2154 758 2156 758 2162 759 2156 759 2152 759 2152 760 2153 760 2162 760 2162 761 2153 761 2163 761 2162 762 2163 762 2161 762 2161 763 2163 763 2164 763 2161 764 2164 764 2159 764 2159 765 2164 765 2145 765 2159 766 2145 766 2144 766 2144 767 2145 767 143 767 2144 768 143 768 142 768 2151 769 2149 769 2153 769 2153 770 2149 770 2148 770 2153 771 2148 771 2163 771 2163 772 2148 772 2147 772 2163 773 2147 773 2164 773 2164 774 2147 774 2146 774 2164 775 2146 775 2145 775 2145 776 2146 776 146 776 2145 777 146 777 145 777 147 778 2165 778 141 778 141 778 2165 778 2157 778 2157 779 2165 779 2158 779 2158 779 2165 779 2166 779 2158 780 2166 780 2160 780 2166 780 2167 780 2160 780 2160 781 2167 781 2168 781 2160 781 2168 781 2154 781 2154 782 2168 782 2169 782 2154 782 2169 782 2155 782 2170 783 2171 783 2169 783 2171 784 2170 784 2172 784 2173 785 2172 785 2174 785 2175 786 2173 786 2176 786 126 787 2175 787 129 787 129 788 2175 788 2176 788 129 789 2176 789 2177 789 127 790 128 790 2177 790 2177 791 128 791 130 791 2177 792 130 792 129 792 2177 793 2178 793 127 793 127 794 2178 794 2179 794 127 795 2179 795 131 795 131 796 2179 796 156 796 131 797 156 797 132 797 2180 798 153 798 154 798 2165 799 147 799 149 799 2173 800 2174 800 2176 800 2176 801 2174 801 2181 801 2176 802 2181 802 2177 802 2177 803 2181 803 2182 803 2177 804 2182 804 2178 804 2178 805 2182 805 2180 805 2178 806 2180 806 2179 806 2179 807 2180 807 154 807 2179 808 154 808 156 808 2172 809 2170 809 2174 809 2174 810 2170 810 2183 810 2174 811 2183 811 2181 811 2181 812 2183 812 2184 812 2181 813 2184 813 2182 813 2182 814 2184 814 2185 814 2182 815 2185 815 2180 815 2180 816 2185 816 151 816 2180 817 151 817 153 817 2169 818 2168 818 2170 818 2170 819 2168 819 2167 819 2170 820 2167 820 2183 820 2183 821 2167 821 2166 821 2183 822 2166 822 2184 822 2184 823 2166 823 2165 823 2184 824 2165 824 2185 824 2185 825 2165 825 149 825 2185 826 149 826 151 826 2186 827 2187 827 2188 827 2188 828 2187 828 2130 828 2188 829 2130 829 2189 829 2190 830 2191 830 2143 830 2143 831 2191 831 2142 831 2192 832 2139 832 2193 832 2193 833 2139 833 2140 833 2193 834 2140 834 2191 834 2191 835 2140 835 2141 835 2191 836 2141 836 2142 836 2194 837 2137 837 2195 837 2195 838 2137 838 2136 838 2195 839 2136 839 2192 839 2192 840 2136 840 2135 840 2192 841 2135 841 2139 841 2131 842 2132 842 2196 842 2196 843 2132 843 2134 843 2196 844 2134 844 2197 844 2197 845 2134 845 2133 845 2197 846 2133 846 2194 846 2194 847 2133 847 2138 847 2194 848 2138 848 2137 848 2196 849 2198 849 2131 849 2131 850 2198 850 2189 850 2131 851 2189 851 2130 851 2190 852 2143 852 2199 852 2199 853 2143 853 2200 853 2199 854 2200 854 2201 854 2202 855 2203 855 2204 855 2204 856 2203 856 2187 856 2204 857 2187 857 2186 857 2202 858 2204 858 2205 858 2205 859 2204 859 2206 859 2205 860 2206 860 2207 860 2207 861 2206 861 2208 861 2207 862 2208 862 2209 862 2209 863 2208 863 2210 863 2209 864 2210 864 2211 864 2212 865 2213 865 2214 865 2214 866 2213 866 2215 866 2214 867 2215 867 2210 867 2210 868 2215 868 2216 868 2210 869 2216 869 2211 869 2217 870 2218 870 2219 870 2219 871 2218 871 2220 871 2219 872 2220 872 2212 872 2212 873 2220 873 2221 873 2212 874 2221 874 2213 874 2219 875 2222 875 2217 875 2217 876 2222 876 2201 876 2217 877 2201 877 2200 877 2223 827 2224 827 2225 827 2225 828 2224 828 1637 828 2225 829 1637 829 2226 829 2227 830 2228 830 1650 830 1650 878 2228 878 1649 878 2229 879 1646 879 2230 879 2230 880 1646 880 1647 880 2230 834 1647 834 2228 834 2228 881 1647 881 1648 881 2228 882 1648 882 1649 882 2231 883 1644 883 2232 883 2232 884 1644 884 1643 884 2232 885 1643 885 2229 885 2229 886 1643 886 1642 886 2229 887 1642 887 1646 887 1638 842 1639 842 2233 842 2233 888 1639 888 1641 888 2233 889 1641 889 2234 889 2234 890 1641 890 1640 890 2234 846 1640 846 2231 846 2231 847 1640 847 1645 847 2231 891 1645 891 1644 891 2233 892 2235 892 1638 892 1638 893 2235 893 2226 893 1638 894 2226 894 1637 894 2227 852 1650 852 2236 852 2236 853 1650 853 2237 853 2236 854 2237 854 2238 854 2239 855 2240 855 2241 855 2241 895 2240 895 2224 895 2241 896 2224 896 2223 896 2239 858 2241 858 2242 858 2242 897 2241 897 2243 897 2242 898 2243 898 2244 898 2244 899 2243 899 2245 899 2244 900 2245 900 2246 900 2246 901 2245 901 2247 901 2246 902 2247 902 2248 902 2249 903 2250 903 2251 903 2251 904 2250 904 2252 904 2251 867 2252 867 2247 867 2247 868 2252 868 2253 868 2247 869 2253 869 2248 869 2254 870 2255 870 2256 870 2256 905 2255 905 2257 905 2256 906 2257 906 2249 906 2249 873 2257 873 2258 873 2249 874 2258 874 2250 874 2256 907 2259 907 2254 907 2254 908 2259 908 2238 908 2254 877 2238 877 2237 877 2260 827 2261 827 2262 827 2262 828 2261 828 1666 828 2262 829 1666 829 2263 829 2264 909 2265 909 1679 909 1679 878 2265 878 1678 878 2266 879 1675 879 2267 879 2267 910 1675 910 1676 910 2267 911 1676 911 2265 911 2265 912 1676 912 1677 912 2265 882 1677 882 1678 882 2268 837 1673 837 2269 837 2269 838 1673 838 1672 838 2269 839 1672 839 2266 839 2266 840 1672 840 1671 840 2266 841 1671 841 1675 841 1667 842 1668 842 2270 842 2270 888 1668 888 1670 888 2270 889 1670 889 2271 889 2271 890 1670 890 1669 890 2271 913 1669 913 2268 913 2268 914 1669 914 1674 914 2268 915 1674 915 1673 915 2270 892 2272 892 1667 892 1667 893 2272 893 2263 893 1667 894 2263 894 1666 894 2264 916 1679 916 2273 916 2273 917 1679 917 2274 917 2273 918 2274 918 2275 918 2276 919 2277 919 2278 919 2278 856 2277 856 2261 856 2278 857 2261 857 2260 857 2276 920 2278 920 2279 920 2279 921 2278 921 2280 921 2279 898 2280 898 2281 898 2281 899 2280 899 2282 899 2281 900 2282 900 2283 900 2283 922 2282 922 2284 922 2283 923 2284 923 2285 923 2286 903 2287 903 2288 903 2288 904 2287 904 2289 904 2288 924 2289 924 2284 924 2284 925 2289 925 2290 925 2284 926 2290 926 2285 926 2291 927 2292 927 2293 927 2293 928 2292 928 2294 928 2293 872 2294 872 2286 872 2286 873 2294 873 2295 873 2286 874 2295 874 2287 874 2293 929 2296 929 2291 929 2291 930 2296 930 2275 930 2291 931 2275 931 2274 931 2297 827 2298 827 2299 827 2299 828 2298 828 1695 828 2299 829 1695 829 2300 829 2301 830 2302 830 1708 830 1708 831 2302 831 1707 831 2303 832 1704 832 2304 832 2304 833 1704 833 1705 833 2304 834 1705 834 2302 834 2302 835 1705 835 1706 835 2302 836 1706 836 1707 836 2305 837 1702 837 2306 837 2306 838 1702 838 1701 838 2306 839 1701 839 2303 839 2303 840 1701 840 1700 840 2303 841 1700 841 1704 841 1696 932 1697 932 2307 932 2307 933 1697 933 1699 933 2307 934 1699 934 2308 934 2308 935 1699 935 1698 935 2308 936 1698 936 2305 936 2305 847 1698 847 1703 847 2305 848 1703 848 1702 848 2307 937 2309 937 1696 937 1696 893 2309 893 2300 893 1696 894 2300 894 1695 894 2301 852 1708 852 2310 852 2310 853 1708 853 2311 853 2310 854 2311 854 2312 854 2313 855 2314 855 2315 855 2315 856 2314 856 2298 856 2315 857 2298 857 2297 857 2313 858 2315 858 2316 858 2316 859 2315 859 2317 859 2316 860 2317 860 2318 860 2318 861 2317 861 2319 861 2318 862 2319 862 2320 862 2320 863 2319 863 2321 863 2320 923 2321 923 2322 923 2323 865 2324 865 2325 865 2325 938 2324 938 2326 938 2325 939 2326 939 2321 939 2321 925 2326 925 2327 925 2321 926 2327 926 2322 926 2328 940 2329 940 2330 940 2330 871 2329 871 2331 871 2330 872 2331 872 2323 872 2323 873 2331 873 2332 873 2323 874 2332 874 2324 874 2330 929 2333 929 2328 929 2328 930 2333 930 2312 930 2328 941 2312 941 2311 941 2334 827 2335 827 2336 827 2336 828 2335 828 1724 828 2336 829 1724 829 2337 829 2338 830 2339 830 1737 830 1737 831 2339 831 1736 831 2340 942 1733 942 2341 942 2341 943 1733 943 1734 943 2341 834 1734 834 2339 834 2339 835 1734 835 1735 835 2339 836 1735 836 1736 836 2342 944 1731 944 2343 944 2343 945 1731 945 1730 945 2343 946 1730 946 2340 946 2340 947 1730 947 1729 947 2340 948 1729 948 1733 948 1725 949 1726 949 2344 949 2344 950 1726 950 1728 950 2344 951 1728 951 2345 951 2345 952 1728 952 1727 952 2345 953 1727 953 2342 953 2342 847 1727 847 1732 847 2342 954 1732 954 1731 954 2344 955 2346 955 1725 955 1725 893 2346 893 2337 893 1725 894 2337 894 1724 894 2338 852 1737 852 2347 852 2347 853 1737 853 2348 853 2347 854 2348 854 2349 854 2350 855 2351 855 2352 855 2352 956 2351 956 2335 956 2352 957 2335 957 2334 957 2350 858 2352 858 2353 858 2353 958 2352 958 2354 958 2353 959 2354 959 2355 959 2355 960 2354 960 2356 960 2355 961 2356 961 2357 961 2357 962 2356 962 2358 962 2357 963 2358 963 2359 963 2360 964 2361 964 2362 964 2362 965 2361 965 2363 965 2362 966 2363 966 2358 966 2358 967 2363 967 2364 967 2358 968 2364 968 2359 968 2365 870 2366 870 2367 870 2367 969 2366 969 2368 969 2367 970 2368 970 2360 970 2360 873 2368 873 2369 873 2360 874 2369 874 2361 874 2367 907 2370 907 2365 907 2365 908 2370 908 2349 908 2365 877 2349 877 2348 877 2371 971 2372 971 2373 971 2373 972 2372 972 1753 972 2373 973 1753 973 2374 973 2375 974 2376 974 1766 974 1766 975 2376 975 1765 975 2377 832 1762 832 2378 832 2378 833 1762 833 1763 833 2378 976 1763 976 2376 976 2376 977 1763 977 1764 977 2376 978 1764 978 1765 978 2379 837 1760 837 2380 837 2380 838 1760 838 1759 838 2380 839 1759 839 2377 839 2377 840 1759 840 1758 840 2377 841 1758 841 1762 841 1754 949 1755 949 2381 949 2381 950 1755 950 1757 950 2381 951 1757 951 2382 951 2382 952 1757 952 1756 952 2382 953 1756 953 2379 953 2379 979 1756 979 1761 979 2379 980 1761 980 1760 980 2381 981 2383 981 1754 981 1754 982 2383 982 2374 982 1754 983 2374 983 1753 983 2375 984 1766 984 2384 984 2384 985 1766 985 2385 985 2384 986 2385 986 2386 986 2387 987 2388 987 2389 987 2389 956 2388 956 2372 956 2389 988 2372 988 2371 988 2387 989 2389 989 2390 989 2390 990 2389 990 2391 990 2390 959 2391 959 2392 959 2392 960 2391 960 2393 960 2392 961 2393 961 2394 961 2394 991 2393 991 2395 991 2394 992 2395 992 2396 992 2397 993 2398 993 2399 993 2399 994 2398 994 2400 994 2399 995 2400 995 2395 995 2395 967 2400 967 2401 967 2395 968 2401 968 2396 968 2402 996 2403 996 2404 996 2404 997 2403 997 2405 997 2404 998 2405 998 2397 998 2397 999 2405 999 2406 999 2397 1000 2406 1000 2398 1000 2404 1001 2407 1001 2402 1001 2402 1002 2407 1002 2386 1002 2402 1003 2386 1003 2385 1003 2408 827 2409 827 2410 827 2410 828 2409 828 1782 828 2410 829 1782 829 2411 829 2412 830 2413 830 1795 830 1795 975 2413 975 1794 975 2414 942 1791 942 2415 942 2415 943 1791 943 1792 943 2415 834 1792 834 2413 834 2413 1004 1792 1004 1793 1004 2413 978 1793 978 1794 978 2416 944 1789 944 2417 944 2417 945 1789 945 1788 945 2417 946 1788 946 2414 946 2414 947 1788 947 1787 947 2414 948 1787 948 1791 948 1783 949 1784 949 2418 949 2418 950 1784 950 1786 950 2418 951 1786 951 2419 951 2419 952 1786 952 1785 952 2419 953 1785 953 2416 953 2416 847 1785 847 1790 847 2416 954 1790 954 1789 954 2418 955 2420 955 1783 955 1783 893 2420 893 2411 893 1783 894 2411 894 1782 894 2412 852 1795 852 2421 852 2421 853 1795 853 2422 853 2421 854 2422 854 2423 854 2424 1005 2425 1005 2426 1005 2426 1006 2425 1006 2409 1006 2426 957 2409 957 2408 957 2424 858 2426 858 2427 858 2427 958 2426 958 2428 958 2427 959 2428 959 2429 959 2429 960 2428 960 2430 960 2429 961 2430 961 2431 961 2431 991 2430 991 2432 991 2431 923 2432 923 2433 923 2434 964 2435 964 2436 964 2436 965 2435 965 2437 965 2436 1007 2437 1007 2432 1007 2432 1008 2437 1008 2438 1008 2432 1009 2438 1009 2433 1009 2439 1010 2440 1010 2441 1010 2441 969 2440 969 2442 969 2441 970 2442 970 2434 970 2434 873 2442 873 2443 873 2434 874 2443 874 2435 874 2441 1001 2444 1001 2439 1001 2439 1002 2444 1002 2423 1002 2439 1011 2423 1011 2422 1011 2445 1012 2446 1012 2447 1012 2447 1013 2446 1013 1811 1013 2447 1014 1811 1014 2448 1014 2449 830 2450 830 1824 830 1824 975 2450 975 1823 975 2451 942 1820 942 2452 942 2452 1015 1820 1015 1821 1015 2452 1016 1821 1016 2450 1016 2450 1017 1821 1017 1822 1017 2450 978 1822 978 1823 978 2453 1018 1818 1018 2454 1018 2454 945 1818 945 1817 945 2454 946 1817 946 2451 946 2451 947 1817 947 1816 947 2451 948 1816 948 1820 948 1812 1019 1813 1019 2455 1019 2455 1020 1813 1020 1815 1020 2455 1021 1815 1021 2456 1021 2456 1022 1815 1022 1814 1022 2456 1023 1814 1023 2453 1023 2453 1024 1814 1024 1819 1024 2453 1025 1819 1025 1818 1025 2455 1026 2457 1026 1812 1026 1812 1027 2457 1027 2448 1027 1812 1028 2448 1028 1811 1028 2449 852 1824 852 2458 852 2458 853 1824 853 2459 853 2458 854 2459 854 2460 854 2461 1029 2462 1029 2463 1029 2463 1030 2462 1030 2446 1030 2463 1031 2446 1031 2445 1031 2461 1032 2463 1032 2464 1032 2464 958 2463 958 2465 958 2464 1033 2465 1033 2466 1033 2466 1034 2465 1034 2467 1034 2466 1035 2467 1035 2468 1035 2468 1036 2467 1036 2469 1036 2468 1037 2469 1037 2470 1037 2471 1038 2472 1038 2473 1038 2473 1039 2472 1039 2474 1039 2473 995 2474 995 2469 995 2469 967 2474 967 2475 967 2469 968 2475 968 2470 968 2476 996 2477 996 2478 996 2478 1040 2477 1040 2479 1040 2478 1041 2479 1041 2471 1041 2471 873 2479 873 2480 873 2471 874 2480 874 2472 874 2478 1042 2481 1042 2476 1042 2476 1043 2481 1043 2460 1043 2476 1044 2460 1044 2459 1044 2482 1045 2483 1045 2484 1045 2484 1046 2483 1046 1840 1046 2484 1047 1840 1047 2485 1047 2486 1048 2487 1048 1853 1048 1853 1049 2487 1049 1852 1049 2488 942 1849 942 2489 942 2489 1015 1849 1015 1850 1015 2489 1050 1850 1050 2487 1050 2487 1051 1850 1051 1851 1051 2487 1052 1851 1052 1852 1052 2490 1053 1847 1053 2491 1053 2491 945 1847 945 1846 945 2491 1054 1846 1054 2488 1054 2488 1055 1846 1055 1845 1055 2488 1056 1845 1056 1849 1056 1841 1019 1842 1019 2492 1019 2492 1057 1842 1057 1844 1057 2492 1058 1844 1058 2493 1058 2493 1059 1844 1059 1843 1059 2493 1023 1843 1023 2490 1023 2490 1060 1843 1060 1848 1060 2490 1061 1848 1061 1847 1061 2492 1026 2494 1026 1841 1026 1841 1062 2494 1062 2485 1062 1841 1063 2485 1063 1840 1063 2486 1064 1853 1064 2495 1064 2495 1065 1853 1065 2496 1065 2495 1066 2496 1066 2497 1066 2498 1067 2499 1067 2500 1067 2500 1068 2499 1068 2483 1068 2500 1069 2483 1069 2482 1069 2498 1070 2500 1070 2501 1070 2501 1071 2500 1071 2502 1071 2501 1072 2502 1072 2503 1072 2503 1073 2502 1073 2504 1073 2503 1074 2504 1074 2505 1074 2505 1075 2504 1075 2506 1075 2505 1076 2506 1076 2507 1076 2508 1077 2509 1077 2510 1077 2510 1078 2509 1078 2511 1078 2510 1079 2511 1079 2506 1079 2506 1080 2511 1080 2512 1080 2506 1081 2512 1081 2507 1081 2513 1082 2514 1082 2515 1082 2515 1083 2514 1083 2516 1083 2515 1084 2516 1084 2508 1084 2508 1085 2516 1085 2517 1085 2508 1086 2517 1086 2509 1086 2515 1087 2518 1087 2513 1087 2513 1043 2518 1043 2497 1043 2513 1088 2497 1088 2496 1088 2519 1089 2520 1089 2521 1089 2521 1090 2520 1090 1869 1090 2521 1091 1869 1091 2522 1091 2523 1092 2524 1092 1882 1092 1882 1093 2524 1093 1881 1093 2525 1094 1878 1094 2526 1094 2526 1095 1878 1095 1879 1095 2526 1096 1879 1096 2524 1096 2524 1097 1879 1097 1880 1097 2524 1098 1880 1098 1881 1098 2527 1099 1876 1099 2528 1099 2528 1100 1876 1100 1875 1100 2528 1101 1875 1101 2525 1101 2525 1102 1875 1102 1874 1102 2525 1103 1874 1103 1878 1103 1870 1104 1871 1104 2529 1104 2529 1105 1871 1105 1873 1105 2529 1106 1873 1106 2530 1106 2530 1107 1873 1107 1872 1107 2530 1108 1872 1108 2527 1108 2527 1109 1872 1109 1877 1109 2527 1110 1877 1110 1876 1110 2529 1111 2531 1111 1870 1111 1870 1112 2531 1112 2522 1112 1870 1113 2522 1113 1869 1113 2523 1114 1882 1114 2532 1114 2532 1115 1882 1115 2533 1115 2532 1116 2533 1116 2534 1116 2535 1117 2536 1117 2537 1117 2537 1118 2536 1118 2520 1118 2537 1119 2520 1119 2519 1119 2535 1120 2537 1120 2538 1120 2538 1121 2537 1121 2539 1121 2538 1122 2539 1122 2540 1122 2540 1123 2539 1123 2541 1123 2540 1124 2541 1124 2542 1124 2542 1125 2541 1125 2543 1125 2542 1126 2543 1126 2544 1126 2545 1127 2546 1127 2547 1127 2547 1128 2546 1128 2548 1128 2547 1129 2548 1129 2543 1129 2543 1130 2548 1130 2549 1130 2543 1131 2549 1131 2544 1131 2550 1132 2551 1132 2552 1132 2552 1133 2551 1133 2553 1133 2552 1134 2553 1134 2545 1134 2545 1135 2553 1135 2554 1135 2545 1136 2554 1136 2546 1136 2552 1137 2555 1137 2550 1137 2550 1138 2555 1138 2534 1138 2550 1139 2534 1139 2533 1139 2556 1045 2557 1045 2558 1045 2558 1046 2557 1046 1898 1046 2558 1047 1898 1047 2559 1047 2560 1140 2561 1140 1911 1140 1911 1141 2561 1141 1910 1141 2562 1142 1907 1142 2563 1142 2563 1143 1907 1143 1908 1143 2563 1144 1908 1144 2561 1144 2561 1051 1908 1051 1909 1051 2561 1052 1909 1052 1910 1052 2564 1053 1905 1053 2565 1053 2565 945 1905 945 1904 945 2565 1054 1904 1054 2562 1054 2562 1055 1904 1055 1903 1055 2562 1056 1903 1056 1907 1056 1899 1145 1900 1145 2566 1145 2566 1146 1900 1146 1902 1146 2566 1147 1902 1147 2567 1147 2567 1148 1902 1148 1901 1148 2567 1149 1901 1149 2564 1149 2564 1150 1901 1150 1906 1150 2564 1061 1906 1061 1905 1061 2566 1151 2568 1151 1899 1151 1899 1152 2568 1152 2559 1152 1899 1153 2559 1153 1898 1153 2560 1064 1911 1064 2569 1064 2569 1065 1911 1065 2570 1065 2569 1066 2570 1066 2571 1066 2572 1029 2573 1029 2574 1029 2574 1030 2573 1030 2557 1030 2574 1154 2557 1154 2556 1154 2572 1155 2574 1155 2575 1155 2575 1156 2574 1156 2576 1156 2575 1157 2576 1157 2577 1157 2577 1073 2576 1073 2578 1073 2577 1074 2578 1074 2579 1074 2579 1158 2578 1158 2580 1158 2579 1159 2580 1159 2581 1159 2582 1077 2583 1077 2584 1077 2584 1078 2583 1078 2585 1078 2584 1160 2585 1160 2580 1160 2580 1161 2585 1161 2586 1161 2580 1081 2586 1081 2581 1081 2587 1162 2588 1162 2589 1162 2589 1163 2588 1163 2590 1163 2589 1164 2590 1164 2582 1164 2582 1085 2590 1085 2591 1085 2582 1086 2591 1086 2583 1086 2589 1165 2592 1165 2587 1165 2587 1166 2592 1166 2571 1166 2587 1167 2571 1167 2570 1167 2593 827 2594 827 2595 827 2595 828 2594 828 1927 828 2595 829 1927 829 2596 829 2597 1168 2598 1168 1940 1168 1940 975 2598 975 1939 975 2599 942 1936 942 2600 942 2600 1015 1936 1015 1937 1015 2600 1016 1937 1016 2598 1016 2598 1017 1937 1017 1938 1017 2598 978 1938 978 1939 978 2601 1169 1934 1169 2602 1169 2602 1170 1934 1170 1933 1170 2602 1171 1933 1171 2599 1171 2599 1172 1933 1172 1932 1172 2599 1173 1932 1173 1936 1173 1928 1019 1929 1019 2603 1019 2603 1174 1929 1174 1931 1174 2603 1175 1931 1175 2604 1175 2604 1176 1931 1176 1930 1176 2604 1023 1930 1023 2601 1023 2601 1024 1930 1024 1935 1024 2601 1025 1935 1025 1934 1025 2603 1026 2605 1026 1928 1026 1928 1152 2605 1152 2596 1152 1928 1177 2596 1177 1927 1177 2597 1178 1940 1178 2606 1178 2606 1179 1940 1179 2607 1179 2606 1180 2607 1180 2608 1180 2609 1181 2610 1181 2611 1181 2611 1182 2610 1182 2594 1182 2611 1183 2594 1183 2593 1183 2609 1070 2611 1070 2612 1070 2612 1184 2611 1184 2613 1184 2612 959 2613 959 2614 959 2614 960 2613 960 2615 960 2614 961 2615 961 2616 961 2616 1185 2615 1185 2617 1185 2616 1037 2617 1037 2618 1037 2619 1186 2620 1186 2621 1186 2621 1187 2620 1187 2622 1187 2621 1188 2622 1188 2617 1188 2617 967 2622 967 2623 967 2617 968 2623 968 2618 968 2624 1189 2625 1189 2626 1189 2626 1190 2625 1190 2627 1190 2626 1191 2627 1191 2619 1191 2619 1192 2627 1192 2628 1192 2619 1193 2628 1193 2620 1193 2626 1001 2629 1001 2624 1001 2624 1002 2629 1002 2608 1002 2624 1194 2608 1194 2607 1194 2630 827 2631 827 2632 827 2632 828 2631 828 1956 828 2632 829 1956 829 2633 829 2634 830 2635 830 1969 830 1969 975 2635 975 1968 975 2636 942 1965 942 2637 942 2637 1195 1965 1195 1966 1195 2637 1196 1966 1196 2635 1196 2635 977 1966 977 1967 977 2635 978 1967 978 1968 978 2638 1197 1963 1197 2639 1197 2639 945 1963 945 1962 945 2639 946 1962 946 2636 946 2636 947 1962 947 1961 947 2636 948 1961 948 1965 948 1957 1198 1958 1198 2640 1198 2640 950 1958 950 1960 950 2640 951 1960 951 2641 951 2641 952 1960 952 1959 952 2641 1199 1959 1199 2638 1199 2638 1200 1959 1200 1964 1200 2638 980 1964 980 1963 980 2640 1201 2642 1201 1957 1201 1957 982 2642 982 2633 982 1957 1202 2633 1202 1956 1202 2634 852 1969 852 2643 852 2643 853 1969 853 2644 853 2643 854 2644 854 2645 854 2646 1005 2647 1005 2648 1005 2648 1006 2647 1006 2631 1006 2648 957 2631 957 2630 957 2646 858 2648 858 2649 858 2649 958 2648 958 2650 958 2649 959 2650 959 2651 959 2651 960 2650 960 2652 960 2651 961 2652 961 2653 961 2653 991 2652 991 2654 991 2653 923 2654 923 2655 923 2656 964 2657 964 2658 964 2658 994 2657 994 2659 994 2658 995 2659 995 2654 995 2654 1203 2659 1203 2660 1203 2654 1009 2660 1009 2655 1009 2661 870 2662 870 2663 870 2663 969 2662 969 2664 969 2663 970 2664 970 2656 970 2656 873 2664 873 2665 873 2656 874 2665 874 2657 874 2663 1204 2666 1204 2661 1204 2661 1205 2666 1205 2645 1205 2661 877 2645 877 2644 877 2667 971 2668 971 2669 971 2669 972 2668 972 1985 972 2669 973 1985 973 2670 973 2671 974 2672 974 1998 974 1998 878 2672 878 1997 878 2673 942 1994 942 2674 942 2674 943 1994 943 1995 943 2674 976 1995 976 2672 976 2672 1206 1995 1206 1996 1206 2672 882 1996 882 1997 882 2675 944 1992 944 2676 944 2676 945 1992 945 1991 945 2676 946 1991 946 2673 946 2673 947 1991 947 1990 947 2673 948 1990 948 1994 948 1986 949 1987 949 2677 949 2677 950 1987 950 1989 950 2677 951 1989 951 2678 951 2678 952 1989 952 1988 952 2678 953 1988 953 2675 953 2675 979 1988 979 1993 979 2675 1207 1993 1207 1992 1207 2677 955 2679 955 1986 955 1986 1208 2679 1208 2670 1208 1986 983 2670 983 1985 983 2671 984 1998 984 2680 984 2680 985 1998 985 2681 985 2680 986 2681 986 2682 986 2683 987 2684 987 2685 987 2685 956 2684 956 2668 956 2685 988 2668 988 2667 988 2683 1209 2685 1209 2686 1209 2686 958 2685 958 2687 958 2686 1210 2687 1210 2688 1210 2688 899 2687 899 2689 899 2688 900 2689 900 2690 900 2690 1211 2689 1211 2691 1211 2690 963 2691 963 2692 963 2693 903 2694 903 2695 903 2695 904 2694 904 2696 904 2695 995 2696 995 2691 995 2691 967 2696 967 2697 967 2691 968 2697 968 2692 968 2698 996 2699 996 2700 996 2700 1212 2699 1212 2701 1212 2700 970 2701 970 2693 970 2693 873 2701 873 2702 873 2693 874 2702 874 2694 874 2700 1001 2703 1001 2698 1001 2698 1002 2703 1002 2682 1002 2698 1003 2682 1003 2681 1003 2704 827 2705 827 2706 827 2706 828 2705 828 2014 828 2706 829 2014 829 2707 829 2708 830 2709 830 2027 830 2027 975 2709 975 2026 975 2710 942 2023 942 2711 942 2711 1195 2023 1195 2024 1195 2711 1196 2024 1196 2709 1196 2709 977 2024 977 2025 977 2709 978 2025 978 2026 978 2712 1197 2021 1197 2713 1197 2713 945 2021 945 2020 945 2713 946 2020 946 2710 946 2710 947 2020 947 2019 947 2710 948 2019 948 2023 948 2015 932 2016 932 2714 932 2714 933 2016 933 2018 933 2714 1213 2018 1213 2715 1213 2715 1214 2018 1214 2017 1214 2715 1215 2017 1215 2712 1215 2712 1200 2017 1200 2022 1200 2712 980 2022 980 2021 980 2714 937 2716 937 2015 937 2015 893 2716 893 2707 893 2015 894 2707 894 2014 894 2708 852 2027 852 2717 852 2717 853 2027 853 2718 853 2717 854 2718 854 2719 854 2720 919 2721 919 2722 919 2722 856 2721 856 2705 856 2722 857 2705 857 2704 857 2720 1216 2722 1216 2723 1216 2723 990 2722 990 2724 990 2723 959 2724 959 2725 959 2725 960 2724 960 2726 960 2725 961 2726 961 2727 961 2727 991 2726 991 2728 991 2727 992 2728 992 2729 992 2730 964 2731 964 2732 964 2732 994 2731 994 2733 994 2732 995 2733 995 2728 995 2728 1203 2733 1203 2734 1203 2728 1217 2734 1217 2729 1217 2735 996 2736 996 2737 996 2737 997 2736 997 2738 997 2737 872 2738 872 2730 872 2730 873 2738 873 2739 873 2730 874 2739 874 2731 874 2737 1218 2740 1218 2735 1218 2735 1205 2740 1205 2719 1205 2735 877 2719 877 2718 877 2741 827 2742 827 2743 827 2743 828 2742 828 2043 828 2743 829 2043 829 2744 829 2745 830 2746 830 2056 830 2056 831 2746 831 2055 831 2747 832 2052 832 2748 832 2748 833 2052 833 2053 833 2748 834 2053 834 2746 834 2746 835 2053 835 2054 835 2746 836 2054 836 2055 836 2749 837 2050 837 2750 837 2750 838 2050 838 2049 838 2750 839 2049 839 2747 839 2747 840 2049 840 2048 840 2747 841 2048 841 2052 841 2044 842 2045 842 2751 842 2751 843 2045 843 2047 843 2751 844 2047 844 2752 844 2752 845 2047 845 2046 845 2752 846 2046 846 2749 846 2749 847 2046 847 2051 847 2749 848 2051 848 2050 848 2751 849 2753 849 2044 849 2044 850 2753 850 2744 850 2044 851 2744 851 2043 851 2745 852 2056 852 2754 852 2754 853 2056 853 2755 853 2754 854 2755 854 2756 854 2757 855 2758 855 2759 855 2759 856 2758 856 2742 856 2759 857 2742 857 2741 857 2757 858 2759 858 2760 858 2760 859 2759 859 2761 859 2760 860 2761 860 2762 860 2762 861 2761 861 2763 861 2762 862 2763 862 2764 862 2764 863 2763 863 2765 863 2764 864 2765 864 2766 864 2767 865 2768 865 2769 865 2769 866 2768 866 2770 866 2769 867 2770 867 2765 867 2765 868 2770 868 2771 868 2765 869 2771 869 2766 869 2772 870 2773 870 2774 870 2774 871 2773 871 2775 871 2774 872 2775 872 2767 872 2767 873 2775 873 2776 873 2767 874 2776 874 2768 874 2774 875 2777 875 2772 875 2772 876 2777 876 2756 876 2772 877 2756 877 2755 877 2778 1219 2779 1219 2780 1219 2780 1220 2779 1220 2072 1220 2780 1221 2072 1221 2781 1221 2782 830 2783 830 2085 830 2085 878 2783 878 2084 878 2784 879 2081 879 2785 879 2785 880 2081 880 2082 880 2785 834 2082 834 2783 834 2783 881 2082 881 2083 881 2783 882 2083 882 2084 882 2786 883 2079 883 2787 883 2787 884 2079 884 2078 884 2787 885 2078 885 2784 885 2784 886 2078 886 2077 886 2784 887 2077 887 2081 887 2073 842 2074 842 2788 842 2788 888 2074 888 2076 888 2788 889 2076 889 2789 889 2789 890 2076 890 2075 890 2789 846 2075 846 2786 846 2786 847 2075 847 2080 847 2786 891 2080 891 2079 891 2788 892 2790 892 2073 892 2073 1222 2790 1222 2781 1222 2073 1223 2781 1223 2072 1223 2782 852 2085 852 2791 852 2791 853 2085 853 2792 853 2791 854 2792 854 2793 854 2794 855 2795 855 2796 855 2796 895 2795 895 2779 895 2796 1224 2779 1224 2778 1224 2794 858 2796 858 2797 858 2797 897 2796 897 2798 897 2797 898 2798 898 2799 898 2799 899 2798 899 2800 899 2799 900 2800 900 2801 900 2801 901 2800 901 2802 901 2801 902 2802 902 2803 902 2804 903 2805 903 2806 903 2806 904 2805 904 2807 904 2806 867 2807 867 2802 867 2802 868 2807 868 2808 868 2802 869 2808 869 2803 869 2809 870 2810 870 2811 870 2811 905 2810 905 2812 905 2811 906 2812 906 2804 906 2804 873 2812 873 2813 873 2804 874 2813 874 2805 874 2811 907 2814 907 2809 907 2809 908 2814 908 2793 908 2809 877 2793 877 2792 877 2815 827 2816 827 2817 827 2817 828 2816 828 1534 828 2817 829 1534 829 2818 829 2819 830 2820 830 1554 830 1554 878 2820 878 1552 878 2821 879 1547 879 2822 879 2822 910 1547 910 1549 910 2822 911 1549 911 2820 911 2820 912 1549 912 1551 912 2820 882 1551 882 1552 882 2823 1225 1545 1225 2824 1225 2824 884 1545 884 1543 884 2824 885 1543 885 2821 885 2821 886 1543 886 1542 886 2821 887 1542 887 1547 887 1536 842 1538 842 2825 842 2825 888 1538 888 1541 888 2825 889 1541 889 2826 889 2826 890 1541 890 1540 890 2826 913 1540 913 2823 913 2823 914 1540 914 1546 914 2823 915 1546 915 1545 915 2825 892 2827 892 1536 892 1536 893 2827 893 2818 893 1536 894 2818 894 1534 894 2819 852 1554 852 2828 852 2828 853 1554 853 2829 853 2828 854 2829 854 2830 854 2831 1226 2832 1226 2833 1226 2816 896 2815 896 2834 896 2833 897 2832 897 2834 897 2834 1227 2832 1227 2835 1227 2834 1228 2835 1228 2816 1228 2831 1229 2833 1229 2836 1229 2836 1230 2833 1230 2837 1230 2836 1231 2837 1231 2838 1231 2838 1232 2837 1232 2839 1232 2838 1233 2839 1233 2840 1233 2840 1234 2839 1234 2841 1234 2840 1235 2841 1235 2842 1235 2842 1236 2841 1236 2843 1236 2843 1237 2841 1237 2844 1237 2843 1238 2844 1238 2845 1238 2845 1239 2844 1239 2846 1239 2846 872 2844 872 2847 872 2846 1240 2847 1240 2848 1240 2848 1241 2847 1241 2849 1241 2848 1242 2849 1242 2850 1242 2850 908 2849 908 2830 908 2850 877 2830 877 2829 877 2851 827 2852 827 2853 827 2853 828 2852 828 1563 828 2853 829 1563 829 2854 829 2855 830 2856 830 1583 830 1583 831 2856 831 1581 831 2857 832 1576 832 2858 832 2858 833 1576 833 1578 833 2858 834 1578 834 2856 834 2856 835 1578 835 1580 835 2856 836 1580 836 1581 836 2859 837 1574 837 2860 837 2860 838 1574 838 1572 838 2860 839 1572 839 2857 839 2857 840 1572 840 1571 840 2857 841 1571 841 1576 841 1565 932 1567 932 2861 932 2861 933 1567 933 1570 933 2861 934 1570 934 2862 934 2862 935 1570 935 1569 935 2862 936 1569 936 2859 936 2859 847 1569 847 1575 847 2859 848 1575 848 1574 848 2861 937 2863 937 1565 937 1565 893 2863 893 2854 893 1565 894 2854 894 1563 894 2855 852 1583 852 2864 852 2864 853 1583 853 2865 853 2864 854 2865 854 2866 854 2867 1243 2868 1243 2869 1243 2852 857 2851 857 2870 857 2869 859 2868 859 2870 859 2870 1244 2868 1244 2871 1244 2870 856 2871 856 2852 856 2867 1229 2869 1229 2872 1229 2872 1230 2869 1230 2873 1230 2872 1231 2873 1231 2874 1231 2874 1232 2873 1232 2875 1232 2874 1233 2875 1233 2876 1233 2876 1245 2875 1245 2877 1245 2876 1246 2877 1246 2878 1246 2878 1247 2877 1247 2879 1247 2879 1248 2877 1248 2880 1248 2879 1238 2880 1238 2881 1238 2881 1239 2880 1239 2882 1239 2882 872 2880 872 2883 872 2882 1249 2883 1249 2884 1249 2884 1250 2883 1250 2885 1250 2884 1251 2885 1251 2886 1251 2886 930 2885 930 2866 930 2886 941 2866 941 2865 941 2887 827 2888 827 2889 827 2889 828 2888 828 2101 828 2889 829 2101 829 2890 829 2891 830 2892 830 2114 830 2114 831 2892 831 2113 831 2893 832 2110 832 2894 832 2894 833 2110 833 2111 833 2894 834 2111 834 2892 834 2892 835 2111 835 2112 835 2892 836 2112 836 2113 836 2895 837 2108 837 2896 837 2896 838 2108 838 2107 838 2896 839 2107 839 2893 839 2893 840 2107 840 2106 840 2893 841 2106 841 2110 841 2102 842 2103 842 2897 842 2897 888 2103 888 2105 888 2897 889 2105 889 2898 889 2898 890 2105 890 2104 890 2898 846 2104 846 2895 846 2895 847 2104 847 2109 847 2895 848 2109 848 2108 848 2897 849 2899 849 2102 849 2102 850 2899 850 2890 850 2102 851 2890 851 2101 851 2891 852 2114 852 2900 852 2900 853 2114 853 2901 853 2900 854 2901 854 2902 854 2903 855 2904 855 2905 855 2905 856 2904 856 2888 856 2905 857 2888 857 2887 857 2903 858 2905 858 2906 858 2906 859 2905 859 2907 859 2906 860 2907 860 2908 860 2908 861 2907 861 2909 861 2908 862 2909 862 2910 862 2910 863 2909 863 2911 863 2910 864 2911 864 2912 864 2913 865 2914 865 2915 865 2915 866 2914 866 2916 866 2915 867 2916 867 2911 867 2911 868 2916 868 2917 868 2911 869 2917 869 2912 869 2918 870 2919 870 2920 870 2920 871 2919 871 2921 871 2920 872 2921 872 2913 872 2913 873 2921 873 2922 873 2913 874 2922 874 2914 874 2920 875 2923 875 2918 875 2918 876 2923 876 2902 876 2918 877 2902 877 2901 877 2924 827 2925 827 2926 827 2926 828 2925 828 1593 828 2926 829 1593 829 2927 829 2928 830 2929 830 1613 830 1613 831 2929 831 1611 831 2930 832 1606 832 2931 832 2931 833 1606 833 1608 833 2931 834 1608 834 2929 834 2929 835 1608 835 1610 835 2929 836 1610 836 1611 836 2932 837 1604 837 2933 837 2933 838 1604 838 1602 838 2933 839 1602 839 2930 839 2930 840 1602 840 1601 840 2930 841 1601 841 1606 841 1595 932 1597 932 2934 932 2934 933 1597 933 1600 933 2934 934 1600 934 2935 934 2935 935 1600 935 1599 935 2935 936 1599 936 2932 936 2932 847 1599 847 1605 847 2932 848 1605 848 1604 848 2934 937 2936 937 1595 937 1595 893 2936 893 2927 893 1595 894 2927 894 1593 894 2928 852 1613 852 2937 852 2937 853 1613 853 2938 853 2937 854 2938 854 2939 854 2940 1243 2941 1243 2942 1243 2925 857 2924 857 2943 857 2942 859 2941 859 2943 859 2943 1244 2941 1244 2944 1244 2943 856 2944 856 2925 856 2940 1229 2942 1229 2945 1229 2945 1230 2942 1230 2946 1230 2945 1231 2946 1231 2947 1231 2947 1232 2946 1232 2948 1232 2947 1233 2948 1233 2949 1233 2949 1245 2948 1245 2950 1245 2949 1246 2950 1246 2951 1246 2951 1247 2950 1247 2952 1247 2952 1248 2950 1248 2953 1248 2952 1238 2953 1238 2954 1238 2954 1239 2953 1239 2955 1239 2955 872 2953 872 2956 872 2955 1249 2956 1249 2957 1249 2957 1250 2956 1250 2958 1250 2957 1251 2958 1251 2959 1251 2959 930 2958 930 2939 930 2959 941 2939 941 2938 941 2960 28 2961 28 2962 28 2960 28 2962 28 2963 28 2963 28 2962 28 2964 28 2963 28 2964 28 2965 28 2965 28 2964 28 2966 28 2965 28 2966 28 2967 28 2968 28 2969 28 2970 28 2970 28 2969 28 2971 28 2970 28 2971 28 2972 28 2972 28 2971 28 2973 28 2972 28 2973 28 344 28 344 28 2973 28 2974 28 344 28 2974 28 345 28 2966 28 2975 28 2967 28 2967 28 2975 28 2976 28 2967 28 2976 28 2977 28 2977 28 2976 28 2978 28 2977 28 2978 28 2968 28 2968 28 2978 28 2979 28 2968 28 2979 28 2969 28 2961 28 2960 28 2980 28 2980 28 2960 28 2981 28 2980 28 2981 28 2982 28 2982 28 2981 28 2983 28 2982 28 2983 28 2984 28 2984 169 2983 169 2985 169 2984 169 2985 169 2986 169 2986 1252 2985 1252 2987 1252 2986 1252 2987 1252 2988 1252 2988 165 2987 165 2989 165 2988 165 2989 165 2990 165 2990 164 2989 164 2991 164 2990 164 2991 164 2992 164 349 170 348 170 2991 170 2991 170 348 170 2992 170 121 174 120 174 2993 174 121 174 2993 174 2994 174 2994 173 2993 173 2995 173 2994 173 2995 173 2996 173 2996 172 2995 172 2997 172 2996 172 2997 172 2998 172 2998 171 2997 171 346 171 2998 171 346 171 347 171 322 1253 321 1253 2999 1253 321 1254 320 1254 3000 1254 3000 1255 320 1255 319 1255 3000 1256 319 1256 318 1256 322 1257 2999 1257 323 1257 323 1258 3001 1258 328 1258 328 1259 3001 1259 3002 1259 328 1260 3002 1260 324 1260 3000 1261 3003 1261 3004 1261 323 1262 2999 1262 3001 1262 3001 1263 2999 1263 3005 1263 3001 1264 3005 1264 3002 1264 3006 1265 3004 1265 3007 1265 3007 1266 3004 1266 3003 1266 3007 1267 3003 1267 3008 1267 3009 1268 3010 1268 3005 1268 3005 1269 3010 1269 3011 1269 3005 1270 3011 1270 3002 1270 1214 1271 3008 1271 3012 1271 3012 1272 3008 1272 3003 1272 3012 1273 3003 1273 3013 1273 3013 1274 3003 1274 3000 1274 3013 1275 3000 1275 3014 1275 3014 1276 3000 1276 318 1276 3014 1277 318 1277 317 1277 1214 1278 1213 1278 3008 1278 3008 1279 1213 1279 1212 1279 3008 1280 1212 1280 3007 1280 3007 1281 1212 1281 1211 1281 3007 1282 1211 1282 3006 1282 3006 1283 1211 1283 1210 1283 3006 1284 1210 1284 1209 1284 321 1285 3000 1285 2999 1285 2999 1286 3000 1286 3004 1286 2999 1287 3004 1287 3005 1287 3005 1288 3004 1288 3006 1288 3005 1289 3006 1289 3009 1289 3009 1290 3006 1290 1209 1290 3009 1291 1209 1291 1208 1291 3015 1292 3016 1292 3010 1292 3010 1293 3016 1293 3017 1293 3010 1294 3017 1294 3011 1294 3011 1295 3017 1295 3002 1295 3018 1296 3019 1296 3020 1296 3020 1297 3021 1297 3018 1297 3018 1298 3021 1298 3022 1298 3018 1299 3022 1299 3023 1299 3023 1300 3022 1300 3024 1300 3023 1301 3024 1301 3025 1301 3025 1302 3024 1302 3026 1302 3025 1303 3026 1303 3027 1303 3027 1304 3015 1304 3025 1304 3025 1304 3015 1304 3010 1304 3025 1305 3010 1305 3028 1305 3028 1305 3010 1305 3009 1305 3028 1306 3009 1306 1215 1306 1215 1306 3009 1306 1208 1306 325 1307 324 1307 3029 1307 3029 1308 324 1308 3002 1308 3029 1298 3002 1298 3030 1298 3030 1309 3002 1309 3017 1309 3025 1310 3028 1310 3031 1310 1220 1311 1219 1311 3032 1311 3019 1312 3018 1312 3033 1312 3033 1313 3018 1313 3034 1313 3035 1314 3036 1314 3037 1314 3037 1315 3036 1315 3038 1315 3037 1316 3038 1316 3034 1316 3034 1317 3038 1317 3039 1317 3034 1318 3039 1318 3033 1318 3035 1319 3037 1319 3040 1319 3040 1320 3037 1320 3041 1320 3040 1321 3041 1321 3042 1321 3042 1322 3041 1322 3043 1322 3042 1323 3043 1323 3044 1323 3028 1324 1215 1324 3031 1324 3031 1325 1215 1325 1216 1325 3031 1326 1216 1326 3045 1326 3023 1327 3025 1327 3046 1327 3046 1328 3025 1328 3031 1328 3046 1329 3031 1329 3047 1329 3047 1330 3031 1330 3045 1330 3047 1331 3045 1331 3048 1331 3018 1332 3023 1332 3034 1332 3034 1333 3023 1333 3046 1333 3034 1334 3046 1334 3037 1334 3037 1335 3046 1335 3047 1335 3037 1336 3047 1336 3041 1336 3041 1337 3047 1337 3048 1337 1220 1338 3049 1338 1218 1338 1218 1339 3049 1339 3050 1339 1218 1340 3050 1340 1217 1340 1220 1341 3032 1341 3049 1341 3049 1342 3032 1342 3051 1342 3049 1343 3051 1343 3050 1343 1216 1344 1217 1344 3045 1344 3045 1345 1217 1345 3050 1345 3045 1346 3050 1346 3048 1346 3048 1347 3050 1347 3051 1347 3048 1348 3051 1348 3041 1348 3041 1349 3051 1349 3052 1349 3041 1350 3052 1350 3043 1350 3053 1351 3054 1351 3044 1351 1229 1352 1228 1352 3055 1352 1245 1353 1234 1353 3056 1353 3056 1354 1234 1354 1236 1354 192 1355 191 1355 1243 1355 1243 1356 191 1356 3057 1356 1237 1357 1248 1357 3058 1357 3058 1358 1248 1358 1238 1358 3058 1359 1238 1359 3057 1359 3057 1360 1238 1360 1241 1360 3057 1361 1241 1361 1243 1361 3059 1362 3055 1362 1232 1362 3059 1363 1232 1363 3056 1363 3056 1364 1232 1364 1233 1364 3056 1365 1233 1365 1245 1365 1228 1366 1227 1366 3055 1366 3055 1367 1227 1367 1230 1367 3055 1368 1230 1368 1232 1368 498 1369 1226 1369 3060 1369 3060 1370 1226 1370 1225 1370 1225 1371 1224 1371 3060 1371 3060 1372 1224 1372 1221 1372 3060 1373 1221 1373 3061 1373 1221 1374 1229 1374 3061 1374 3061 1375 1229 1375 3055 1375 3061 1376 3055 1376 3053 1376 3053 1377 3055 1377 3059 1377 3053 1378 3059 1378 3054 1378 3054 1379 3059 1379 3056 1379 3054 1380 3056 1380 3058 1380 3058 1381 3056 1381 1236 1381 3058 1382 1236 1382 1237 1382 1219 1383 498 1383 3032 1383 3032 1384 498 1384 3060 1384 3032 1385 3060 1385 3051 1385 3051 1386 3060 1386 3061 1386 3051 1387 3061 1387 3052 1387 3052 1388 3061 1388 3053 1388 3052 1389 3053 1389 3043 1389 3043 1390 3053 1390 3044 1390 1287 1391 3062 1391 1290 1391 1292 1392 1214 1392 3012 1392 3062 1393 1287 1393 3012 1393 3012 1394 1287 1394 727 1394 3012 1395 727 1395 1292 1395 1282 1396 1291 1396 3063 1396 3063 1397 1291 1397 1288 1397 3063 1398 1288 1398 3064 1398 3064 1399 1288 1399 1289 1399 3065 1400 1280 1400 1286 1400 1286 1401 1285 1401 3065 1401 3065 1402 1285 1402 1283 1402 3065 1403 1283 1403 3066 1403 369 1404 1281 1404 330 1404 330 1405 1281 1405 1280 1405 330 1406 1280 1406 332 1406 1280 1407 3065 1407 332 1407 332 1408 3065 1408 3066 1408 332 1409 3066 1409 334 1409 334 1410 3066 1410 3067 1410 334 1411 3067 1411 335 1411 335 1412 3067 1412 3014 1412 335 1413 3014 1413 317 1413 3012 1414 3013 1414 3062 1414 3062 1415 3013 1415 3064 1415 3062 1416 3064 1416 1290 1416 1290 1417 3064 1417 1289 1417 1283 1418 1282 1418 3066 1418 3066 1419 1282 1419 3063 1419 3066 1420 3063 1420 3067 1420 3067 1421 3063 1421 3064 1421 3067 1422 3064 1422 3014 1422 3014 1423 3064 1423 3013 1423 3068 28 3069 28 1561 28 1561 1424 3069 1424 3070 1424 1561 1424 3070 1424 1562 1424 1562 1425 3070 1425 3071 1425 1562 1425 3071 1425 1555 1425 1555 1426 3071 1426 3072 1426 1555 1426 3072 1426 1556 1426 1561 28 1560 28 3068 28 3068 1427 1560 1427 1557 1427 3068 1427 1557 1427 3073 1427 3073 1428 1557 1428 3074 1428 3074 1429 1557 1429 1558 1429 3074 1430 1558 1430 3075 1430 3075 1431 1558 1431 1559 1431 3075 1431 1559 1431 3076 1431 1554 8 1553 8 1556 8 3072 8 3077 8 1556 8 1556 8 3077 8 2829 8 1556 8 2829 8 1554 8 2829 1432 3077 1432 2850 1432 2850 1433 3077 1433 3078 1433 2850 1434 3078 1434 2848 1434 2848 1435 3078 1435 2846 1435 2846 1436 3078 1436 3079 1436 2846 1437 3079 1437 2845 1437 2845 1438 3079 1438 2843 1438 2843 1439 3079 1439 3080 1439 2843 1440 3080 1440 2842 1440 2842 1441 3080 1441 2840 1441 2840 1442 3080 1442 3081 1442 2840 1443 3081 1443 2838 1443 2838 1444 3081 1444 2836 1444 2836 1445 3081 1445 3082 1445 2836 1446 3082 1446 2831 1446 2831 1447 3082 1447 2832 1447 2832 1448 3082 1448 3083 1448 2832 1449 3083 1449 2835 1449 2835 1450 3083 1450 3084 1450 2835 1451 3084 1451 2816 1451 3085 170 3076 170 1559 170 1535 170 1534 170 1559 170 1559 170 1534 170 2816 170 1559 170 2816 170 3085 170 3085 170 2816 170 3084 170 1583 8 1582 8 1584 8 1584 8 3086 8 3087 8 1583 8 1584 8 2865 8 2865 8 1584 8 3087 8 2865 8 3087 8 3088 8 2865 1452 3088 1452 2886 1452 2886 1453 3088 1453 3089 1453 2886 1454 3089 1454 2884 1454 2884 1455 3089 1455 2882 1455 2882 1456 3089 1456 3090 1456 2882 1457 3090 1457 2881 1457 2881 1458 3090 1458 2879 1458 2879 1459 3090 1459 3091 1459 2879 1440 3091 1440 2878 1440 2878 1441 3091 1441 2876 1441 2876 1442 3091 1442 3092 1442 2876 1460 3092 1460 2874 1460 2874 1461 3092 1461 2872 1461 2872 1462 3092 1462 3093 1462 2872 1446 3093 1446 2867 1446 2867 1463 3093 1463 2868 1463 2868 1464 3093 1464 3094 1464 2868 1465 3094 1465 2871 1465 2871 1450 3094 1450 3095 1450 2871 1451 3095 1451 2852 1451 1564 170 1563 170 1587 170 1587 170 1563 170 2852 170 1587 170 2852 170 3096 170 3096 170 2852 170 3095 170 3086 1466 1584 1466 1585 1466 3097 28 3098 28 1591 28 1591 1467 3098 1467 3099 1467 1591 1467 3099 1467 1586 1467 1586 1468 3099 1468 3100 1468 1586 1469 3100 1469 1585 1469 1585 1470 3100 1470 3101 1470 1585 1466 3101 1466 3086 1466 1591 28 1590 28 3097 28 3097 1471 1590 1471 1589 1471 3097 1471 1589 1471 3102 1471 3102 1472 1589 1472 1588 1472 3102 1472 1588 1472 3103 1472 3103 1431 1588 1431 1587 1431 3103 1431 1587 1431 3096 1431 3100 176 421 176 3101 176 3101 177 421 177 419 177 3101 178 419 178 3086 178 3104 1473 3105 1473 3106 1473 3107 1474 3104 1474 3108 1474 3108 1475 3104 1475 3106 1475 3108 1476 3106 1476 3109 1476 3110 1477 3111 1477 3104 1477 3104 1478 3111 1478 3112 1478 3104 1479 3112 1479 3105 1479 3107 1480 3113 1480 3104 1480 3104 1481 3113 1481 3114 1481 3104 1482 3114 1482 3115 1482 420 1483 3074 1483 418 1483 418 1484 3074 1484 3075 1484 418 1485 3075 1485 3076 1485 3087 175 3086 175 3115 175 3115 175 3086 175 419 175 3115 1486 419 1486 3104 1486 3104 1487 419 1487 418 1487 3104 1488 418 1488 3110 1488 3110 1489 418 1489 3076 1489 3110 1489 3076 1489 3085 1489 1613 8 1612 8 1617 8 1617 8 400 8 399 8 1613 8 1617 8 2938 8 2938 8 1617 8 399 8 2938 8 399 8 3116 8 2938 1452 3116 1452 2959 1452 2959 1453 3116 1453 3117 1453 2959 1454 3117 1454 2957 1454 2957 1455 3117 1455 2955 1455 2955 1456 3117 1456 3118 1456 2955 1457 3118 1457 2954 1457 2954 1458 3118 1458 2952 1458 2952 1459 3118 1459 3119 1459 2952 1440 3119 1440 2951 1440 2951 1441 3119 1441 2949 1441 2949 1442 3119 1442 3120 1442 2949 1460 3120 1460 2947 1460 2947 1461 3120 1461 2945 1461 2945 1462 3120 1462 3121 1462 2945 1446 3121 1446 2940 1446 2940 1463 3121 1463 2941 1463 2941 1464 3121 1464 3122 1464 2941 1465 3122 1465 2944 1465 2944 1450 3122 1450 3123 1450 2944 1451 3123 1451 2925 1451 1594 170 1593 170 1618 170 1618 170 1593 170 2925 170 1618 170 2925 170 3124 170 3124 170 2925 170 3123 170 400 1466 1617 1466 1616 1466 3125 28 3126 28 1614 28 1614 1467 3126 1467 3127 1467 1614 1467 3127 1467 1615 1467 1615 1468 3127 1468 401 1468 1615 1469 401 1469 1616 1469 1616 1470 401 1470 403 1470 1616 1466 403 1466 400 1466 1614 28 1621 28 3125 28 3125 1471 1621 1471 1620 1471 3125 1471 1620 1471 3128 1471 3128 1472 1620 1472 1619 1472 3128 1472 1619 1472 3129 1472 3129 1431 1619 1431 1618 1431 3129 1431 1618 1431 3124 1431 2237 1432 3130 1432 2254 1432 2254 1490 3130 1490 3131 1490 2254 1491 3131 1491 2255 1491 2255 1492 3131 1492 2257 1492 2257 1493 3131 1493 3132 1493 2257 1494 3132 1494 2258 1494 2258 1495 3132 1495 3133 1495 2258 1496 3133 1496 2250 1496 2250 1497 3133 1497 2252 1497 2252 1498 3133 1498 3134 1498 2252 1499 3134 1499 2253 1499 2253 1500 3134 1500 3135 1500 2253 1501 3135 1501 2248 1501 2248 1502 3135 1502 3136 1502 2248 1503 3136 1503 2246 1503 2246 1504 3136 1504 3137 1504 2246 1505 3137 1505 2244 1505 2244 1506 3137 1506 2242 1506 2242 1507 3137 1507 3138 1507 2242 1508 3138 1508 2239 1508 2239 1509 3138 1509 3139 1509 2239 1510 3139 1510 2240 1510 2240 1511 3139 1511 3140 1511 2240 1512 3140 1512 2224 1512 1626 170 1637 170 1628 170 1628 170 1637 170 2224 170 1628 170 2224 170 3141 170 3141 170 2224 170 3140 170 3142 28 3143 28 1630 28 1630 1424 3143 1424 3144 1424 1630 1424 3144 1424 1631 1424 1631 1425 3144 1425 3145 1425 1631 1425 3145 1425 1622 1425 1622 1426 3145 1426 3146 1426 1622 1426 3146 1426 1623 1426 1630 28 1629 28 3142 28 3142 1427 1629 1427 1625 1427 3142 1427 1625 1427 3147 1427 3147 1472 1625 1472 1627 1472 3147 1472 1627 1472 3148 1472 3148 1431 1627 1431 1628 1431 3148 1431 1628 1431 3141 1431 1650 8 1624 8 1623 8 3146 8 3130 8 1623 8 1623 8 3130 8 2237 8 1623 8 2237 8 1650 8 2274 1432 3149 1432 2291 1432 2291 1490 3149 1490 3150 1490 2291 1491 3150 1491 2292 1491 2292 1492 3150 1492 2294 1492 2294 1493 3150 1493 3151 1493 2294 1494 3151 1494 2295 1494 2295 1513 3151 1513 3152 1513 2295 1514 3152 1514 2287 1514 2287 1515 3152 1515 2289 1515 2289 1516 3152 1516 3153 1516 2289 1517 3153 1517 2290 1517 2290 1518 3153 1518 3154 1518 2290 1519 3154 1519 2285 1519 2285 1502 3154 1502 3155 1502 2285 1503 3155 1503 2283 1503 2283 1520 3155 1520 3156 1520 2283 1521 3156 1521 2281 1521 2281 1522 3156 1522 2279 1522 2279 1523 3156 1523 3157 1523 2279 1508 3157 1508 2276 1508 2276 1509 3157 1509 3158 1509 2276 1524 3158 1524 2277 1524 2277 1525 3158 1525 3159 1525 2277 1451 3159 1451 2261 1451 1655 170 1666 170 1657 170 1657 170 1666 170 2261 170 1657 170 2261 170 3160 170 3160 170 2261 170 3159 170 3161 28 3162 28 1659 28 1659 1424 3162 1424 3163 1424 1659 1424 3163 1424 1660 1424 1660 1425 3163 1425 3164 1425 1660 1425 3164 1425 1651 1425 1651 1426 3164 1426 3165 1426 1651 1426 3165 1426 1652 1426 1659 28 1658 28 3161 28 3161 1427 1658 1427 1654 1427 3161 1427 1654 1427 3166 1427 3166 1472 1654 1472 1656 1472 3166 1472 1656 1472 3167 1472 3167 1431 1656 1431 1657 1431 3167 1431 1657 1431 3160 1431 1679 8 1653 8 1652 8 3165 8 3149 8 1652 8 1652 8 3149 8 2274 8 1652 8 2274 8 1679 8 2311 1452 3168 1452 2328 1452 2328 1526 3168 1526 3169 1526 2328 1527 3169 1527 2329 1527 2329 1528 3169 1528 2331 1528 2331 1493 3169 1493 3170 1493 2331 1494 3170 1494 2332 1494 2332 1513 3170 1513 3171 1513 2332 1514 3171 1514 2324 1514 2324 1515 3171 1515 2326 1515 2326 1529 3171 1529 3172 1529 2326 1530 3172 1530 2327 1530 2327 1531 3172 1531 3173 1531 2327 1519 3173 1519 2322 1519 2322 1502 3173 1502 3174 1502 2322 1503 3174 1503 2320 1503 2320 1520 3174 1520 3175 1520 2320 1532 3175 1532 2318 1532 2318 1506 3175 1506 2316 1506 2316 1533 3175 1533 3176 1533 2316 1534 3176 1534 2313 1534 2313 1535 3176 1535 3177 1535 2313 1510 3177 1510 2314 1510 2314 1536 3177 1536 3178 1536 2314 1451 3178 1451 2298 1451 1680 170 1695 170 1681 170 1681 170 1695 170 2298 170 1681 170 2298 170 3179 170 3179 170 2298 170 3178 170 3180 28 3181 28 1691 28 1691 1467 3181 1467 3182 1467 1691 1467 3182 1467 1686 1467 1686 1537 3182 1537 3183 1537 1686 1537 3183 1537 1685 1537 1685 1466 3183 1466 3184 1466 1685 1466 3184 1466 1683 1466 1691 28 1690 28 3180 28 3180 1471 1690 1471 1689 1471 3180 1471 1689 1471 3185 1471 3185 1472 1689 1472 1682 1472 3185 1472 1682 1472 3186 1472 3186 1431 1682 1431 1681 1431 3186 1431 1681 1431 3179 1431 1708 8 1684 8 1683 8 3184 8 3168 8 1683 8 1683 8 3168 8 2311 8 1683 8 2311 8 1708 8 2348 1432 3187 1432 2365 1432 2365 1490 3187 1490 3188 1490 2365 1491 3188 1491 2366 1491 2366 1538 3188 1538 2368 1538 2368 1539 3188 1539 3189 1539 2368 1494 3189 1494 2369 1494 2369 1513 3189 1513 3190 1513 2369 1514 3190 1514 2361 1514 2361 1515 3190 1515 2363 1515 2363 1540 3190 1540 3191 1540 2363 1541 3191 1541 2364 1541 2364 1542 3191 1542 3192 1542 2364 1543 3192 1543 2359 1543 2359 1502 3192 1502 3193 1502 2359 1503 3193 1503 2357 1503 2357 1544 3193 1544 3194 1544 2357 1545 3194 1545 2355 1545 2355 1506 3194 1506 2353 1506 2353 1546 3194 1546 3195 1546 2353 1547 3195 1547 2350 1547 2350 1548 3195 1548 3196 1548 2350 1510 3196 1510 2351 1510 2351 1549 3196 1549 3197 1549 2351 1550 3197 1550 2335 1550 1709 170 1724 170 1710 170 1710 170 1724 170 2335 170 1710 170 2335 170 3198 170 3198 170 2335 170 3197 170 3199 28 3200 28 1718 28 1718 1551 3200 1551 3201 1551 1718 1551 3201 1551 1715 1551 1715 1425 3201 1425 3202 1425 1715 1425 3202 1425 1714 1425 1714 1426 3202 1426 3203 1426 1714 1426 3203 1426 1712 1426 1718 28 1717 28 3199 28 3199 1552 1717 1552 1716 1552 3199 1552 1716 1552 3204 1552 3204 1472 1716 1472 1711 1472 3204 1472 1711 1472 3205 1472 3205 1431 1711 1431 1710 1431 3205 1431 1710 1431 3198 1431 1737 8 1713 8 1712 8 3203 8 3187 8 1712 8 1712 8 3187 8 2348 8 1712 8 2348 8 1737 8 2385 1432 3206 1432 2402 1432 2402 1490 3206 1490 3207 1490 2402 1491 3207 1491 2403 1491 2403 1538 3207 1538 2405 1538 2405 1553 3207 1553 3208 1553 2405 1554 3208 1554 2406 1554 2406 1555 3208 1555 3209 1555 2406 1514 3209 1514 2398 1514 2398 1556 3209 1556 2400 1556 2400 1557 3209 1557 3210 1557 2400 1558 3210 1558 2401 1558 2401 1559 3210 1559 3211 1559 2401 1543 3211 1543 2396 1543 2396 1560 3211 1560 3212 1560 2396 1561 3212 1561 2394 1561 2394 1520 3212 1520 3213 1520 2394 1562 3213 1562 2392 1562 2392 1563 3213 1563 2390 1563 2390 1564 3213 1564 3214 1564 2390 1547 3214 1547 2387 1547 2387 1548 3214 1548 3215 1548 2387 1565 3215 1565 2388 1565 2388 1566 3215 1566 3216 1566 2388 1550 3216 1550 2372 1550 1740 170 1753 170 1738 170 1738 170 1753 170 2372 170 1738 170 2372 170 3217 170 3217 170 2372 170 3216 170 3218 28 3219 28 1743 28 1743 1551 3219 1551 3220 1551 1743 1551 3220 1551 1744 1551 1744 1425 3220 1425 3221 1425 1744 1425 3221 1425 1746 1425 1746 1426 3221 1426 3222 1426 1746 1426 3222 1426 1747 1426 1743 28 1742 28 3218 28 3218 1427 1742 1427 1741 1427 3218 1427 1741 1427 3223 1427 3223 1472 1741 1472 1739 1472 3223 1472 1739 1472 3224 1472 3224 1431 1739 1431 1738 1431 3224 1431 1738 1431 3217 1431 1766 8 1745 8 1747 8 3222 8 3206 8 1747 8 1747 8 3206 8 2385 8 1747 8 2385 8 1766 8 2422 1567 3225 1567 2439 1567 2439 1568 3225 1568 3226 1568 2439 1569 3226 1569 2440 1569 2440 1570 3226 1570 2442 1570 2442 1571 3226 1571 3227 1571 2442 1554 3227 1554 2443 1554 2443 1555 3227 1555 3228 1555 2443 1514 3228 1514 2435 1514 2435 1515 3228 1515 2437 1515 2437 1540 3228 1540 3229 1540 2437 1541 3229 1541 2438 1541 2438 1542 3229 1542 3230 1542 2438 1543 3230 1543 2433 1543 2433 1502 3230 1502 3231 1502 2433 1503 3231 1503 2431 1503 2431 1544 3231 1544 3232 1544 2431 1545 3232 1545 2429 1545 2429 1506 3232 1506 2427 1506 2427 1546 3232 1546 3233 1546 2427 1547 3233 1547 2424 1547 2424 1548 3233 1548 3234 1548 2424 1565 3234 1565 2425 1565 2425 1572 3234 1572 3235 1572 2425 1451 3235 1451 2409 1451 1767 170 1782 170 1768 170 1768 170 1782 170 2409 170 1768 170 2409 170 3236 170 3236 170 2409 170 3235 170 3237 28 3238 28 1770 28 1770 1551 3238 1551 3239 1551 1770 1551 3239 1551 1771 1551 1771 1573 3239 1573 3240 1573 1771 1573 3240 1573 1773 1573 1773 1574 3240 1574 3241 1574 1773 1574 3241 1574 1774 1574 1770 28 1776 28 3237 28 3237 1552 1776 1552 1775 1552 3237 1552 1775 1552 3242 1552 3242 1472 1775 1472 1769 1472 3242 1472 1769 1472 3243 1472 3243 1431 1769 1431 1768 1431 3243 1431 1768 1431 3236 1431 1795 8 1772 8 1774 8 3241 8 3225 8 1774 8 1774 8 3225 8 2422 8 1774 8 2422 8 1795 8 2459 1575 3244 1575 2476 1575 2476 1576 3244 1576 3245 1576 2476 1577 3245 1577 2477 1577 2477 1578 3245 1578 2479 1578 2479 1579 3245 1579 3246 1579 2479 1580 3246 1580 2480 1580 2480 1581 3246 1581 3247 1581 2480 1582 3247 1582 2472 1582 2472 1583 3247 1583 2474 1583 2474 1584 3247 1584 3248 1584 2474 1585 3248 1585 2475 1585 2475 1586 3248 1586 3249 1586 2475 1543 3249 1543 2470 1543 2470 1587 3249 1587 3250 1587 2470 1588 3250 1588 2468 1588 2468 1589 3250 1589 3251 1589 2468 1590 3251 1590 2466 1590 2466 1591 3251 1591 2464 1591 2464 1592 3251 1592 3252 1592 2464 1593 3252 1593 2461 1593 2461 1594 3252 1594 3253 1594 2461 1565 3253 1565 2462 1565 2462 1595 3253 1595 3254 1595 2462 1596 3254 1596 2446 1596 1801 170 1811 170 1802 170 1802 170 1811 170 2446 170 1802 170 2446 170 3255 170 3255 170 2446 170 3254 170 3256 28 3257 28 1796 28 1796 1551 3257 1551 3258 1551 1796 1551 3258 1551 1797 1551 1797 1597 3258 1597 3259 1597 1797 1597 3259 1597 1799 1597 1799 1598 3259 1598 3260 1598 1799 1598 3260 1598 1800 1598 1796 28 1805 28 3256 28 3256 1552 1805 1552 1804 1552 3256 1552 1804 1552 3261 1552 3261 1599 1804 1599 1803 1599 3261 1599 1803 1599 3262 1599 3262 1600 1803 1600 1802 1600 3262 1600 1802 1600 3255 1600 1824 8 1798 8 1800 8 3260 8 3244 8 1800 8 1800 8 3244 8 2459 8 1800 8 2459 8 1824 8 2496 1601 3263 1601 2513 1601 2513 1602 3263 1602 3264 1602 2513 1603 3264 1603 2514 1603 2514 1604 3264 1604 2516 1604 2516 1605 3264 1605 3265 1605 2516 1580 3265 1580 2517 1580 2517 1606 3265 1606 3266 1606 2517 1607 3266 1607 2509 1607 2509 1608 3266 1608 2511 1608 2511 1609 3266 1609 3267 1609 2511 1610 3267 1610 2512 1610 2512 1611 3267 1611 3268 1611 2512 1612 3268 1612 2507 1612 2507 1613 3268 1613 3269 1613 2507 1614 3269 1614 2505 1614 2505 1615 3269 1615 3270 1615 2505 1616 3270 1616 2503 1616 2503 1617 3270 1617 2501 1617 2501 1618 3270 1618 3271 1618 2501 1619 3271 1619 2498 1619 2498 1620 3271 1620 3272 1620 2498 1621 3272 1621 2499 1621 2499 1622 3272 1622 3273 1622 2499 1596 3273 1596 2483 1596 1827 170 1840 170 1825 170 1825 170 1840 170 2483 170 1825 170 2483 170 3274 170 3274 170 2483 170 3273 170 3275 28 3276 28 1830 28 1830 1623 3276 1623 3277 1623 1830 1623 3277 1623 1831 1623 1831 1624 3277 1624 3278 1624 1831 1624 3278 1624 1833 1624 1833 1625 3278 1625 3279 1625 1833 1625 3279 1625 1834 1625 1830 28 1829 28 3275 28 3275 1626 1829 1626 1828 1626 3275 1626 1828 1626 3280 1626 3280 1627 1828 1627 1826 1627 3280 1627 1826 1627 3281 1627 3281 1600 1826 1600 1825 1600 3281 1600 1825 1600 3274 1600 1853 8 1832 8 1834 8 3279 8 3263 8 1834 8 1834 8 3263 8 2496 8 1834 8 2496 8 1853 8 2533 1628 3282 1628 2550 1628 2550 1629 3282 1629 3283 1629 2550 1630 3283 1630 2551 1630 2551 1631 3283 1631 2553 1631 2553 1632 3283 1632 3284 1632 2553 1633 3284 1633 2554 1633 2554 1634 3284 1634 3285 1634 2554 1635 3285 1635 2546 1635 2546 1636 3285 1636 2548 1636 2548 1637 3285 1637 3286 1637 2548 1638 3286 1638 2549 1638 2549 1639 3286 1639 3287 1639 2549 1640 3287 1640 2544 1640 2544 1641 3287 1641 3288 1641 2544 1642 3288 1642 2542 1642 2542 1643 3288 1643 3289 1643 2542 1644 3289 1644 2540 1644 2540 1645 3289 1645 2538 1645 2538 1646 3289 1646 3290 1646 2538 1647 3290 1647 2535 1647 2535 1648 3290 1648 3291 1648 2535 1649 3291 1649 2536 1649 2536 1650 3291 1650 3292 1650 2536 1596 3292 1596 2520 1596 1854 170 1869 170 1855 170 1855 170 1869 170 2520 170 1855 170 2520 170 3293 170 3293 170 2520 170 3292 170 3294 1651 3295 1651 3296 1651 1865 1652 3297 1652 1862 1652 1862 1653 3297 1653 3298 1653 1862 1653 3298 1653 1861 1653 1861 1654 3298 1654 3299 1654 1861 1654 3299 1654 1859 1654 3300 1655 3297 1655 3301 1655 3301 1656 3297 1656 1865 1656 3301 1657 1865 1657 3302 1657 3302 1658 1865 1658 1864 1658 3302 1659 1864 1659 3296 1659 3296 1660 1864 1660 1863 1660 3296 1651 1863 1651 3294 1651 3294 1661 1863 1661 1856 1661 3294 1661 1856 1661 3303 1661 3303 1662 1856 1662 1855 1662 3303 1662 1855 1662 3293 1662 1882 8 1860 8 1859 8 3299 8 3282 8 1859 8 1859 8 3282 8 2533 8 1859 8 2533 8 1882 8 2570 1575 3304 1575 2587 1575 2587 1663 3304 1663 3305 1663 2587 1603 3305 1603 2588 1603 2588 1604 3305 1604 2590 1604 2590 1605 3305 1605 3306 1605 2590 1580 3306 1580 2591 1580 2591 1606 3306 1606 3307 1606 2591 1607 3307 1607 2583 1607 2583 1608 3307 1608 2585 1608 2585 1609 3307 1609 3308 1609 2585 1585 3308 1585 2586 1585 2586 1586 3308 1586 3309 1586 2586 1543 3309 1543 2581 1543 2581 1587 3309 1587 3310 1587 2581 1588 3310 1588 2579 1588 2579 1615 3310 1615 3311 1615 2579 1616 3311 1616 2577 1616 2577 1664 3311 1664 2575 1664 2575 1665 3311 1665 3312 1665 2575 1666 3312 1666 2572 1666 2572 1594 3312 1594 3313 1594 2572 1565 3313 1565 2573 1565 2573 1595 3313 1595 3314 1595 2573 1596 3314 1596 2557 1596 1888 170 1898 170 1889 170 1889 170 1898 170 2557 170 1889 170 2557 170 3315 170 3315 170 2557 170 3314 170 3316 28 3317 28 1883 28 1883 1623 3317 1623 3318 1623 1883 1623 3318 1623 1884 1623 1884 1624 3318 1624 3319 1624 1884 1624 3319 1624 1886 1624 1886 1598 3319 1598 3320 1598 1886 1598 3320 1598 1887 1598 1883 28 1892 28 3316 28 3316 1626 1892 1626 1891 1626 3316 1626 1891 1626 3321 1626 3321 1627 1891 1627 1890 1627 3321 1627 1890 1627 3322 1627 3322 1667 1890 1667 1889 1667 3322 1667 1889 1667 3315 1667 1911 8 1885 8 1887 8 3320 8 3304 8 1887 8 1887 8 3304 8 2570 8 1887 8 2570 8 1911 8 2607 1575 3323 1575 2624 1575 2624 1668 3323 1668 3324 1668 2624 1669 3324 1669 2625 1669 2625 1670 3324 1670 2627 1670 2627 1671 3324 1671 3325 1671 2627 1580 3325 1580 2628 1580 2628 1581 3325 1581 3326 1581 2628 1582 3326 1582 2620 1582 2620 1583 3326 1583 2622 1583 2622 1584 3326 1584 3327 1584 2622 1585 3327 1585 2623 1585 2623 1586 3327 1586 3328 1586 2623 1543 3328 1543 2618 1543 2618 1587 3328 1587 3329 1587 2618 1588 3329 1588 2616 1588 2616 1589 3329 1589 3330 1589 2616 1672 3330 1672 2614 1672 2614 1617 3330 1617 2612 1617 2612 1592 3330 1592 3331 1592 2612 1547 3331 1547 2609 1547 2609 1548 3331 1548 3332 1548 2609 1673 3332 1673 2610 1673 2610 1674 3332 1674 3333 1674 2610 1596 3333 1596 2594 1596 1914 170 1927 170 1912 170 1912 170 1927 170 2594 170 1912 170 2594 170 3334 170 3334 170 2594 170 3333 170 3335 28 3336 28 1917 28 1917 1551 3336 1551 3337 1551 1917 1551 3337 1551 1918 1551 1918 1597 3337 1597 3338 1597 1918 1597 3338 1597 1920 1597 1920 1598 3338 1598 3339 1598 1920 1598 3339 1598 1921 1598 1917 28 1916 28 3335 28 3335 1552 1916 1552 1915 1552 3335 1552 1915 1552 3340 1552 3340 1599 1915 1599 1913 1599 3340 1599 1913 1599 3341 1599 3341 1600 1913 1600 1912 1600 3341 1600 1912 1600 3334 1600 1940 8 1919 8 1921 8 3339 8 3323 8 1921 8 1921 8 3323 8 2607 8 1921 8 2607 8 1940 8 2644 1432 3342 1432 2661 1432 2661 1675 3342 1675 3343 1675 2661 1676 3343 1676 2662 1676 2662 1570 3343 1570 2664 1570 2664 1571 3343 1571 3344 1571 2664 1554 3344 1554 2665 1554 2665 1555 3344 1555 3345 1555 2665 1514 3345 1514 2657 1514 2657 1556 3345 1556 2659 1556 2659 1557 3345 1557 3346 1557 2659 1499 3346 1499 2660 1499 2660 1500 3346 1500 3347 1500 2660 1677 3347 1677 2655 1677 2655 1678 3347 1678 3348 1678 2655 1503 3348 1503 2653 1503 2653 1544 3348 1544 3349 1544 2653 1545 3349 1545 2651 1545 2651 1506 3349 1506 2649 1506 2649 1546 3349 1546 3350 1546 2649 1547 3350 1547 2646 1547 2646 1548 3350 1548 3351 1548 2646 1565 3351 1565 2647 1565 2647 1572 3351 1572 3352 1572 2647 1451 3352 1451 2631 1451 1945 170 1956 170 1947 170 1947 170 1956 170 2631 170 1947 170 2631 170 3353 170 3353 170 2631 170 3352 170 3354 28 3355 28 1949 28 1949 1551 3355 1551 3356 1551 1949 1551 3356 1551 1950 1551 1950 1425 3356 1425 3357 1425 1950 1425 3357 1425 1941 1425 1941 1426 3357 1426 3358 1426 1941 1426 3358 1426 1942 1426 1949 28 1948 28 3354 28 3354 1552 1948 1552 1944 1552 3354 1552 1944 1552 3359 1552 3359 1679 1944 1679 1946 1679 3359 1679 1946 1679 3360 1679 3360 1680 1946 1680 1947 1680 3360 1680 1947 1680 3353 1680 1969 8 1943 8 1942 8 3358 8 3342 8 1942 8 1942 8 3342 8 2644 8 1942 8 2644 8 1969 8 2681 1432 3361 1432 2698 1432 2698 1490 3361 1490 3362 1490 2698 1491 3362 1491 2699 1491 2699 1492 3362 1492 2701 1492 2701 1493 3362 1493 3363 1493 2701 1494 3363 1494 2702 1494 2702 1681 3363 1681 3364 1681 2702 1682 3364 1682 2694 1682 2694 1683 3364 1683 2696 1683 2696 1684 3364 1684 3365 1684 2696 1541 3365 1541 2697 1541 2697 1542 3365 1542 3366 1542 2697 1543 3366 1543 2692 1543 2692 1502 3366 1502 3367 1502 2692 1503 3367 1503 2690 1503 2690 1544 3367 1544 3368 1544 2690 1685 3368 1685 2688 1685 2688 1686 3368 1686 2686 1686 2686 1546 3368 1546 3369 1546 2686 1687 3369 1687 2683 1687 2683 1509 3369 1509 3370 1509 2683 1565 3370 1565 2684 1565 2684 1566 3370 1566 3371 1566 2684 1550 3371 1550 2668 1550 1970 170 1985 170 1971 170 1971 170 1985 170 2668 170 1971 170 2668 170 3372 170 3372 170 2668 170 3371 170 3373 28 3374 28 1981 28 1981 1424 3374 1424 3375 1424 1981 1424 3375 1424 1976 1424 1976 1425 3375 1425 3376 1425 1976 1425 3376 1425 1975 1425 1975 1426 3376 1426 3377 1426 1975 1426 3377 1426 1973 1426 1981 28 1980 28 3373 28 3373 1552 1980 1552 1979 1552 3373 1552 1979 1552 3378 1552 3378 1472 1979 1472 1972 1472 3378 1472 1972 1472 3379 1472 3379 1431 1972 1431 1971 1431 3379 1431 1971 1431 3372 1431 1998 8 1974 8 1973 8 3377 8 3361 8 1973 8 1973 8 3361 8 2681 8 1973 8 2681 8 1998 8 2718 1432 3380 1432 2735 1432 2735 1675 3380 1675 3381 1675 2735 1676 3381 1676 2736 1676 2736 1570 3381 1570 2738 1570 2738 1571 3381 1571 3382 1571 2738 1554 3382 1554 2739 1554 2739 1555 3382 1555 3383 1555 2739 1514 3383 1514 2731 1514 2731 1556 3383 1556 2733 1556 2733 1557 3383 1557 3384 1557 2733 1499 3384 1499 2734 1499 2734 1500 3384 1500 3385 1500 2734 1501 3385 1501 2729 1501 2729 1560 3385 1560 3386 1560 2729 1561 3386 1561 2727 1561 2727 1544 3386 1544 3387 1544 2727 1545 3387 1545 2725 1545 2725 1506 3387 1506 2723 1506 2723 1546 3387 1546 3388 1546 2723 1687 3388 1687 2720 1687 2720 1509 3388 1509 3389 1509 2720 1524 3389 1524 2721 1524 2721 1525 3389 1525 3390 1525 2721 1451 3390 1451 2705 1451 1999 170 2014 170 2000 170 2000 170 2014 170 2705 170 2000 170 2705 170 3391 170 3391 170 2705 170 3390 170 3392 28 3393 28 2010 28 2010 1551 3393 1551 3394 1551 2010 1551 3394 1551 2005 1551 2005 1425 3394 1425 3395 1425 2005 1425 3395 1425 2004 1425 2004 1426 3395 1426 3396 1426 2004 1426 3396 1426 2002 1426 2010 28 2009 28 3392 28 3392 1552 2009 1552 2008 1552 3392 1552 2008 1552 3397 1552 3397 1472 2008 1472 2001 1472 3397 1472 2001 1472 3398 1472 3398 1431 2001 1431 2000 1431 3398 1431 2000 1431 3391 1431 2027 8 2003 8 2002 8 3396 8 3380 8 2002 8 2002 8 3380 8 2718 8 2002 8 2718 8 2027 8 2755 1432 3399 1432 2772 1432 2772 1688 3399 1688 3400 1688 2772 1689 3400 1689 2773 1689 2773 1528 3400 1528 2775 1528 2775 1690 3400 1690 3401 1690 2775 1691 3401 1691 2776 1691 2776 1692 3401 1692 3402 1692 2776 1514 3402 1514 2768 1514 2768 1693 3402 1693 2770 1693 2770 1498 3402 1498 3403 1498 2770 1499 3403 1499 2771 1499 2771 1500 3403 1500 3404 1500 2771 1501 3404 1501 2766 1501 2766 1694 3404 1694 3405 1694 2766 1695 3405 1695 2764 1695 2764 1520 3405 1520 3406 1520 2764 1532 3406 1532 2762 1532 2762 1506 3406 1506 2760 1506 2760 1533 3406 1533 3407 1533 2760 1534 3407 1534 2757 1534 2757 1535 3407 1535 3408 1535 2757 1510 3408 1510 2758 1510 2758 1536 3408 1536 3409 1536 2758 1451 3409 1451 2742 1451 2028 170 2043 170 2029 170 2029 170 2043 170 2742 170 2029 170 2742 170 3410 170 3410 170 2742 170 3409 170 3411 28 3412 28 2039 28 2039 1467 3412 1467 3413 1467 2039 1467 3413 1467 2034 1467 2034 1425 3413 1425 3414 1425 2034 1425 3414 1425 2033 1425 2033 1426 3414 1426 3415 1426 2033 1426 3415 1426 2031 1426 2039 28 2038 28 3411 28 3411 1471 2038 1471 2037 1471 3411 1471 2037 1471 3416 1471 3416 1696 2037 1696 2030 1696 3416 1696 2030 1696 3417 1696 3417 1697 2030 1697 2029 1697 3417 1697 2029 1697 3410 1697 2056 8 2032 8 2031 8 3415 8 3399 8 2031 8 2031 8 3399 8 2755 8 2031 8 2755 8 2056 8 2792 1432 3418 1432 2809 1432 2809 1490 3418 1490 3419 1490 2809 1491 3419 1491 2810 1491 2810 1492 3419 1492 2812 1492 2812 1493 3419 1493 3420 1493 2812 1494 3420 1494 2813 1494 2813 1495 3420 1495 3421 1495 2813 1496 3421 1496 2805 1496 2805 1497 3421 1497 2807 1497 2807 1498 3421 1498 3422 1498 2807 1499 3422 1499 2808 1499 2808 1500 3422 1500 3423 1500 2808 1501 3423 1501 2803 1501 2803 1502 3423 1502 3424 1502 2803 1503 3424 1503 2801 1503 2801 1504 3424 1504 3425 1504 2801 1505 3425 1505 2799 1505 2799 1506 3425 1506 2797 1506 2797 1507 3425 1507 3426 1507 2797 1508 3426 1508 2794 1508 2794 1509 3426 1509 3427 1509 2794 1510 3427 1510 2795 1510 2795 1511 3427 1511 3428 1511 2795 1512 3428 1512 2779 1512 2057 170 2072 170 2058 170 2058 170 2072 170 2779 170 2058 170 2779 170 3429 170 3429 170 2779 170 3428 170 3430 28 3431 28 2068 28 2068 1424 3431 1424 3432 1424 2068 1424 3432 1424 2063 1424 2063 1425 3432 1425 3433 1425 2063 1425 3433 1425 2062 1425 2062 1426 3433 1426 3434 1426 2062 1426 3434 1426 2060 1426 2068 28 2067 28 3430 28 3430 1427 2067 1427 2066 1427 3430 1427 2066 1427 3435 1427 3435 1472 2066 1472 2059 1472 3435 1472 2059 1472 3436 1472 3436 1431 2059 1431 2058 1431 3436 1431 2058 1431 3429 1431 2085 8 2061 8 2060 8 3434 8 3418 8 2060 8 2060 8 3418 8 2792 8 2060 8 2792 8 2085 8 2901 1432 3437 1432 2918 1432 2918 1490 3437 1490 3438 1490 2918 1491 3438 1491 2919 1491 2919 1698 3438 1698 2921 1698 2921 1699 3438 1699 3439 1699 2921 1691 3439 1691 2922 1691 2922 1692 3439 1692 3440 1692 2922 1514 3440 1514 2914 1514 2914 1693 3440 1693 2916 1693 2916 1498 3440 1498 3441 1498 2916 1499 3441 1499 2917 1499 2917 1500 3441 1500 3442 1500 2917 1501 3442 1501 2912 1501 2912 1694 3442 1694 3443 1694 2912 1695 3443 1695 2910 1695 2910 1520 3443 1520 3444 1520 2910 1532 3444 1532 2908 1532 2908 1506 3444 1506 2906 1506 2906 1533 3444 1533 3445 1533 2906 1534 3445 1534 2903 1534 2903 1535 3445 1535 3446 1535 2903 1510 3446 1510 2904 1510 2904 1536 3446 1536 3447 1536 2904 1451 3447 1451 2888 1451 2090 170 2101 170 2092 170 2092 170 2101 170 2888 170 2092 170 2888 170 3448 170 3448 170 2888 170 3447 170 3449 28 3450 28 2095 28 2095 1467 3450 1467 3451 1467 2095 1467 3451 1467 2096 1467 2096 1425 3451 1425 3452 1425 2096 1425 3452 1425 2086 1425 2086 1426 3452 1426 3453 1426 2086 1426 3453 1426 2087 1426 2095 28 2094 28 3449 28 3449 1471 2094 1471 2089 1471 3449 1471 2089 1471 3454 1471 3454 1696 2089 1696 2091 1696 3454 1696 2091 1696 3455 1696 3455 1697 2091 1697 2092 1697 3455 1697 2092 1697 3448 1697 2114 8 2088 8 2087 8 3453 8 3437 8 2087 8 2087 8 3437 8 2901 8 2087 8 2901 8 2114 8 2200 1432 3456 1432 2217 1432 2217 1490 3456 1490 3457 1490 2217 1491 3457 1491 2218 1491 2218 1698 3457 1698 2220 1698 2220 1699 3457 1699 3458 1699 2220 1691 3458 1691 2221 1691 2221 1692 3458 1692 3459 1692 2221 1514 3459 1514 2213 1514 2213 1693 3459 1693 2215 1693 2215 1498 3459 1498 3460 1498 2215 1499 3460 1499 2216 1499 2216 1500 3460 1500 3461 1500 2216 1501 3461 1501 2211 1501 2211 1694 3461 1694 3462 1694 2211 1695 3462 1695 2209 1695 2209 1520 3462 1520 3463 1520 2209 1532 3463 1532 2207 1532 2207 1506 3463 1506 2205 1506 2205 1533 3463 1533 3464 1533 2205 1534 3464 1534 2202 1534 2202 1535 3464 1535 3465 1535 2202 1510 3465 1510 2203 1510 2203 1536 3465 1536 3466 1536 2203 1451 3466 1451 2187 1451 2119 170 2130 170 2121 170 2121 170 2130 170 2187 170 2121 170 2187 170 3467 170 3467 170 2187 170 3466 170 3468 1426 2116 1426 2115 1426 3469 1700 2122 1700 2118 1700 3470 1701 3471 1701 3469 1701 3469 1701 2118 1701 3470 1701 3470 1696 2118 1696 2120 1696 3470 1696 2120 1696 3472 1696 3472 1697 2120 1697 2121 1697 3472 1697 2121 1697 3467 1697 2122 1702 3469 1702 2123 1702 2123 1703 3469 1703 3473 1703 2123 1704 3473 1704 3474 1704 3468 1426 2115 1426 3475 1426 3475 1425 2115 1425 2124 1425 3475 1425 2124 1425 3476 1425 3476 1467 2124 1467 2123 1467 3476 1467 2123 1467 3477 1467 3477 1705 2123 1705 3474 1705 3477 1706 3474 1706 3478 1706 2143 8 2117 8 2116 8 3468 8 3456 8 2116 8 2116 8 3456 8 2200 8 2116 8 2200 8 2143 8 3479 1707 3480 1707 3481 1707 3482 1708 3483 1708 3484 1708 3483 1709 3485 1709 3486 1709 3483 1710 3486 1710 3484 1710 3484 1711 3486 1711 3487 1711 3484 1712 3487 1712 3488 1712 3488 1713 3487 1713 3489 1713 3488 1714 3489 1714 3490 1714 3490 1715 3489 1715 3491 1715 3490 1716 3491 1716 3492 1716 3492 1717 3491 1717 3493 1717 3492 1718 3493 1718 3494 1718 3494 1719 3493 1719 3495 1719 3494 1720 3495 1720 3496 1720 3496 1721 3495 1721 3497 1721 3496 1722 3497 1722 3498 1722 3498 1723 3497 1723 3499 1723 3498 1724 3499 1724 3500 1724 3499 1725 3501 1725 3500 1725 3500 1726 3501 1726 3502 1726 3500 1727 3502 1727 3503 1727 3503 1728 3502 1728 3504 1728 3503 1729 3504 1729 3505 1729 3505 1730 3504 1730 3506 1730 3506 1731 3507 1731 3505 1731 3505 1732 3507 1732 3508 1732 3505 1733 3508 1733 3509 1733 3509 1734 3508 1734 3510 1734 3509 1735 3510 1735 3511 1735 3511 1736 3510 1736 3512 1736 3511 1737 3512 1737 3513 1737 3513 1738 3512 1738 3514 1738 3513 1739 3514 1739 3515 1739 3515 1740 3514 1740 3516 1740 3515 1741 3516 1741 3517 1741 3517 1742 3516 1742 3518 1742 3517 1743 3518 1743 3519 1743 3519 1744 3518 1744 3520 1744 3519 1744 3520 1744 3521 1744 158 1745 3522 1745 3523 1745 3523 1746 3522 1746 3482 1746 3482 1747 3484 1747 3523 1747 3523 1748 3484 1748 3488 1748 3523 1749 3488 1749 3524 1749 3524 1750 3488 1750 3490 1750 3524 1751 3490 1751 3525 1751 3525 1752 3490 1752 3492 1752 3525 1753 3492 1753 3526 1753 3526 1754 3492 1754 3494 1754 3526 1755 3494 1755 3527 1755 3527 1756 3494 1756 3496 1756 3527 1757 3496 1757 3528 1757 3528 1758 3496 1758 3498 1758 3528 1759 3498 1759 3529 1759 3529 1760 3498 1760 3500 1760 3529 1761 3500 1761 3530 1761 3530 1762 3500 1762 3503 1762 3530 1762 3503 1762 3531 1762 3531 1763 3503 1763 3505 1763 3531 1764 3505 1764 3532 1764 3532 1765 3505 1765 3509 1765 3532 1766 3509 1766 3533 1766 3533 1767 3509 1767 3511 1767 3533 1768 3511 1768 3534 1768 3534 1769 3511 1769 3513 1769 3534 1770 3513 1770 3535 1770 3535 1771 3513 1771 3515 1771 3535 1772 3515 1772 3536 1772 3536 1773 3515 1773 3517 1773 3536 1774 3517 1774 3537 1774 3537 1775 3517 1775 3519 1775 3537 1776 3519 1776 3481 1776 3481 1777 3519 1777 3521 1777 3481 1778 3521 1778 3479 1778 158 1779 3523 1779 179 1779 179 1780 3523 1780 3524 1780 179 1781 3524 1781 180 1781 180 1782 3524 1782 3525 1782 180 1783 3525 1783 182 1783 182 1784 3525 1784 3526 1784 182 1785 3526 1785 184 1785 184 1786 3526 1786 3527 1786 184 1787 3527 1787 185 1787 185 1788 3527 1788 3528 1788 185 1789 3528 1789 187 1789 187 1790 3528 1790 3529 1790 187 1791 3529 1791 189 1791 189 1792 3529 1792 3530 1792 189 1793 3530 1793 190 1793 190 1794 3530 1794 3531 1794 190 1794 3531 1794 163 1794 163 1795 3531 1795 3532 1795 163 1796 3532 1796 165 1796 165 1797 3532 1797 3533 1797 165 1798 3533 1798 167 1798 167 1799 3533 1799 3534 1799 167 1800 3534 1800 174 1800 174 1801 3534 1801 3535 1801 174 1802 3535 1802 175 1802 175 1803 3535 1803 3536 1803 175 1804 3536 1804 177 1804 177 1805 3536 1805 3537 1805 177 1806 3537 1806 178 1806 178 1807 3537 1807 3481 1807 178 1808 3481 1808 170 1808 170 1809 3481 1809 3480 1809 170 1810 3480 1810 172 1810 2469 1811 2432 1811 2430 1811 2469 1812 2430 1812 2473 1812 2473 1813 2430 1813 2428 1813 2473 1814 2428 1814 2426 1814 2172 1815 2173 1815 2436 1815 2504 1816 2155 1816 2506 1816 2506 1817 2155 1817 2169 1817 2172 1818 2436 1818 2171 1818 2171 1819 2436 1819 2432 1819 2171 1820 2432 1820 2169 1820 2169 1817 2432 1817 2469 1817 2169 1817 2469 1817 2506 1817 2506 1811 2469 1811 2467 1811 2506 1821 2467 1821 2510 1821 2173 1822 2175 1822 2436 1822 2436 1823 2175 1823 126 1823 2436 1824 126 1824 2434 1824 2434 1825 126 1825 125 1825 2434 1826 125 1826 2441 1826 2543 1827 2584 1827 2580 1827 2578 1828 2156 1828 2580 1828 2580 1829 2156 1829 2155 1829 2580 1817 2155 1817 2543 1817 2543 1830 2155 1830 2504 1830 2543 1831 2504 1831 2547 1831 2547 1832 2504 1832 2502 1832 2547 1833 2502 1833 2500 1833 2481 1834 2478 1834 2426 1834 2426 1835 2478 1835 2471 1835 2426 1836 2471 1836 2473 1836 2629 1837 2626 1837 2574 1837 2574 1838 2626 1838 2619 1838 2574 1839 2619 1839 2621 1839 2578 1840 2576 1840 2156 1840 2156 1841 2576 1841 2574 1841 2156 1842 2574 1842 2152 1842 2152 1843 2574 1843 2621 1843 2152 1844 2621 1844 2617 1844 203 1845 2150 1845 157 1845 157 1846 2150 1846 2151 1846 2617 1847 2615 1847 2152 1847 2152 1848 2615 1848 2613 1848 2152 1849 2613 1849 2151 1849 2151 1850 2613 1850 2611 1850 2151 1851 2611 1851 157 1851 2467 1852 2465 1852 2510 1852 2510 1853 2465 1853 2463 1853 2510 1839 2463 1839 2508 1839 2508 1838 2463 1838 2515 1838 2555 1854 2552 1854 2500 1854 2500 1838 2552 1838 2545 1838 2500 1855 2545 1855 2547 1855 2666 1856 2663 1856 2611 1856 2611 1857 2663 1857 2656 1857 2611 1858 2656 1858 157 1858 157 1859 2656 1859 2658 1859 157 1860 2658 1860 2654 1860 2654 1861 2652 1861 157 1861 157 1862 2652 1862 2650 1862 157 1863 2650 1863 2648 1863 2543 1864 2541 1864 2584 1864 2584 1832 2541 1832 2539 1832 2584 1865 2539 1865 2582 1865 2582 1866 2539 1866 2537 1866 2582 1867 2537 1867 2589 1867 2589 1868 2537 1868 2592 1868 2682 1869 2703 1869 157 1869 2648 1870 2630 1870 157 1870 157 1871 2630 1871 3538 1871 157 1872 3538 1872 2682 1872 2703 1873 2700 1873 157 1873 157 1874 2700 1874 2693 1874 157 1875 2693 1875 2695 1875 2687 1814 2685 1814 2732 1814 2695 1876 2691 1876 157 1876 157 1877 2691 1877 2689 1877 157 1878 2689 1878 2687 1878 2769 1879 2765 1879 158 1879 2687 1880 2732 1880 157 1880 157 1881 2732 1881 2728 1881 157 1882 2728 1882 158 1882 2806 1883 2802 1883 158 1883 2759 1884 2806 1884 2761 1884 2761 1885 2806 1885 158 1885 2761 1886 158 1886 2763 1886 2763 1887 158 1887 2765 1887 2802 1888 2800 1888 158 1888 158 1889 2800 1889 2798 1889 158 1890 2798 1890 2796 1890 2849 1891 2847 1891 2796 1891 2839 1892 158 1892 2841 1892 2841 1893 158 1893 2796 1893 2841 1894 2796 1894 2844 1894 2844 1895 2796 1895 2847 1895 2839 1896 2837 1896 158 1896 158 1897 2837 1897 2833 1897 158 1898 2833 1898 2834 1898 2885 1891 2883 1891 2834 1891 2883 1895 2880 1895 2834 1895 2834 1899 2880 1899 2877 1899 2834 1900 2877 1900 158 1900 158 1901 2877 1901 2875 1901 158 1902 2875 1902 2873 1902 2923 1903 2920 1903 2870 1903 2920 1904 2913 1904 2870 1904 2870 1905 2913 1905 158 1905 2870 1906 158 1906 2869 1906 2869 1907 158 1907 2873 1907 2913 1908 2915 1908 158 1908 158 1909 2915 1909 2911 1909 158 1910 2911 1910 2909 1910 2740 1854 2737 1854 2685 1854 2685 1911 2737 1911 2730 1911 2685 1912 2730 1912 2732 1912 2728 1913 2726 1913 158 1913 158 1914 2726 1914 2724 1914 158 1915 2724 1915 2769 1915 2769 1884 2724 1884 2722 1884 2769 1916 2722 1916 2767 1916 2767 1904 2722 1904 2774 1904 2814 1917 2811 1917 2759 1917 2759 1918 2811 1918 2804 1918 2759 1894 2804 1894 2806 1894 2909 1919 2907 1919 158 1919 158 1920 2907 1920 2905 1920 158 1921 2905 1921 3522 1921 3522 1922 2905 1922 2887 1922 3522 1923 2887 1923 3482 1923 3482 1924 2887 1924 2889 1924 3482 1925 2889 1925 3483 1925 2897 1926 3485 1926 2899 1926 2899 1927 3485 1927 3483 1927 2899 1928 3483 1928 2890 1928 2890 1929 3483 1929 2889 1929 2897 1930 2898 1930 3485 1930 3485 1931 2898 1931 2895 1931 3485 1932 2895 1932 2896 1932 2859 1933 2860 1933 2893 1933 2823 1934 2824 1934 3539 1934 2896 1935 2893 1935 3485 1935 3485 1936 2893 1936 2860 1936 3485 1937 2860 1937 3539 1937 2824 1938 2821 1938 3539 1938 3539 1939 2821 1939 2822 1939 3539 1940 2822 1940 2820 1940 2893 1941 2894 1941 2859 1941 2859 1942 2894 1942 2892 1942 2859 1943 2892 1943 2862 1943 2862 1944 2892 1944 2861 1944 2923 1945 2870 1945 2902 1945 2902 1946 2870 1946 2851 1946 2902 1924 2851 1924 2900 1924 2900 1924 2851 1924 2853 1924 2900 1947 2853 1947 2891 1947 2891 1947 2853 1947 2854 1947 2891 1948 2854 1948 2892 1948 2892 1949 2854 1949 2863 1949 2892 1950 2863 1950 2861 1950 2860 1951 2857 1951 3539 1951 3539 1952 2857 1952 2858 1952 3539 1953 2858 1953 2823 1953 2823 1942 2858 1942 2856 1942 2823 1943 2856 1943 2826 1943 2826 1954 2856 1954 2825 1954 2885 1955 2834 1955 2866 1955 2866 1946 2834 1946 2815 1946 2866 1924 2815 1924 2864 1924 2864 1924 2815 1924 2817 1924 2864 1947 2817 1947 2855 1947 2855 1947 2817 1947 2818 1947 2855 1948 2818 1948 2856 1948 2856 1949 2818 1949 2827 1949 2856 1956 2827 1956 2825 1956 2849 1957 2796 1957 2830 1957 2830 1946 2796 1946 2778 1946 2830 1924 2778 1924 2828 1924 2828 1924 2778 1924 2780 1924 2828 1947 2780 1947 2819 1947 2819 1947 2780 1947 2781 1947 2819 1948 2781 1948 2820 1948 2820 1958 2781 1958 2790 1958 2820 1959 2790 1959 2788 1959 2788 1960 2789 1960 2820 1960 2820 1961 2789 1961 2786 1961 2820 1962 2786 1962 3539 1962 3539 1963 2786 1963 2787 1963 2787 1964 2784 1964 3539 1964 3539 1965 2784 1965 2785 1965 3539 1966 2785 1966 2783 1966 2814 1957 2759 1957 2793 1957 2793 1946 2759 1946 2741 1946 2793 1924 2741 1924 2791 1924 2791 1924 2741 1924 2743 1924 2791 1947 2743 1947 2782 1947 2782 1947 2743 1947 2744 1947 2782 1948 2744 1948 2783 1948 2783 1949 2744 1949 2753 1949 2783 1950 2753 1950 2751 1950 2751 1960 2752 1960 2783 1960 2783 1961 2752 1961 2749 1961 2783 1967 2749 1967 3539 1967 3539 1968 2749 1968 2750 1968 2750 1969 2747 1969 3539 1969 3539 1970 2747 1970 2748 1970 3539 1971 2748 1971 2746 1971 2716 1949 2746 1949 2707 1949 2707 1948 2746 1948 2745 1948 2707 1947 2745 1947 2706 1947 2706 1947 2745 1947 2754 1947 2706 1924 2754 1924 2704 1924 2704 1924 2754 1924 2756 1924 2704 1946 2756 1946 2722 1946 2722 1945 2756 1945 2777 1945 2722 1903 2777 1903 2774 1903 2716 1950 2714 1950 2746 1950 2746 1972 2714 1972 2715 1972 2746 1973 2715 1973 3539 1973 3539 1974 2715 1974 2712 1974 3539 1975 2712 1975 2713 1975 2713 1976 2710 1976 3539 1976 3539 1977 2710 1977 2711 1977 3539 1978 2711 1978 2709 1978 3539 1979 2673 1979 2674 1979 2674 1980 2672 1980 3539 1980 3539 1981 2672 1981 2671 1981 3539 1982 2671 1982 3538 1982 3538 1947 2671 1947 2680 1947 3538 1924 2680 1924 2682 1924 2677 1972 2678 1972 2709 1972 2709 1983 2678 1983 2675 1983 2709 1984 2675 1984 3539 1984 3539 1985 2675 1985 2676 1985 3539 1986 2676 1986 2673 1986 2740 1987 2685 1987 2719 1987 2719 1946 2685 1946 2667 1946 2719 1924 2667 1924 2717 1924 2717 1924 2667 1924 2669 1924 2717 1947 2669 1947 2708 1947 2708 1947 2669 1947 2670 1947 2708 1948 2670 1948 2709 1948 2709 1988 2670 1988 2679 1988 2709 1989 2679 1989 2677 1989 2412 1947 2421 1947 3540 1947 3540 1924 2421 1924 2423 1924 3540 1990 2423 1990 125 1990 125 1991 2423 1991 2444 1991 125 1992 2444 1992 2441 1992 2630 1924 2632 1924 3538 1924 3538 1947 2632 1947 2633 1947 3538 1993 2633 1993 3539 1993 3539 1994 2633 1994 2642 1994 3539 1995 2642 1995 2640 1995 2640 1996 2641 1996 3539 1996 3539 1997 2641 1997 2638 1997 3539 1998 2638 1998 2639 1998 2601 1999 2602 1999 3539 1999 2564 2000 2565 2000 3541 2000 3539 1937 2602 1937 3541 1937 2565 2001 2562 2001 3541 2001 3541 2002 2562 2002 2563 2002 3541 2003 2563 2003 2561 2003 2602 2004 2599 2004 3541 2004 3541 2005 2599 2005 2600 2005 3541 2006 2600 2006 2564 2006 2564 1942 2600 1942 2598 1942 2564 1983 2598 1983 2567 1983 2567 2007 2598 2007 2566 2007 2629 2008 2574 2008 2608 2008 2608 1946 2574 1946 2556 1946 2608 1924 2556 1924 2606 1924 2606 1924 2556 1924 2558 1924 2606 1947 2558 1947 2597 1947 2597 1947 2558 1947 2559 1947 2597 1948 2559 1948 2598 1948 2598 2009 2559 2009 2568 2009 2598 2010 2568 2010 2566 2010 2592 2011 2537 2011 2571 2011 2571 1946 2537 1946 2519 1946 2571 1924 2519 1924 2569 1924 2569 1924 2519 1924 2521 1924 2569 1947 2521 1947 2560 1947 2560 1947 2521 1947 2522 1947 2560 1948 2522 1948 2561 1948 2561 2012 2522 2012 2531 2012 2561 2013 2531 2013 2529 2013 2529 2007 2530 2007 2561 2007 2561 2014 2530 2014 2527 2014 2561 2015 2527 2015 3541 2015 3541 2016 2527 2016 2528 2016 2528 2017 2525 2017 3541 2017 3541 2018 2525 2018 2526 2018 3541 2019 2526 2019 2524 2019 2639 2020 2636 2020 3539 2020 3539 2021 2636 2021 2637 2021 3539 2022 2637 2022 2601 2022 2601 1942 2637 1942 2635 1942 2601 1983 2635 1983 2604 1983 2604 2023 2635 2023 2603 2023 2666 1987 2611 1987 2645 1987 2645 1946 2611 1946 2593 1946 2645 1924 2593 1924 2643 1924 2643 1924 2593 1924 2595 1924 2643 1947 2595 1947 2634 1947 2634 1947 2595 1947 2596 1947 2634 1948 2596 1948 2635 1948 2635 2009 2596 2009 2605 2009 2635 2024 2605 2024 2603 2024 2555 1955 2500 1955 2534 1955 2534 1946 2500 1946 2482 1946 2534 1924 2482 1924 2532 1924 2532 1924 2482 1924 2484 1924 2532 1947 2484 1947 2523 1947 2523 1947 2484 1947 2485 1947 2523 1948 2485 1948 2524 1948 2524 2025 2485 2025 2494 2025 2524 2026 2494 2026 2492 2026 2492 2027 2493 2027 2524 2027 2524 2028 2493 2028 2490 2028 2524 2029 2490 2029 3541 2029 3541 2030 2490 2030 2491 2030 2491 2031 2488 2031 3541 2031 3541 2032 2488 2032 2489 2032 3541 2033 2489 2033 2487 2033 2457 2012 2487 2012 2448 2012 2448 1948 2487 1948 2486 1948 2448 1947 2486 1947 2447 1947 2447 1947 2486 1947 2495 1947 2447 1924 2495 1924 2445 1924 2445 1924 2495 1924 2497 1924 2445 1946 2497 1946 2463 1946 2463 2011 2497 2011 2518 2011 2463 1868 2518 1868 2515 1868 2457 2013 2455 2013 2487 2013 2487 2027 2455 2027 2456 2027 2487 2034 2456 2034 3541 2034 3541 2035 2456 2035 2453 2035 3541 2036 2453 2036 2454 2036 2454 2037 2451 2037 3541 2037 3541 2038 2451 2038 2452 2038 3541 2039 2452 2039 2450 2039 2414 2040 2415 2040 3541 2040 3541 2041 2415 2041 2413 2041 3541 2042 2413 2042 2412 2042 2418 2043 2419 2043 2450 2043 2450 2044 2419 2044 2416 2044 2450 2045 2416 2045 3541 2045 3541 2046 2416 2046 2417 2046 3541 2047 2417 2047 2414 2047 2481 2011 2426 2011 2460 2011 2460 1946 2426 1946 2408 1946 2460 1924 2408 1924 2458 1924 2458 1924 2408 1924 2410 1924 2458 1947 2410 1947 2449 1947 2449 1947 2410 1947 2411 1947 2449 1948 2411 1948 2450 1948 2450 2009 2411 2009 2420 2009 2450 2024 2420 2024 2418 2024 2412 2048 3540 2048 3541 2048 3541 2049 3540 2049 2374 2049 3541 2050 2374 2050 2383 2050 2383 2051 2381 2051 3541 2051 3541 2052 2381 2052 2382 2052 3541 2053 2382 2053 2379 2053 2378 2054 2376 2054 2342 2054 2379 2055 2380 2055 3541 2055 3541 2056 2380 2056 2377 2056 3541 2057 2377 2057 2378 2057 2305 2058 2306 2058 3542 2058 2378 2059 2342 2059 3541 2059 3541 2060 2342 2060 2343 2060 3541 1937 2343 1937 3542 1937 2343 2061 2340 2061 3542 2061 3542 2062 2340 2062 2341 2062 3542 2063 2341 2063 2305 2063 2305 1942 2341 1942 2339 1942 2306 2064 2303 2064 3542 2064 3542 2065 2303 2065 2304 2065 3542 2066 2304 2066 2302 2066 2346 1989 2344 1989 2376 1989 2376 1972 2344 1972 2345 1972 2376 1983 2345 1983 2342 1983 2272 1956 2270 1956 2302 1956 2269 2067 3542 2067 2268 2067 2268 2068 3542 2068 2302 2068 2268 1943 2302 1943 2271 1943 2271 1954 2302 1954 2270 1954 2269 2069 2266 2069 3542 2069 3542 2070 2266 2070 2267 2070 3542 2071 2267 2071 2265 2071 2235 1959 2233 1959 2265 1959 2233 1960 2234 1960 2265 1960 2265 1961 2234 1961 2231 1961 2265 2072 2231 2072 3542 2072 3542 2073 2231 2073 2232 2073 2232 2074 2229 2074 3542 2074 3542 2075 2229 2075 2230 2075 3542 2076 2230 2076 2228 2076 2198 1950 2196 1950 2228 1950 2196 1960 2197 1960 2228 1960 2228 1961 2197 1961 2194 1961 2228 2077 2194 2077 3542 2077 3542 2078 2194 2078 2195 2078 2195 2079 2192 2079 3542 2079 3542 2080 2192 2080 2193 2080 3542 2081 2193 2081 2191 2081 2191 2082 2932 2082 3542 2082 3542 2083 2932 2083 2933 2083 3542 2084 2933 2084 2930 2084 2936 1950 2934 1950 2191 1950 2191 1944 2934 1944 2935 1944 2191 1943 2935 1943 2932 1943 2309 1950 2307 1950 2339 1950 2339 1944 2307 1944 2308 1944 2339 1943 2308 1943 2305 1943 2930 2085 2931 2085 3542 2085 3542 2086 2931 2086 2929 2086 3542 2087 2929 2087 3543 2087 3543 2088 2929 2088 2928 2088 3543 2089 2928 2089 3544 2089 3544 1947 2928 1947 2937 1947 3544 2090 2937 2090 3545 2090 3545 2091 2937 2091 2939 2091 3545 2092 2939 2092 123 2092 123 2093 2939 2093 2958 2093 123 2094 2958 2094 2956 2094 2956 2095 2953 2095 123 2095 123 2096 2953 2096 2950 2096 123 2097 2950 2097 2948 2097 2214 2098 2210 2098 2946 2098 2251 2099 2247 2099 125 2099 2948 2100 2946 2100 123 2100 123 2101 2946 2101 2210 2101 123 1882 2210 1882 125 1882 2288 2102 2284 2102 125 2102 2284 2103 2282 2103 125 2103 125 2104 2282 2104 2280 2104 125 2105 2280 2105 2278 2105 2247 2106 2245 2106 125 2106 125 2107 2245 2107 2243 2107 125 2108 2243 2108 2288 2108 2288 2109 2243 2109 2241 2109 2288 1894 2241 1894 2286 1894 2286 1895 2241 1895 2293 1895 2235 2110 2265 2110 2226 2110 2226 1948 2265 1948 2264 1948 2226 1947 2264 1947 2225 1947 2225 1947 2264 1947 2273 1947 2225 1924 2273 1924 2223 1924 2223 1924 2273 1924 2275 1924 2223 1946 2275 1946 2241 1946 2241 1955 2275 1955 2296 1955 2241 1891 2296 1891 2293 1891 2210 2111 2208 2111 125 2111 125 2112 2208 2112 2206 2112 125 2113 2206 2113 2251 2113 2251 1884 2206 1884 2204 1884 2251 1894 2204 1894 2249 1894 2249 1918 2204 1918 2256 1918 2198 1949 2228 1949 2189 1949 2189 1948 2228 1948 2227 1948 2189 1947 2227 1947 2188 1947 2188 1947 2227 1947 2236 1947 2188 1924 2236 1924 2186 1924 2186 1924 2236 1924 2238 1924 2186 1946 2238 1946 2204 1946 2204 1957 2238 1957 2259 1957 2204 1917 2259 1917 2256 1917 2946 2114 2942 2114 2214 2114 2214 1884 2942 1884 2943 1884 2214 1916 2943 1916 2212 1916 2212 1904 2943 1904 2219 1904 2936 1949 2191 1949 2927 1949 2927 1948 2191 1948 2190 1948 2927 1947 2190 1947 2926 1947 2926 1947 2190 1947 2199 1947 2926 1924 2199 1924 2924 1924 2924 1924 2199 1924 2201 1924 2924 1946 2201 1946 2943 1946 2943 1945 2201 1945 2222 1945 2943 1903 2222 1903 2219 1903 2272 1949 2302 1949 2263 1949 2263 1948 2302 1948 2301 1948 2263 1947 2301 1947 2262 1947 2262 1947 2301 1947 2310 1947 2262 1924 2310 1924 2260 1924 2260 1924 2310 1924 2312 1924 2260 1946 2312 1946 2278 1946 2278 1945 2312 1945 2333 1945 2278 1903 2333 1903 2330 1903 2330 1904 2323 1904 2278 1904 2278 1916 2323 1916 2325 1916 2278 2115 2325 2115 125 2115 125 2116 2325 2116 2321 2116 2321 2117 2319 2117 125 2117 125 2118 2319 2118 2317 2118 125 2119 2317 2119 2315 2119 2309 1949 2339 1949 2300 1949 2300 1948 2339 1948 2338 1948 2300 1947 2338 1947 2299 1947 2299 1947 2338 1947 2347 1947 2299 1924 2347 1924 2297 1924 2297 1924 2347 1924 2349 1924 2297 1946 2349 1946 2315 1946 2315 1957 2349 1957 2370 1957 2315 1917 2370 1917 2367 1917 2367 1857 2360 1857 2315 1857 2315 1912 2360 1912 2362 1912 2315 2120 2362 2120 125 2120 125 2121 2362 2121 2358 2121 2358 2122 2356 2122 125 2122 125 2123 2356 2123 2354 2123 125 2124 2354 2124 2352 2124 125 2125 2393 2125 2391 2125 2404 2126 2397 2126 2352 2126 2352 1894 2397 1894 2399 1894 2352 2127 2399 2127 125 2127 125 2128 2399 2128 2395 2128 125 2129 2395 2129 2393 2129 2346 2012 2376 2012 2337 2012 2337 1948 2376 1948 2375 1948 2337 1947 2375 1947 2336 1947 2336 1947 2375 1947 2384 1947 2336 1924 2384 1924 2334 1924 2334 1924 2384 1924 2386 1924 2334 1946 2386 1946 2352 1946 2352 2130 2386 2130 2407 2130 2352 2131 2407 2131 2404 2131 2391 2132 2389 2132 125 2132 125 2133 2389 2133 2371 2133 125 2134 2371 2134 3540 2134 3540 1924 2371 1924 2373 1924 3540 1947 2373 1947 2374 1947 3544 2135 3545 2135 3546 2135 3547 2136 3548 2136 3549 2136 343 2137 3546 2137 341 2137 357 2138 329 2138 331 2138 2992 2139 348 2139 331 2139 331 2140 348 2140 3550 2140 331 2141 3550 2141 357 2141 348 2142 351 2142 3550 2142 3550 2143 351 2143 353 2143 3550 2144 353 2144 357 2144 357 2145 353 2145 355 2145 345 2146 2974 2146 3551 2146 3551 2147 2974 2147 2973 2147 3551 2148 2973 2148 3552 2148 3552 2149 2973 2149 2971 2149 3552 2150 2971 2150 3553 2150 3553 2151 2971 2151 2969 2151 3553 2152 2969 2152 3554 2152 3554 2153 2969 2153 2979 2153 3554 2154 2979 2154 3555 2154 3555 2155 2979 2155 2978 2155 3555 2156 2978 2156 3556 2156 3556 2157 2978 2157 2976 2157 3556 2158 2976 2158 3557 2158 3557 2159 2976 2159 2975 2159 3557 2159 2975 2159 3558 2159 3558 2160 2975 2160 2966 2160 3558 2161 2966 2161 3559 2161 3559 2162 2966 2162 2964 2162 3559 2163 2964 2163 3560 2163 3560 2164 2964 2164 2962 2164 3560 2165 2962 2165 3561 2165 3561 2166 2962 2166 2961 2166 3561 2167 2961 2167 3562 2167 3562 2168 2961 2168 2980 2168 3562 2169 2980 2169 3563 2169 3563 2170 2980 2170 2982 2170 3563 2171 2982 2171 3564 2171 3564 2172 2982 2172 2984 2172 3564 2173 2984 2173 3547 2173 3547 2174 2984 2174 2986 2174 3547 2175 2986 2175 3565 2175 3565 2176 2986 2176 2988 2176 3565 2177 2988 2177 2990 2177 2994 2178 2996 2178 3566 2178 2994 2179 3566 2179 121 2179 121 2180 3566 2180 3545 2180 121 2181 3545 2181 123 2181 341 2182 3546 2182 339 2182 339 2183 3546 2183 3545 2183 339 2184 3545 2184 336 2184 336 2185 3545 2185 3566 2185 336 2186 3566 2186 347 2186 347 2187 3566 2187 2996 2187 347 2188 2996 2188 2998 2188 3547 2189 3549 2189 3564 2189 3564 2190 3549 2190 3567 2190 3564 2191 3567 2191 3563 2191 3563 2192 3567 2192 3568 2192 3563 2193 3568 2193 3562 2193 3562 2194 3568 2194 3569 2194 3562 2195 3569 2195 3561 2195 3561 2196 3569 2196 3570 2196 3561 2197 3570 2197 3560 2197 3560 2198 3570 2198 3571 2198 3560 2199 3571 2199 3559 2199 3559 2200 3571 2200 3572 2200 3559 2201 3572 2201 3558 2201 3572 2202 3573 2202 3558 2202 3558 2203 3573 2203 3574 2203 3558 2204 3574 2204 3557 2204 3557 2205 3574 2205 3575 2205 3557 2206 3575 2206 3556 2206 3556 2207 3575 2207 3576 2207 3576 2208 3577 2208 3556 2208 3556 2209 3577 2209 3578 2209 3556 2210 3578 2210 3555 2210 3555 2211 3578 2211 3579 2211 3555 2212 3579 2212 3554 2212 3554 2213 3579 2213 3580 2213 3554 2214 3580 2214 3553 2214 3553 2215 3580 2215 3581 2215 3553 2216 3581 2216 3552 2216 3552 2217 3581 2217 3582 2217 3552 2218 3582 2218 3551 2218 3551 2219 3582 2219 3583 2219 3551 2220 3583 2220 3584 2220 3584 2221 3583 2221 3542 2221 3584 2221 3542 2221 3543 2221 315 2222 3548 2222 316 2222 316 2223 3548 2223 3547 2223 316 2224 3547 2224 333 2224 333 2225 3547 2225 3565 2225 333 2226 3565 2226 331 2226 331 2227 3565 2227 2990 2227 331 2228 2990 2228 2992 2228 345 2229 3551 2229 343 2229 343 2230 3551 2230 3584 2230 343 2231 3584 2231 3546 2231 3546 2232 3584 2232 3543 2232 3546 2233 3543 2233 3544 2233 3019 2234 3033 2234 3520 2234 3020 152 3019 152 3585 152 3585 2235 3019 2235 3520 2235 3585 2236 3520 2236 3586 2236 3033 2237 3039 2237 3520 2237 3520 2238 3039 2238 3038 2238 3520 2239 3038 2239 3036 2239 3036 2240 3035 2240 3520 2240 3520 2241 3035 2241 3040 2241 3520 2242 3040 2242 3521 2242 3040 2243 3042 2243 3521 2243 3521 2244 3042 2244 3044 2244 3521 2245 3044 2245 3479 2245 3479 2246 3044 2246 3054 2246 3479 2247 3054 2247 3480 2247 3480 2248 3054 2248 3058 2248 3480 2249 3058 2249 172 2249 172 2250 3058 2250 3057 2250 172 2251 3057 2251 191 2251 3587 2252 3588 2252 3589 2252 3590 2253 3587 2253 3591 2253 3592 2254 3593 2254 3594 2254 3592 2255 3594 2255 3595 2255 3595 2256 3594 2256 3596 2256 3595 2257 3596 2257 3597 2257 3596 2258 3598 2258 3597 2258 3597 2259 3598 2259 3599 2259 3597 2260 3599 2260 3600 2260 3600 2261 3599 2261 3601 2261 3600 2262 3601 2262 3602 2262 3602 2263 3601 2263 3603 2263 3602 2264 3603 2264 3604 2264 3604 2265 3603 2265 3605 2265 3604 2266 3605 2266 3606 2266 3606 2267 3605 2267 3607 2267 3606 2268 3607 2268 3608 2268 3608 2269 3607 2269 3609 2269 3608 2270 3609 2270 3610 2270 3589 2271 3588 2271 3611 2271 3611 2272 3588 2272 3612 2272 3611 2273 3612 2273 3613 2273 3613 2274 3612 2274 3614 2274 3613 2275 3614 2275 3615 2275 3614 2276 3616 2276 3615 2276 3615 2277 3616 2277 3617 2277 3615 2278 3617 2278 3618 2278 3618 2279 3617 2279 3619 2279 3618 2280 3619 2280 3620 2280 3620 2281 3619 2281 3621 2281 3620 2282 3621 2282 3622 2282 3622 2283 3621 2283 3623 2283 3622 2284 3623 2284 3624 2284 3485 2285 3592 2285 3486 2285 3486 2286 3592 2286 3595 2286 3486 2287 3595 2287 3487 2287 3487 2288 3595 2288 3597 2288 3487 2289 3597 2289 3489 2289 3489 2290 3597 2290 3600 2290 3489 2291 3600 2291 3491 2291 3491 2292 3600 2292 3602 2292 3491 2293 3602 2293 3493 2293 3493 2294 3602 2294 3604 2294 3493 2295 3604 2295 3495 2295 3495 2296 3604 2296 3606 2296 3495 2297 3606 2297 3497 2297 3497 2298 3606 2298 3608 2298 3504 2299 3502 2299 3610 2299 3610 2300 3502 2300 3501 2300 3610 2301 3501 2301 3608 2301 3608 2302 3501 2302 3499 2302 3608 2303 3499 2303 3497 2303 3506 2304 3504 2304 3591 2304 3591 2305 3504 2305 3610 2305 3591 2306 3610 2306 3590 2306 3590 2307 3610 2307 3609 2307 3587 2308 3589 2308 3591 2308 3591 2309 3589 2309 3507 2309 3591 2310 3507 2310 3506 2310 3622 2311 3520 2311 3620 2311 3620 2312 3520 2312 3518 2312 3620 2313 3518 2313 3618 2313 3618 2314 3518 2314 3516 2314 3618 2315 3516 2315 3615 2315 3615 2316 3516 2316 3514 2316 3615 2317 3514 2317 3613 2317 3613 2318 3514 2318 3512 2318 3613 2319 3512 2319 3611 2319 3611 2320 3512 2320 3510 2320 3611 2321 3510 2321 3589 2321 3589 2322 3510 2322 3508 2322 3589 2323 3508 2323 3507 2323 3625 2324 3626 2324 3593 2324 3542 2325 3625 2325 3541 2325 3541 2326 3625 2326 3593 2326 3541 2327 3593 2327 3539 2327 3539 2328 3593 2328 3592 2328 3539 2325 3592 2325 3485 2325 3627 2329 3628 2329 3629 2329 3630 2330 3627 2330 3631 2330 3632 2331 3633 2331 3634 2331 3632 2332 3634 2332 3635 2332 3635 2333 3634 2333 3636 2333 3635 2334 3636 2334 3637 2334 3636 2335 3638 2335 3637 2335 3637 2336 3638 2336 3639 2336 3637 2337 3639 2337 3640 2337 3640 2338 3639 2338 3641 2338 3640 2339 3641 2339 3642 2339 3642 2340 3641 2340 3643 2340 3642 2341 3643 2341 3644 2341 3644 2342 3643 2342 3645 2342 3644 2343 3645 2343 3646 2343 3646 2344 3645 2344 3647 2344 3646 2345 3647 2345 3648 2345 3648 2346 3647 2346 3649 2346 3648 2347 3649 2347 3650 2347 3629 2348 3628 2348 3651 2348 3651 2349 3628 2349 3652 2349 3651 2350 3652 2350 3653 2350 3653 2351 3652 2351 3654 2351 3653 2352 3654 2352 3655 2352 3655 2353 3654 2353 3656 2353 3655 2354 3656 2354 3657 2354 3656 2355 3658 2355 3657 2355 3657 2356 3658 2356 3659 2356 3657 2357 3659 2357 3660 2357 3660 2358 3659 2358 3661 2358 3660 2359 3661 2359 3625 2359 3625 2360 3661 2360 3662 2360 3625 2361 3662 2361 3626 2361 315 2362 3632 2362 3548 2362 3548 2363 3632 2363 3635 2363 3548 2364 3635 2364 3549 2364 3549 2365 3635 2365 3637 2365 3549 2366 3637 2366 3567 2366 3567 2367 3637 2367 3640 2367 3567 2368 3640 2368 3568 2368 3568 2369 3640 2369 3642 2369 3568 2370 3642 2370 3569 2370 3569 2371 3642 2371 3644 2371 3569 2372 3644 2372 3570 2372 3570 2373 3644 2373 3646 2373 3570 2374 3646 2374 3571 2374 3571 2375 3646 2375 3648 2375 3575 2376 3574 2376 3650 2376 3650 2377 3574 2377 3573 2377 3650 2378 3573 2378 3648 2378 3648 2379 3573 2379 3572 2379 3648 2380 3572 2380 3571 2380 3576 2381 3575 2381 3631 2381 3631 2382 3575 2382 3650 2382 3631 2383 3650 2383 3630 2383 3630 2384 3650 2384 3649 2384 3627 2385 3629 2385 3631 2385 3631 2386 3629 2386 3577 2386 3631 2387 3577 2387 3576 2387 3625 2388 3542 2388 3660 2388 3660 2389 3542 2389 3583 2389 3660 2390 3583 2390 3657 2390 3657 2391 3583 2391 3582 2391 3657 2392 3582 2392 3655 2392 3655 2393 3582 2393 3581 2393 3655 2394 3581 2394 3653 2394 3653 2395 3581 2395 3580 2395 3653 2396 3580 2396 3651 2396 3651 2397 3580 2397 3579 2397 3651 2398 3579 2398 3629 2398 3629 2399 3579 2399 3578 2399 3629 2400 3578 2400 3577 2400 315 2401 327 2401 3632 2401 3632 2402 327 2402 3663 2402 3632 2403 3663 2403 3633 2403 3633 2404 3663 2404 3664 2404 3633 2405 3664 2405 3665 2405 3665 2406 3666 2406 3633 2406 3633 2407 3666 2407 3667 2407 3633 2408 3667 2408 3624 2408 3624 2408 3667 2408 3668 2408 3624 2409 3668 2409 3669 2409 3586 2410 3520 2410 3670 2410 3670 2411 3520 2411 3622 2411 3670 2412 3622 2412 3671 2412 3671 2413 3622 2413 3624 2413 3671 2414 3624 2414 3672 2414 3672 2415 3624 2415 3669 2415 3673 2416 3674 2416 3675 2416 3676 2417 3677 2417 3678 2417 3676 2418 3678 2418 3679 2418 3679 2419 3678 2419 3680 2419 3679 2420 3680 2420 3681 2420 3681 2421 3680 2421 3682 2421 3681 2422 3682 2422 3683 2422 3683 2423 3682 2423 3684 2423 3683 2424 3684 2424 3685 2424 3685 2425 3684 2425 3686 2425 3685 2426 3686 2426 3687 2426 3687 2427 3686 2427 3688 2427 3687 2428 3688 2428 3689 2428 3689 2429 3688 2429 3690 2429 3689 2430 3690 2430 3691 2430 3691 2431 3690 2431 3692 2431 3691 2432 3692 2432 3693 2432 3693 2433 3692 2433 3694 2433 3693 2434 3694 2434 3695 2434 3695 2435 3694 2435 3696 2435 3695 2436 3696 2436 3697 2436 3697 2437 3696 2437 3698 2437 3697 2438 3698 2438 3699 2438 3699 2439 3698 2439 3700 2439 3699 2440 3700 2440 3701 2440 3701 2441 3700 2441 3702 2441 3701 2442 3702 2442 3703 2442 3703 2443 3702 2443 3704 2443 3703 2444 3704 2444 3705 2444 3706 2445 3705 2445 3707 2445 3707 2446 3705 2446 3704 2446 3707 2447 3704 2447 3708 2447 3708 2448 3704 2448 3709 2448 3594 2449 3593 2449 3710 2449 3710 2450 3711 2450 3594 2450 3594 2451 3711 2451 3712 2451 3594 2452 3712 2452 3596 2452 3596 2453 3712 2453 3598 2453 3598 2454 3712 2454 3713 2454 3598 2455 3713 2455 3599 2455 3599 2456 3713 2456 3601 2456 3601 2457 3713 2457 3714 2457 3601 2458 3714 2458 3603 2458 3603 2459 3714 2459 3715 2459 3603 2460 3715 2460 3605 2460 3605 2461 3715 2461 3716 2461 3605 2462 3716 2462 3607 2462 3607 2463 3716 2463 3717 2463 3607 2464 3717 2464 3609 2464 3609 2465 3717 2465 3718 2465 3609 2466 3718 2466 3590 2466 3590 2467 3718 2467 3719 2467 3590 2468 3719 2468 3587 2468 3587 2469 3719 2469 3720 2469 3587 2470 3720 2470 3588 2470 3588 2471 3720 2471 3721 2471 3588 2472 3721 2472 3612 2472 3612 2473 3721 2473 3722 2473 3612 2474 3722 2474 3614 2474 3614 2475 3722 2475 3616 2475 3616 2476 3722 2476 3723 2476 3616 2477 3723 2477 3617 2477 3617 2478 3723 2478 3619 2478 3619 2479 3723 2479 3724 2479 3619 2480 3724 2480 3621 2480 3621 2481 3724 2481 3675 2481 3621 2482 3675 2482 3623 2482 3623 2483 3675 2483 3674 2483 3623 2484 3674 2484 3624 2484 3676 2485 3725 2485 3677 2485 3677 2486 3725 2486 3726 2486 3677 2487 3726 2487 3727 2487 3710 2488 3709 2488 3711 2488 3711 2489 3709 2489 3704 2489 3711 2490 3704 2490 3712 2490 3712 2491 3704 2491 3702 2491 3712 2492 3702 2492 3713 2492 3713 2493 3702 2493 3700 2493 3713 2494 3700 2494 3714 2494 3714 2495 3700 2495 3698 2495 3714 2496 3698 2496 3715 2496 3715 2497 3698 2497 3696 2497 3715 2498 3696 2498 3716 2498 3716 2499 3696 2499 3694 2499 3716 2500 3694 2500 3717 2500 3717 2501 3694 2501 3692 2501 3717 2502 3692 2502 3718 2502 3718 2503 3692 2503 3690 2503 3718 2504 3690 2504 3719 2504 3719 2505 3690 2505 3688 2505 3719 2506 3688 2506 3720 2506 3720 2507 3688 2507 3686 2507 3720 2508 3686 2508 3721 2508 3721 2509 3686 2509 3684 2509 3721 2510 3684 2510 3722 2510 3722 2511 3684 2511 3682 2511 3722 2512 3682 2512 3723 2512 3723 2513 3682 2513 3680 2513 3723 2514 3680 2514 3724 2514 3724 2515 3680 2515 3678 2515 3724 2516 3678 2516 3675 2516 3675 2517 3678 2517 3677 2517 3675 2518 3677 2518 3673 2518 3673 2519 3677 2519 3727 2519 3728 2520 3706 2520 3729 2520 3729 2520 3706 2520 3707 2520 3729 2521 3707 2521 3730 2521 3730 2521 3707 2521 3708 2521 3730 2522 3708 2522 3709 2522 3593 2523 3626 2523 3710 2523 3710 2523 3626 2523 3731 2523 3710 2524 3731 2524 3709 2524 3709 2524 3731 2524 3732 2524 3709 2522 3732 2522 3730 2522 3732 2525 3731 2525 3733 2525 3734 2526 3735 2526 3736 2526 3734 2527 3736 2527 3737 2527 3737 2528 3736 2528 3738 2528 3737 2529 3738 2529 3739 2529 3739 2530 3738 2530 3740 2530 3739 2531 3740 2531 3741 2531 3741 2532 3740 2532 3742 2532 3741 2533 3742 2533 3743 2533 3743 2534 3742 2534 3744 2534 3743 2535 3744 2535 3745 2535 3745 2536 3744 2536 3746 2536 3745 2537 3746 2537 3747 2537 3747 2538 3746 2538 3748 2538 3747 2539 3748 2539 3749 2539 3749 2540 3748 2540 3750 2540 3749 2541 3750 2541 3751 2541 3751 2542 3750 2542 3752 2542 3751 2543 3752 2543 3753 2543 3753 2544 3752 2544 3754 2544 3753 2545 3754 2545 3755 2545 3755 2546 3754 2546 3756 2546 3755 2547 3756 2547 3757 2547 3757 2548 3756 2548 3758 2548 3757 2549 3758 2549 3759 2549 3759 2550 3758 2550 3760 2550 3759 2551 3760 2551 3761 2551 3761 2552 3760 2552 3762 2552 3761 2553 3762 2553 3763 2553 3764 2554 3763 2554 3765 2554 3765 2555 3763 2555 3762 2555 3765 2556 3762 2556 3766 2556 3766 2557 3762 2557 3767 2557 3634 2558 3633 2558 3768 2558 3768 2559 3769 2559 3634 2559 3634 2560 3769 2560 3770 2560 3634 2561 3770 2561 3636 2561 3636 2562 3770 2562 3638 2562 3638 2563 3770 2563 3771 2563 3638 2564 3771 2564 3639 2564 3639 2565 3771 2565 3641 2565 3641 2566 3771 2566 3772 2566 3641 2567 3772 2567 3643 2567 3643 2568 3772 2568 3773 2568 3643 2569 3773 2569 3645 2569 3645 2570 3773 2570 3774 2570 3645 2571 3774 2571 3647 2571 3647 2572 3774 2572 3775 2572 3647 2573 3775 2573 3649 2573 3649 2574 3775 2574 3776 2574 3649 2575 3776 2575 3630 2575 3630 2576 3776 2576 3777 2576 3630 2577 3777 2577 3627 2577 3627 2578 3777 2578 3778 2578 3627 2579 3778 2579 3628 2579 3628 2580 3778 2580 3779 2580 3628 2581 3779 2581 3652 2581 3652 2582 3779 2582 3780 2582 3652 2583 3780 2583 3654 2583 3654 2584 3780 2584 3656 2584 3656 2585 3780 2585 3781 2585 3656 2586 3781 2586 3658 2586 3658 2587 3781 2587 3659 2587 3659 2588 3781 2588 3782 2588 3659 2589 3782 2589 3661 2589 3661 2590 3782 2590 3733 2590 3661 2591 3733 2591 3662 2591 3662 2592 3733 2592 3731 2592 3662 2593 3731 2593 3626 2593 3734 2594 3728 2594 3735 2594 3735 2595 3728 2595 3729 2595 3735 2596 3729 2596 3730 2596 3768 2597 3767 2597 3769 2597 3769 2598 3767 2598 3762 2598 3769 2599 3762 2599 3770 2599 3770 2600 3762 2600 3760 2600 3770 2601 3760 2601 3771 2601 3771 2602 3760 2602 3758 2602 3771 2603 3758 2603 3772 2603 3772 2604 3758 2604 3756 2604 3772 2605 3756 2605 3773 2605 3773 2606 3756 2606 3754 2606 3773 2607 3754 2607 3774 2607 3774 2608 3754 2608 3752 2608 3774 2609 3752 2609 3775 2609 3775 2610 3752 2610 3750 2610 3775 2611 3750 2611 3776 2611 3776 2612 3750 2612 3748 2612 3776 2613 3748 2613 3777 2613 3777 2614 3748 2614 3746 2614 3777 2615 3746 2615 3778 2615 3778 2616 3746 2616 3744 2616 3778 2617 3744 2617 3779 2617 3779 2618 3744 2618 3742 2618 3779 2619 3742 2619 3780 2619 3780 2620 3742 2620 3740 2620 3780 2621 3740 2621 3781 2621 3781 2622 3740 2622 3738 2622 3781 2623 3738 2623 3782 2623 3782 2624 3738 2624 3736 2624 3782 2625 3736 2625 3733 2625 3733 2626 3736 2626 3735 2626 3733 2627 3735 2627 3732 2627 3732 2628 3735 2628 3730 2628 3725 2629 3764 2629 3726 2629 3726 2629 3764 2629 3765 2629 3726 2630 3765 2630 3727 2630 3727 2630 3765 2630 3766 2630 3727 2631 3766 2631 3767 2631 3633 2632 3624 2632 3768 2632 3768 2632 3624 2632 3674 2632 3768 2633 3674 2633 3767 2633 3767 2633 3674 2633 3673 2633 3767 2631 3673 2631 3727 2631 3783 2634 3687 2634 3784 2634 3784 2635 3687 2635 3689 2635 3784 2636 3689 2636 3785 2636 3785 2637 3689 2637 3691 2637 3785 2638 3691 2638 3786 2638 3787 2639 3745 2639 3788 2639 3788 2640 3745 2640 3747 2640 3788 2641 3747 2641 3789 2641 3789 2642 3747 2642 3749 2642 3789 2643 3749 2643 3790 2643 3791 2644 3683 2644 3783 2644 3783 2645 3683 2645 3685 2645 3783 2646 3685 2646 3687 2646 3691 2647 3693 2647 3786 2647 3786 2648 3693 2648 3695 2648 3786 2649 3695 2649 3792 2649 3792 2650 3695 2650 3697 2650 3792 2651 3697 2651 3793 2651 3794 2652 3795 2652 3759 2652 3749 2653 3751 2653 3790 2653 3790 2654 3751 2654 3753 2654 3790 2655 3753 2655 3796 2655 3796 2656 3753 2656 3755 2656 3796 2657 3755 2657 3795 2657 3795 2658 3755 2658 3757 2658 3795 2659 3757 2659 3759 2659 3797 2660 3741 2660 3787 2660 3787 2661 3741 2661 3743 2661 3787 2662 3743 2662 3745 2662 3697 2663 3699 2663 3793 2663 3793 2664 3699 2664 3701 2664 3793 2665 3701 2665 3798 2665 3799 2666 3676 2666 3800 2666 3800 2667 3676 2667 3679 2667 3800 2668 3679 2668 3791 2668 3791 2669 3679 2669 3681 2669 3791 2670 3681 2670 3683 2670 3759 2671 3761 2671 3794 2671 3794 2672 3761 2672 3763 2672 3794 2673 3763 2673 3801 2673 3801 2674 3763 2674 3764 2674 3801 0 3764 0 3799 0 3799 0 3764 0 3725 0 3799 2675 3725 2675 3676 2675 3802 2676 3734 2676 3803 2676 3803 2677 3734 2677 3737 2677 3803 2678 3737 2678 3797 2678 3797 2679 3737 2679 3739 2679 3797 2680 3739 2680 3741 2680 3701 2681 3703 2681 3798 2681 3798 2682 3703 2682 3705 2682 3798 2683 3705 2683 3804 2683 3804 2675 3705 2675 3706 2675 3804 0 3706 0 3802 0 3802 0 3706 0 3728 0 3802 2674 3728 2674 3734 2674 3805 27 3806 27 3802 27 3802 27 3806 27 3804 27 3805 2684 3802 2684 3807 2684 3807 2684 3802 2684 3803 2684 3807 2685 3803 2685 3808 2685 3808 2685 3803 2685 3797 2685 3808 2686 3797 2686 3809 2686 3809 2686 3797 2686 3787 2686 3809 2687 3787 2687 3810 2687 3810 2687 3787 2687 3788 2687 3810 2688 3788 2688 3811 2688 3811 2688 3788 2688 3789 2688 3811 2689 3789 2689 3812 2689 3812 2689 3789 2689 3790 2689 3812 2690 3790 2690 3813 2690 3813 2690 3790 2690 3796 2690 3813 2691 3796 2691 3814 2691 3814 2691 3796 2691 3795 2691 3814 2692 3795 2692 3815 2692 3815 2692 3795 2692 3794 2692 3815 2693 3794 2693 3816 2693 3816 2693 3794 2693 3801 2693 3817 16 3816 16 3799 16 3799 16 3816 16 3801 16 3817 2694 3799 2694 3818 2694 3818 2694 3799 2694 3800 2694 3818 2695 3800 2695 3819 2695 3819 2695 3800 2695 3791 2695 3819 2696 3791 2696 3820 2696 3820 2696 3791 2696 3783 2696 3820 2697 3783 2697 3821 2697 3821 2697 3783 2697 3784 2697 3821 2698 3784 2698 3822 2698 3822 2698 3784 2698 3785 2698 3822 2699 3785 2699 3823 2699 3823 2699 3785 2699 3786 2699 3823 2700 3786 2700 3824 2700 3824 2700 3786 2700 3792 2700 3824 2701 3792 2701 3825 2701 3825 2701 3792 2701 3793 2701 3825 2702 3793 2702 3826 2702 3826 2702 3793 2702 3798 2702 3826 2703 3798 2703 3806 2703 3806 2703 3798 2703 3804 2703 110 0 3805 0 119 0 119 0 3805 0 3807 0 119 0 3807 0 118 0 118 0 3807 0 3808 0 118 0 3808 0 117 0 117 0 3808 0 3809 0 117 0 3809 0 116 0 116 0 3809 0 3810 0 116 0 3810 0 115 0 115 0 3810 0 3811 0 115 0 3811 0 114 0 114 0 3811 0 3812 0 114 0 3812 0 113 0 113 0 3812 0 3813 0 113 0 3813 0 112 0 112 0 3813 0 3814 0 112 0 3814 0 111 0 111 0 3814 0 3815 0 111 0 3815 0 99 0 99 0 3815 0 3816 0 99 0 3816 0 98 0 98 0 3816 0 3817 0 98 0 3817 0 109 0 109 0 3817 0 3818 0 109 0 3818 0 108 0 108 0 3818 0 3819 0 108 0 3819 0 107 0 107 0 3819 0 3820 0 107 0 3820 0 106 0 106 0 3820 0 3821 0 106 0 3821 0 105 0 105 0 3821 0 3822 0 105 0 3822 0 104 0 104 0 3822 0 3823 0 104 0 3823 0 103 0 103 0 3823 0 3824 0 103 0 3824 0 102 0 102 0 3824 0 3825 0 102 0 3825 0 101 0 101 0 3825 0 3826 0 101 0 3826 0 100 0 100 0 3826 0 3806 0 100 0 3806 0 110 0 110 0 3806 0 3805 0 3074 2704 420 2704 3085 2704 3827 2705 3088 2705 3087 2705 3091 2706 3090 2706 3827 2706 3827 2707 3090 2707 3089 2707 3827 2708 3089 2708 3088 2708 3092 2709 3091 2709 3093 2709 3093 2710 3091 2710 3827 2710 3093 2711 3827 2711 3094 2711 3094 2708 3827 2708 3095 2708 3095 2712 3827 2712 3096 2712 3096 2713 3827 2713 3087 2713 3096 2714 3087 2714 3828 2714 3828 2715 3087 2715 3099 2715 3828 2716 3099 2716 3098 2716 3103 2717 3096 2717 3102 2717 3102 2718 3096 2718 3828 2718 3102 2719 3828 2719 3097 2719 3097 2720 3828 2720 3098 2720 3108 2721 3109 2721 3829 2721 3110 2722 3085 2722 3829 2722 3110 2723 3829 2723 3111 2723 3112 2724 3111 2724 3105 2724 3105 2725 3111 2725 3829 2725 3105 2726 3829 2726 3106 2726 3106 2727 3829 2727 3109 2727 3829 2722 3087 2722 3115 2722 3107 2728 3108 2728 3113 2728 3113 2729 3108 2729 3829 2729 3113 2730 3829 2730 3114 2730 3114 2731 3829 2731 3115 2731 3085 2732 420 2732 3829 2732 3829 2732 420 2732 421 2732 3829 2732 421 2732 3087 2732 3087 2733 421 2733 3100 2733 3087 2734 3100 2734 3099 2734 3830 2735 3072 2735 3071 2735 3068 2736 3073 2736 3069 2736 3069 2737 3073 2737 3830 2737 3069 2738 3830 2738 3070 2738 3070 2739 3830 2739 3071 2739 3073 2740 3074 2740 3830 2740 3830 2741 3074 2741 3085 2741 3830 2742 3085 2742 3072 2742 3072 2743 3085 2743 3831 2743 3072 2712 3831 2712 3077 2712 3077 2708 3831 2708 3078 2708 3081 2744 3080 2744 3831 2744 3831 2745 3080 2745 3079 2745 3831 2746 3079 2746 3078 2746 3082 2747 3081 2747 3083 2747 3083 2748 3081 2748 3831 2748 3083 2708 3831 2708 3084 2708 3084 2705 3831 2705 3085 2705 3120 2744 3119 2744 3832 2744 3832 2706 3119 2706 3118 2706 3832 2707 3118 2707 3117 2707 3121 2749 3120 2749 3122 2749 3122 2750 3120 2750 3832 2750 3122 2708 3832 2708 3123 2708 3123 2712 3832 2712 3124 2712 3128 2717 3129 2717 3124 2717 3125 2719 3128 2719 3833 2719 3833 2718 3128 2718 3124 2718 3833 2714 3124 2714 399 2714 399 2713 3124 2713 3832 2713 399 2705 3832 2705 3116 2705 3116 2708 3832 2708 3117 2708 402 2733 401 2733 399 2733 399 2734 401 2734 3127 2734 399 2715 3127 2715 3833 2715 3833 2716 3127 2716 3126 2716 3833 2720 3126 2720 3125 2720 408 2751 407 2751 3834 2751 398 2722 3834 2722 399 2722 399 2752 3834 2752 3835 2752 399 2753 3835 2753 402 2753 417 2754 402 2754 416 2754 416 2755 402 2755 3835 2755 416 2756 3835 2756 409 2756 409 2757 3835 2757 3834 2757 409 2758 3834 2758 410 2758 407 2759 406 2759 3834 2759 3834 2760 406 2760 412 2760 3834 2761 412 2761 410 2761 413 2762 408 2762 414 2762 414 2763 408 2763 3834 2763 414 2764 3834 2764 415 2764 415 2765 3834 2765 398 2765 3477 2766 3478 2766 3836 2766 3475 2767 3476 2767 3468 2767 3468 2768 3476 2768 3477 2768 3470 2769 3472 2769 3467 2769 3477 2770 3836 2770 3468 2770 3468 2771 3836 2771 3471 2771 3468 2772 3471 2772 3470 2772 3467 2712 3466 2712 3837 2712 3460 2773 3459 2773 3837 2773 3837 2774 3459 2774 3458 2774 3470 2775 3467 2775 3468 2775 3468 2712 3467 2712 3837 2712 3468 2712 3837 2712 3456 2712 3456 2776 3837 2776 3458 2776 3456 2777 3458 2777 3457 2777 3466 2778 3465 2778 3837 2778 3837 2779 3465 2779 3464 2779 3837 2780 3464 2780 3463 2780 3463 2781 3462 2781 3837 2781 3837 2782 3462 2782 3461 2782 3837 2783 3461 2783 3460 2783 3449 2784 3454 2784 3838 2784 3838 2785 3454 2785 3455 2785 3450 2736 3449 2736 3451 2736 3451 2786 3449 2786 3838 2786 3451 2787 3838 2787 3452 2787 3452 2788 3838 2788 3453 2788 3438 2777 3437 2777 3439 2777 3439 2789 3437 2789 3839 2789 3442 2790 3441 2790 3839 2790 3839 2791 3441 2791 3440 2791 3839 2792 3440 2792 3439 2792 3840 2793 3445 2793 3444 2793 3437 2794 3453 2794 3839 2794 3839 2795 3453 2795 3838 2795 3839 2796 3838 2796 3442 2796 3442 2797 3838 2797 3840 2797 3442 2798 3840 2798 3443 2798 3443 2799 3840 2799 3444 2799 3455 2788 3448 2788 3838 2788 3838 2712 3448 2712 3447 2712 3838 2800 3447 2800 3840 2800 3840 2801 3447 2801 3446 2801 3840 2802 3446 2802 3445 2802 3430 2803 3435 2803 3841 2803 3841 2804 3435 2804 3436 2804 3431 2736 3430 2736 3432 2736 3432 2786 3430 2786 3841 2786 3432 2787 3841 2787 3433 2787 3433 2788 3841 2788 3434 2788 3419 2777 3418 2777 3420 2777 3420 2789 3418 2789 3842 2789 3423 2790 3422 2790 3842 2790 3842 2791 3422 2791 3421 2791 3842 2792 3421 2792 3420 2792 3843 2805 3426 2805 3425 2805 3418 2794 3434 2794 3842 2794 3842 2795 3434 2795 3841 2795 3842 2796 3841 2796 3423 2796 3423 2797 3841 2797 3843 2797 3423 2806 3843 2806 3424 2806 3424 2807 3843 2807 3425 2807 3436 2788 3429 2788 3841 2788 3841 2712 3429 2712 3428 2712 3841 2808 3428 2808 3843 2808 3843 2801 3428 2801 3427 2801 3843 2802 3427 2802 3426 2802 3411 2784 3416 2784 3844 2784 3844 2785 3416 2785 3417 2785 3412 2736 3411 2736 3413 2736 3413 2786 3411 2786 3844 2786 3413 2787 3844 2787 3414 2787 3414 2788 3844 2788 3415 2788 3400 2809 3399 2809 3401 2809 3401 2789 3399 2789 3845 2789 3404 2790 3403 2790 3845 2790 3845 2791 3403 2791 3402 2791 3845 2792 3402 2792 3401 2792 3846 2793 3407 2793 3406 2793 3399 2794 3415 2794 3845 2794 3845 2795 3415 2795 3844 2795 3845 2796 3844 2796 3404 2796 3404 2797 3844 2797 3846 2797 3404 2798 3846 2798 3405 2798 3405 2799 3846 2799 3406 2799 3417 2788 3410 2788 3844 2788 3844 2712 3410 2712 3409 2712 3844 2800 3409 2800 3846 2800 3846 2801 3409 2801 3408 2801 3846 2802 3408 2802 3407 2802 3392 2810 3397 2810 3847 2810 3847 2811 3397 2811 3398 2811 3393 2736 3392 2736 3394 2736 3394 2786 3392 2786 3847 2786 3394 2787 3847 2787 3395 2787 3395 2788 3847 2788 3396 2788 3381 2812 3380 2812 3382 2812 3382 2813 3380 2813 3848 2813 3385 2814 3384 2814 3848 2814 3848 2815 3384 2815 3383 2815 3848 2816 3383 2816 3382 2816 3849 2817 3388 2817 3387 2817 3380 2818 3396 2818 3848 2818 3848 2795 3396 2795 3847 2795 3848 2819 3847 2819 3385 2819 3385 2797 3847 2797 3849 2797 3385 2820 3849 2820 3386 2820 3386 2821 3849 2821 3387 2821 3398 2788 3391 2788 3847 2788 3847 2712 3391 2712 3390 2712 3847 2822 3390 2822 3849 2822 3849 2823 3390 2823 3389 2823 3849 2824 3389 2824 3388 2824 3373 2825 3378 2825 3850 2825 3850 2804 3378 2804 3379 2804 3374 2736 3373 2736 3375 2736 3375 2826 3373 2826 3850 2826 3375 2787 3850 2787 3376 2787 3376 2788 3850 2788 3377 2788 3362 2777 3361 2777 3363 2777 3363 2813 3361 2813 3851 2813 3366 2827 3365 2827 3851 2827 3851 2791 3365 2791 3364 2791 3851 2816 3364 2816 3363 2816 3852 2817 3369 2817 3368 2817 3361 2818 3377 2818 3851 2818 3851 2795 3377 2795 3850 2795 3851 2819 3850 2819 3366 2819 3366 2828 3850 2828 3852 2828 3366 2829 3852 2829 3367 2829 3367 2821 3852 2821 3368 2821 3379 2788 3372 2788 3850 2788 3850 2712 3372 2712 3371 2712 3850 2830 3371 2830 3852 2830 3852 2823 3371 2823 3370 2823 3852 2824 3370 2824 3369 2824 3354 2810 3359 2810 3853 2810 3853 2831 3359 2831 3360 2831 3355 2736 3354 2736 3356 2736 3356 2786 3354 2786 3853 2786 3356 2787 3853 2787 3357 2787 3357 2788 3853 2788 3358 2788 3343 2812 3342 2812 3344 2812 3344 2813 3342 2813 3854 2813 3347 2814 3346 2814 3854 2814 3854 2815 3346 2815 3345 2815 3854 2816 3345 2816 3344 2816 3855 2817 3350 2817 3349 2817 3342 2818 3358 2818 3854 2818 3854 2795 3358 2795 3853 2795 3854 2819 3853 2819 3347 2819 3347 2797 3853 2797 3855 2797 3347 2820 3855 2820 3348 2820 3348 2821 3855 2821 3349 2821 3360 2788 3353 2788 3853 2788 3853 2712 3353 2712 3352 2712 3853 2822 3352 2822 3855 2822 3855 2801 3352 2801 3351 2801 3855 2802 3351 2802 3350 2802 3335 2832 3340 2832 3856 2832 3856 2833 3340 2833 3341 2833 3336 2736 3335 2736 3337 2736 3337 2834 3335 2834 3856 2834 3337 2835 3856 2835 3338 2835 3338 2788 3856 2788 3339 2788 3324 2836 3323 2836 3325 2836 3325 2837 3323 2837 3857 2837 3328 2838 3327 2838 3857 2838 3857 2839 3327 2839 3326 2839 3857 2816 3326 2816 3325 2816 3858 2840 3331 2840 3330 2840 3323 2841 3339 2841 3857 2841 3857 2795 3339 2795 3856 2795 3857 2819 3856 2819 3328 2819 3328 2828 3856 2828 3858 2828 3328 2842 3858 2842 3329 2842 3329 2843 3858 2843 3330 2843 3341 2788 3334 2788 3856 2788 3856 2712 3334 2712 3333 2712 3856 2844 3333 2844 3858 2844 3858 2845 3333 2845 3332 2845 3858 2846 3332 2846 3331 2846 3316 2847 3321 2847 3859 2847 3859 2848 3321 2848 3322 2848 3317 2736 3316 2736 3318 2736 3318 2849 3316 2849 3859 2849 3318 2850 3859 2850 3319 2850 3319 2788 3859 2788 3320 2788 3305 2851 3304 2851 3306 2851 3306 2852 3304 2852 3860 2852 3309 2853 3308 2853 3860 2853 3860 2854 3308 2854 3307 2854 3860 2855 3307 2855 3306 2855 3861 2817 3312 2817 3311 2817 3304 2856 3320 2856 3860 2856 3860 2795 3320 2795 3859 2795 3860 2857 3859 2857 3309 2857 3309 2858 3859 2858 3861 2858 3309 2859 3861 2859 3310 2859 3310 2860 3861 2860 3311 2860 3322 2788 3315 2788 3859 2788 3859 2712 3315 2712 3314 2712 3859 2861 3314 2861 3861 2861 3861 2845 3314 2845 3313 2845 3861 2846 3313 2846 3312 2846 3298 2862 3297 2862 3293 2862 3303 2863 3293 2863 3294 2863 3294 2775 3293 2775 3297 2775 3294 2864 3297 2864 3295 2864 3295 2864 3297 2864 3300 2864 3293 2712 3292 2712 3862 2712 3286 2865 3285 2865 3862 2865 3862 2866 3285 2866 3284 2866 3298 2788 3293 2788 3299 2788 3299 2712 3293 2712 3862 2712 3299 2712 3862 2712 3282 2712 3282 2776 3862 2776 3284 2776 3282 2867 3284 2867 3283 2867 3292 2778 3291 2778 3862 2778 3862 2868 3291 2868 3290 2868 3862 2869 3290 2869 3289 2869 3289 2870 3288 2870 3862 2870 3862 2871 3288 2871 3287 2871 3862 2872 3287 2872 3286 2872 3275 2847 3280 2847 3863 2847 3863 2848 3280 2848 3281 2848 3276 2736 3275 2736 3277 2736 3277 2849 3275 2849 3863 2849 3277 2850 3863 2850 3278 2850 3278 2788 3863 2788 3279 2788 3264 2873 3263 2873 3265 2873 3265 2874 3263 2874 3864 2874 3268 2853 3267 2853 3864 2853 3864 2854 3267 2854 3266 2854 3864 2855 3266 2855 3265 2855 3865 2875 3271 2875 3270 2875 3263 2818 3279 2818 3864 2818 3864 2795 3279 2795 3863 2795 3864 2857 3863 2857 3268 2857 3268 2858 3863 2858 3865 2858 3268 2859 3865 2859 3269 2859 3269 2860 3865 2860 3270 2860 3281 2788 3274 2788 3863 2788 3863 2712 3274 2712 3273 2712 3863 2876 3273 2876 3865 2876 3865 2845 3273 2845 3272 2845 3865 2846 3272 2846 3271 2846 3256 2832 3261 2832 3866 2832 3866 2833 3261 2833 3262 2833 3257 2736 3256 2736 3258 2736 3258 2834 3256 2834 3866 2834 3258 2835 3866 2835 3259 2835 3259 2788 3866 2788 3260 2788 3245 2877 3244 2877 3246 2877 3246 2837 3244 2837 3867 2837 3249 2838 3248 2838 3867 2838 3867 2839 3248 2839 3247 2839 3867 2816 3247 2816 3246 2816 3868 2840 3252 2840 3251 2840 3244 2841 3260 2841 3867 2841 3867 2795 3260 2795 3866 2795 3867 2819 3866 2819 3249 2819 3249 2828 3866 2828 3868 2828 3249 2842 3868 2842 3250 2842 3250 2843 3868 2843 3251 2843 3262 2788 3255 2788 3866 2788 3866 2712 3255 2712 3254 2712 3866 2844 3254 2844 3868 2844 3868 2823 3254 2823 3253 2823 3868 2824 3253 2824 3252 2824 3237 2825 3242 2825 3869 2825 3869 2804 3242 2804 3243 2804 3238 2736 3237 2736 3239 2736 3239 2878 3237 2878 3869 2878 3239 2879 3869 2879 3240 2879 3240 2788 3869 2788 3241 2788 3226 2812 3225 2812 3227 2812 3227 2813 3225 2813 3870 2813 3230 2880 3229 2880 3870 2880 3870 2815 3229 2815 3228 2815 3870 2816 3228 2816 3227 2816 3871 2817 3233 2817 3232 2817 3225 2818 3241 2818 3870 2818 3870 2795 3241 2795 3869 2795 3870 2881 3869 2881 3230 2881 3230 2828 3869 2828 3871 2828 3230 2829 3871 2829 3231 2829 3231 2821 3871 2821 3232 2821 3243 2788 3236 2788 3869 2788 3869 2712 3236 2712 3235 2712 3869 2830 3235 2830 3871 2830 3871 2801 3235 2801 3234 2801 3871 2802 3234 2802 3233 2802 3218 2803 3223 2803 3872 2803 3872 2804 3223 2804 3224 2804 3219 2736 3218 2736 3220 2736 3220 2786 3218 2786 3872 2786 3220 2787 3872 2787 3221 2787 3221 2788 3872 2788 3222 2788 3207 2777 3206 2777 3208 2777 3208 2813 3206 2813 3873 2813 3211 2814 3210 2814 3873 2814 3873 2815 3210 2815 3209 2815 3873 2816 3209 2816 3208 2816 3874 2793 3214 2793 3213 2793 3206 2818 3222 2818 3873 2818 3873 2795 3222 2795 3872 2795 3873 2819 3872 2819 3211 2819 3211 2828 3872 2828 3874 2828 3211 2882 3874 2882 3212 2882 3212 2799 3874 2799 3213 2799 3224 2788 3217 2788 3872 2788 3872 2712 3217 2712 3216 2712 3872 2830 3216 2830 3874 2830 3874 2823 3216 2823 3215 2823 3874 2824 3215 2824 3214 2824 3199 2825 3204 2825 3875 2825 3875 2804 3204 2804 3205 2804 3200 2736 3199 2736 3201 2736 3201 2878 3199 2878 3875 2878 3201 2883 3875 2883 3202 2883 3202 2788 3875 2788 3203 2788 3188 2884 3187 2884 3189 2884 3189 2885 3187 2885 3876 2885 3192 2880 3191 2880 3876 2880 3876 2815 3191 2815 3190 2815 3876 2886 3190 2886 3189 2886 3877 2817 3195 2817 3194 2817 3187 2818 3203 2818 3876 2818 3876 2795 3203 2795 3875 2795 3876 2881 3875 2881 3192 2881 3192 2828 3875 2828 3877 2828 3192 2829 3877 2829 3193 2829 3193 2821 3877 2821 3194 2821 3205 2788 3198 2788 3875 2788 3875 2712 3198 2712 3197 2712 3875 2830 3197 2830 3877 2830 3877 2801 3197 2801 3196 2801 3877 2802 3196 2802 3195 2802 3180 2887 3185 2887 3878 2887 3878 2804 3185 2804 3186 2804 3181 2736 3180 2736 3182 2736 3182 2888 3180 2888 3878 2888 3182 2889 3878 2889 3183 2889 3183 2788 3878 2788 3184 2788 3169 2890 3168 2890 3170 2890 3170 2891 3168 2891 3879 2891 3173 2892 3172 2892 3879 2892 3879 2791 3172 2791 3171 2791 3879 2886 3171 2886 3170 2886 3880 2793 3176 2793 3175 2793 3168 2794 3184 2794 3879 2794 3879 2795 3184 2795 3878 2795 3879 2881 3878 2881 3173 2881 3173 2893 3878 2893 3880 2893 3173 2894 3880 2894 3174 2894 3174 2799 3880 2799 3175 2799 3186 2788 3179 2788 3878 2788 3878 2712 3179 2712 3178 2712 3878 2895 3178 2895 3880 2895 3880 2801 3178 2801 3177 2801 3880 2802 3177 2802 3176 2802 3161 2803 3166 2803 3881 2803 3881 2804 3166 2804 3167 2804 3162 2736 3161 2736 3163 2736 3163 2786 3161 2786 3881 2786 3163 2787 3881 2787 3164 2787 3164 2788 3881 2788 3165 2788 3150 2777 3149 2777 3151 2777 3151 2896 3149 2896 3882 2896 3154 2897 3153 2897 3882 2897 3882 2898 3153 2898 3152 2898 3882 2886 3152 2886 3151 2886 3883 2793 3157 2793 3156 2793 3149 2899 3165 2899 3882 2899 3882 2795 3165 2795 3881 2795 3882 2881 3881 2881 3154 2881 3154 2893 3881 2893 3883 2893 3154 2894 3883 2894 3155 2894 3155 2799 3883 2799 3156 2799 3167 2788 3160 2788 3881 2788 3881 2712 3160 2712 3159 2712 3881 2895 3159 2895 3883 2895 3883 2900 3159 2900 3158 2900 3883 2901 3158 2901 3157 2901 3142 2803 3147 2803 3884 2803 3884 2804 3147 2804 3148 2804 3143 2736 3142 2736 3144 2736 3144 2786 3142 2786 3884 2786 3144 2787 3884 2787 3145 2787 3145 2788 3884 2788 3146 2788 3131 2777 3130 2777 3132 2777 3132 2789 3130 2789 3885 2789 3135 2790 3134 2790 3885 2790 3885 2791 3134 2791 3133 2791 3885 2792 3133 2792 3132 2792 3886 2805 3138 2805 3137 2805 3130 2794 3146 2794 3885 2794 3885 2795 3146 2795 3884 2795 3885 2796 3884 2796 3135 2796 3135 2797 3884 2797 3886 2797 3135 2806 3886 2806 3136 2806 3136 2807 3886 2807 3137 2807 3148 2788 3141 2788 3884 2788 3884 2712 3141 2712 3140 2712 3884 2808 3140 2808 3886 2808 3886 2801 3140 2801 3139 2801 3886 2802 3139 2802 3138 2802 1526 27 1525 27 1519 27 1519 27 1525 27 1524 27 1519 27 1533 27 1526 27 1526 27 1533 27 1532 27 1526 27 1532 27 1527 27 1527 27 1532 27 1531 27 1520 27 1519 27 1521 27 1521 27 1519 27 1524 27 1521 27 1524 27 1522 27 1522 27 1524 27 1523 27 1531 27 1530 27 1527 27 1527 27 1530 27 1529 27 1527 27 1529 27 1528 27 1506 27 1505 27 1504 27 1511 27 1510 27 1504 27 1516 27 1515 27 1517 27 1517 27 1515 27 1514 27 1517 27 1514 27 1513 27 1504 27 1518 27 1511 27 1511 27 1518 27 1517 27 1511 27 1517 27 1512 27 1512 27 1517 27 1513 27 1507 27 1506 27 1508 27 1508 27 1506 27 1504 27 1508 27 1504 27 1509 27 1509 27 1504 27 1510 27 1491 27 1490 27 1489 27 1496 27 1495 27 1489 27 1501 27 1500 27 1502 27 1502 27 1500 27 1499 27 1502 27 1499 27 1498 27 1489 27 1503 27 1496 27 1496 27 1503 27 1502 27 1496 27 1502 27 1497 27 1497 27 1502 27 1498 27 1492 27 1491 27 1493 27 1493 27 1491 27 1489 27 1493 27 1489 27 1494 27 1494 27 1489 27 1495 27 1476 27 1475 27 1474 27 1488 27 1481 27 1474 27 1474 27 1481 27 1480 27 1483 27 1482 27 1484 27 1484 27 1482 27 1481 27 1477 27 1476 27 1478 27 1478 27 1476 27 1474 27 1478 27 1474 27 1479 27 1479 27 1474 27 1480 27 1485 27 1484 27 1486 27 1486 27 1484 27 1481 27 1486 27 1481 27 1487 27 1487 27 1481 27 1488 27 1466 27 1465 27 1459 27 1459 27 1465 27 1464 27 1459 27 1464 27 1463 27 1471 27 1470 27 1472 27 1472 27 1470 27 1469 27 1472 27 1469 27 1468 27 1459 27 1473 27 1466 27 1466 27 1473 27 1472 27 1466 27 1472 27 1467 27 1467 27 1472 27 1468 27 1463 27 1462 27 1459 27 1459 27 1462 27 1461 27 1459 27 1461 27 1460 27 1446 27 1445 27 1444 27 1451 27 1450 27 1444 27 1444 27 1458 27 1451 27 1451 27 1458 27 1457 27 1451 27 1457 27 1456 27 1453 27 1452 27 1454 27 1454 27 1452 27 1451 27 1454 27 1451 27 1455 27 1455 27 1451 27 1456 27 1447 27 1446 27 1448 27 1448 27 1446 27 1444 27 1448 27 1444 27 1449 27 1449 27 1444 27 1450 27 1431 27 1430 27 1429 27 1435 27 1429 27 1436 27 1436 27 1429 27 1443 27 1436 27 1443 27 1442 27 1442 27 1441 27 1440 27 1432 27 1431 27 1433 27 1433 27 1431 27 1429 27 1433 27 1429 27 1434 27 1434 27 1429 27 1435 27 1437 27 1436 27 1438 27 1438 27 1436 27 1442 27 1438 27 1442 27 1439 27 1439 27 1442 27 1440 27 1428 27 1421 27 1414 27 1414 27 1421 27 1420 27 1414 27 1420 27 1419 27 1415 27 1414 27 1416 27 1416 27 1414 27 1419 27 1416 27 1419 27 1417 27 1417 27 1419 27 1418 27 1426 27 1425 27 1424 27 1428 27 1427 27 1421 27 1421 27 1427 27 1426 27 1421 27 1426 27 1422 27 1422 27 1426 27 1424 27 1422 27 1424 27 1423 27 1400 27 1399 27 1405 27 1405 27 1399 27 1406 27 1402 27 1401 27 1403 27 1403 27 1401 27 1400 27 1403 27 1400 27 1404 27 1404 27 1400 27 1405 27 1411 27 1410 27 1412 27 1412 27 1410 27 1409 27 1399 27 1413 27 1406 27 1406 27 1413 27 1412 27 1406 27 1412 27 1407 27 1407 27 1412 27 1409 27 1407 27 1409 27 1408 27 1384 27 1390 27 1389 27 1390 27 1384 27 1391 27 1384 27 1398 27 1391 27 1391 27 1398 27 1397 27 1391 27 1397 27 1396 27 1385 27 1384 27 1386 27 1386 27 1384 27 1389 27 1386 27 1389 27 1387 27 1387 27 1389 27 1388 27 1393 27 1392 27 1394 27 1394 27 1392 27 1391 27 1394 27 1391 27 1395 27 1395 27 1391 27 1396 27 1370 27 1369 27 1375 27 1375 27 1369 27 1376 27 1372 27 1371 27 1373 27 1373 27 1371 27 1370 27 1373 27 1370 27 1374 27 1374 27 1370 27 1375 27 1381 27 1380 27 1382 27 1382 27 1380 27 1379 27 1369 27 1383 27 1376 27 1376 27 1383 27 1382 27 1376 27 1382 27 1377 27 1377 27 1382 27 1379 27 1377 27 1379 27 1378 27 1354 27 1360 27 1359 27 1360 27 1354 27 1361 27 1354 27 1368 27 1361 27 1361 27 1368 27 1367 27 1361 27 1367 27 1362 27 1362 27 1367 27 1366 27 1355 27 1354 27 1356 27 1356 27 1354 27 1359 27 1356 27 1359 27 1357 27 1357 27 1359 27 1358 27 1366 27 1365 27 1362 27 1362 27 1365 27 1364 27 1362 27 1364 27 1363 27 1339 27 1353 27 1346 27 1346 27 1353 27 1352 27 1346 27 1352 27 1351 27 1346 27 1345 27 1339 27 1339 27 1345 27 1344 27 1339 27 1344 27 1343 27 1343 27 1342 27 1339 27 1339 27 1342 27 1341 27 1339 27 1341 27 1340 27 1348 27 1347 27 1349 27 1349 27 1347 27 1346 27 1349 27 1346 27 1350 27 1350 27 1346 27 1351 27 1331 27 1330 27 1324 27 1328 27 1327 27 1326 27 1324 27 1338 27 1331 27 1331 27 1338 27 1337 27 1331 27 1337 27 1336 27 1330 27 1329 27 1324 27 1324 27 1329 27 1328 27 1324 27 1328 27 1325 27 1325 27 1328 27 1326 27 1333 27 1332 27 1334 27 1334 27 1332 27 1331 27 1334 27 1331 27 1335 27 1335 27 1331 27 1336 27 1315 27 1309 27 1316 27 1316 27 1309 27 1323 27 1316 27 1323 27 1322 27 1322 27 1321 27 1320 27 1313 27 1312 27 1311 27 1315 27 1314 27 1309 27 1309 27 1314 27 1313 27 1309 27 1313 27 1310 27 1310 27 1313 27 1311 27 1317 27 1316 27 1318 27 1318 27 1316 27 1322 27 1318 27 1322 27 1319 27 1319 27 1322 27 1320 27 1294 27 1308 27 1301 27 1301 27 1308 27 1307 27 1307 27 1306 27 1305 27 1302 27 1301 27 1303 27 1303 27 1301 27 1307 27 1303 27 1307 27 1304 27 1304 27 1307 27 1305 27 1297 27 1296 27 1298 27 1298 27 1296 27 1295 27 1298 27 1295 27 1299 27 1299 27 1295 27 1294 27 1299 27 1294 27 1300 27 1300 27 1294 27 1301 27 3296 28 3295 28 3301 28 3301 28 3295 28 3300 28 3296 2902 3301 2902 3302 2902 3836 28 3887 28 3471 28 3471 28 3887 28 3888 28 3471 28 3888 28 3469 28 3836 2903 3478 2903 3474 2903 3836 2904 3474 2904 3887 2904 3887 2905 3474 2905 3473 2905 3887 2906 3473 2906 3888 2906 3469 2907 3888 2907 3473 2907 1592 27 3889 27 200 27 200 27 3889 27 3890 27 200 27 3890 27 3891 27 358 27 268 27 361 27 361 27 268 27 255 27 3892 27 1293 27 3891 27 3891 27 1293 27 361 27 3891 27 361 27 200 27 200 27 361 27 255 27 200 27 255 27 171 27 161 170 248 170 160 170 160 2908 248 2908 223 2908 309 8 124 8 231 8 231 8 124 8 134 8 309 16 307 16 124 16 124 16 307 16 122 16 259 16 248 16 159 16 159 16 248 16 161 16 259 2909 159 2909 173 2909 259 2909 173 2909 260 2909 260 2910 173 2910 181 2910 260 2910 181 2910 292 2910 292 2911 181 2911 183 2911 292 2911 183 2911 295 2911 295 2912 183 2912 186 2912 295 2912 186 2912 296 2912 296 2913 186 2913 188 2913 296 2913 188 2913 277 2913 277 2914 188 2914 162 2914 277 2915 162 2915 275 2915 275 2916 162 2916 164 2916 275 2917 164 2917 280 2917 280 2918 164 2918 166 2918 280 2918 166 2918 261 2918 261 2919 166 2919 168 2919 261 2919 168 2919 252 2919 252 2920 168 2920 176 2920 252 2920 176 2920 262 2920 262 2921 176 2921 169 2921 262 2921 169 2921 265 2921 265 2922 169 2922 171 2922 265 2922 171 2922 255 2922 340 2923 338 2923 3893 2923 3893 2924 3894 2924 340 2924 340 2925 3894 2925 3895 2925 340 2926 3895 2926 342 2926 122 2927 307 2927 120 2927 120 2927 307 2927 305 2927 120 2928 305 2928 2993 2928 2993 2929 305 2929 3896 2929 2993 2930 3896 2930 2995 2930 2995 2931 3896 2931 3897 2931 2995 2932 3897 2932 2997 2932 2997 2933 3897 2933 3898 2933 2997 2934 3898 2934 346 2934 346 2935 3898 2935 3899 2935 346 2936 3899 2936 337 2936 337 2936 3899 2936 3900 2936 337 2937 3900 2937 338 2937 338 2938 3900 2938 3901 2938 338 2939 3901 2939 3893 2939 3895 2940 3902 2940 342 2940 342 2941 3902 2941 3903 2941 342 2942 3903 2942 344 2942 344 2942 3903 2942 3904 2942 344 2943 3904 2943 2972 2943 268 2944 358 2944 266 2944 266 2944 358 2944 356 2944 266 2945 356 2945 3905 2945 3905 2946 356 2946 354 2946 3905 2947 354 2947 3906 2947 3906 2948 354 2948 352 2948 3906 2949 352 2949 3907 2949 3907 2950 352 2950 350 2950 3907 2951 350 2951 3908 2951 3908 2952 350 2952 349 2952 3908 2953 349 2953 3909 2953 3909 2953 349 2953 2991 2953 3909 2954 2991 2954 3910 2954 3910 2955 2991 2955 2989 2955 3910 2956 2989 2956 3911 2956 3911 2957 2989 2957 2987 2957 3911 2958 2987 2958 3912 2958 3912 2959 2987 2959 2985 2959 3912 2960 2985 2960 3913 2960 3913 2961 2985 2961 2983 2961 3913 2962 2983 2962 3914 2962 3904 2943 3915 2943 2972 2943 2972 2963 3915 2963 3916 2963 2972 2963 3916 2963 2970 2963 2970 2964 3916 2964 3917 2964 2970 2964 3917 2964 2968 2964 2968 2965 3917 2965 3918 2965 2968 2965 3918 2965 2977 2965 2977 2966 3918 2966 3919 2966 2977 2966 3919 2966 2967 2966 2967 2967 3919 2967 3920 2967 2967 2967 3920 2967 2965 2967 2965 2968 3920 2968 3921 2968 2965 2968 3921 2968 2963 2968 2963 2969 3921 2969 3922 2969 2963 2969 3922 2969 2960 2969 2960 2970 3922 2970 3914 2970 2960 2970 3914 2970 2981 2970 2981 2962 3914 2962 2983 2962 372 0 373 0 1592 0 1592 0 373 0 3889 0 1293 0 3892 0 377 0 377 0 3892 0 376 0 394 2971 3923 2971 3924 2971 394 2971 3924 2971 392 2971 392 2972 3924 2972 3925 2972 392 2972 3925 2972 390 2972 390 2973 3925 2973 3926 2973 390 2973 3926 2973 388 2973 388 0 3926 0 3927 0 388 0 3927 0 386 0 386 2974 3927 2974 3928 2974 386 2974 3928 2974 384 2974 384 2975 3928 2975 3929 2975 384 2975 3929 2975 382 2975 382 2976 3929 2976 3930 2976 382 2976 3930 2976 380 2976 3931 2977 3932 2977 3933 2977 3933 2978 3934 2978 3931 2978 3931 2979 3934 2979 3935 2979 3931 2980 3935 2980 3936 2980 3935 2981 3937 2981 3936 2981 3936 2982 3937 2982 3938 2982 3936 2983 3938 2983 3939 2983 3938 2984 3940 2984 3939 2984 3939 2985 3940 2985 3941 2985 3939 2986 3941 2986 3942 2986 3941 2987 3943 2987 3942 2987 3942 2988 3943 2988 3944 2988 3942 2989 3944 2989 3945 2989 3944 2990 3946 2990 3945 2990 3945 2991 3946 2991 3947 2991 3945 2992 3947 2992 3948 2992 3947 2993 3949 2993 3948 2993 3948 2994 3949 2994 3950 2994 3948 2995 3950 2995 3951 2995 3950 2996 3952 2996 3951 2996 3951 2997 3952 2997 3953 2997 3951 2998 3953 2998 3954 2998 3953 2999 3955 2999 3954 2999 3954 3000 3955 3000 3956 3000 3954 3001 3956 3001 3957 3001 3956 3002 3958 3002 3957 3002 3957 3003 3958 3003 3959 3003 3957 3004 3959 3004 3960 3004 3959 3005 3961 3005 3960 3005 3960 3006 3961 3006 3962 3006 3960 3007 3962 3007 3963 3007 3962 3008 3964 3008 3963 3008 3963 3009 3964 3009 3965 3009 3963 3010 3965 3010 3932 3010 3932 3011 3965 3011 3966 3011 3932 3012 3966 3012 3933 3012 378 3013 380 3013 371 3013 371 3013 380 3013 3930 3013 3967 3014 3890 3014 3889 3014 373 3015 371 3015 3889 3015 3889 3016 371 3016 3930 3016 3889 3017 3930 3017 3967 3017 3891 3018 3968 3018 3892 3018 3892 3019 3968 3019 3923 3019 376 3020 3892 3020 374 3020 374 3021 3892 3021 3923 3021 374 3022 3923 3022 396 3022 396 3022 3923 3022 394 3022 3969 3023 3970 3023 3971 3023 3971 3024 3970 3024 3972 3024 3971 3025 3972 3025 3973 3025 3973 3026 3972 3026 3974 3026 3973 3027 3974 3027 3975 3027 3975 3028 3974 3028 3976 3028 3975 3029 3976 3029 3977 3029 3977 3030 3976 3030 3978 3030 3977 3031 3978 3031 3979 3031 3979 3032 3978 3032 3980 3032 3979 3033 3980 3033 3981 3033 3981 3034 3980 3034 3982 3034 3981 3035 3982 3035 3983 3035 3983 3036 3982 3036 3984 3036 3983 3037 3984 3037 3985 3037 3985 3038 3984 3038 3986 3038 3985 3039 3986 3039 3987 3039 3987 3040 3986 3040 3988 3040 3987 3041 3988 3041 3989 3041 3989 3042 3988 3042 3990 3042 3989 3043 3990 3043 3991 3043 3991 3044 3990 3044 3992 3044 3991 3045 3992 3045 3969 3045 3969 3046 3992 3046 3970 3046 3993 3047 3994 3047 3995 3047 3995 3048 3994 3048 3996 3048 3995 3049 3996 3049 3997 3049 3997 3050 3996 3050 3998 3050 3997 3051 3998 3051 3999 3051 3999 3052 3998 3052 4000 3052 3999 3053 4000 3053 4001 3053 4001 3054 4000 3054 4002 3054 4001 3055 4002 3055 4003 3055 4003 3056 4002 3056 4004 3056 4003 3057 4004 3057 4005 3057 4005 3058 4004 3058 4006 3058 4005 3059 4006 3059 4007 3059 4007 3060 4006 3060 4008 3060 4007 3061 4008 3061 4009 3061 4009 3062 4008 3062 4010 3062 4009 3063 4010 3063 4011 3063 4011 3064 4010 3064 4012 3064 4011 3065 4012 3065 4013 3065 4013 3066 4012 3066 4014 3066 4013 3067 4014 3067 4015 3067 4015 3068 4014 3068 4016 3068 4015 3069 4016 3069 3993 3069 3993 3070 4016 3070 3994 3070 4017 3071 3978 3071 4018 3071 4018 3072 3978 3072 3976 3072 4018 3073 3976 3073 4019 3073 4019 3074 3976 3074 3974 3074 4019 3075 3974 3075 4020 3075 4020 3076 3974 3076 3972 3076 4020 3077 3972 3077 4021 3077 4021 3078 3972 3078 3970 3078 4021 3079 3970 3079 4022 3079 4022 3080 3970 3080 3992 3080 4022 3081 3992 3081 4023 3081 4023 3082 3992 3082 3990 3082 4023 3083 3990 3083 4024 3083 4024 3084 3990 3084 3988 3084 4024 3085 3988 3085 4025 3085 4025 3086 3988 3086 3986 3086 4025 3087 3986 3087 4026 3087 4026 3088 3986 3088 3984 3088 4026 3089 3984 3089 4027 3089 4027 3090 3984 3090 3982 3090 4027 3091 3982 3091 4028 3091 4028 3092 3982 3092 3980 3092 4028 3093 3980 3093 4017 3093 4017 3094 3980 3094 3978 3094 4029 3095 4002 3095 4030 3095 4030 3096 4002 3096 4000 3096 4030 3097 4000 3097 4031 3097 4031 3098 4000 3098 3998 3098 4031 3099 3998 3099 4032 3099 4032 3100 3998 3100 3996 3100 4032 3101 3996 3101 4033 3101 4033 3102 3996 3102 3994 3102 4033 3103 3994 3103 4034 3103 4034 3104 3994 3104 4016 3104 4034 3105 4016 3105 4035 3105 4035 3106 4016 3106 4014 3106 4035 3107 4014 3107 4036 3107 4036 3108 4014 3108 4012 3108 4036 3109 4012 3109 4037 3109 4037 3110 4012 3110 4010 3110 4037 3111 4010 3111 4038 3111 4038 3112 4010 3112 4008 3112 4038 3113 4008 3113 4039 3113 4039 3114 4008 3114 4006 3114 4039 3115 4006 3115 4040 3115 4040 3116 4006 3116 4004 3116 4040 3117 4004 3117 4029 3117 4029 3118 4004 3118 4002 3118 4021 3119 4041 3119 4020 3119 4020 3120 4041 3120 4042 3120 4020 3121 4042 3121 4019 3121 4019 3122 4042 3122 4043 3122 4019 3123 4043 3123 4018 3123 4018 3124 4043 3124 4044 3124 4018 3125 4044 3125 4017 3125 4017 3126 4044 3126 4045 3126 4017 3127 4045 3127 4028 3127 4028 3128 4045 3128 4046 3128 4028 3129 4046 3129 4027 3129 4027 3130 4046 3130 4047 3130 4027 3131 4047 3131 4026 3131 4026 3132 4047 3132 4048 3132 4026 3133 4048 3133 4025 3133 4025 3134 4048 3134 4049 3134 4025 3135 4049 3135 4024 3135 4024 3136 4049 3136 4050 3136 4024 3137 4050 3137 4023 3137 4023 3138 4050 3138 4051 3138 4023 3139 4051 3139 4022 3139 4022 3140 4051 3140 4052 3140 4022 3141 4052 3141 4021 3141 4021 3142 4052 3142 4041 3142 4033 3143 4053 3143 4032 3143 4032 3144 4053 3144 4054 3144 4032 3145 4054 3145 4031 3145 4031 3146 4054 3146 4055 3146 4031 3147 4055 3147 4030 3147 4030 3148 4055 3148 4056 3148 4030 3149 4056 3149 4029 3149 4029 3150 4056 3150 4057 3150 4029 3151 4057 3151 4040 3151 4040 3152 4057 3152 4058 3152 4040 3153 4058 3153 4039 3153 4039 3154 4058 3154 4059 3154 4039 3155 4059 3155 4038 3155 4038 3156 4059 3156 4060 3156 4038 3157 4060 3157 4037 3157 4037 3158 4060 3158 4061 3158 4037 3159 4061 3159 4036 3159 4036 3160 4061 3160 4062 3160 4036 3161 4062 3161 4035 3161 4035 3162 4062 3162 4063 3162 4035 3163 4063 3163 4034 3163 4034 3164 4063 3164 4064 3164 4034 3165 4064 3165 4033 3165 4033 3166 4064 3166 4053 3166 4053 28 4064 28 4065 28 4046 28 4045 28 4066 28 4066 28 4045 28 4044 28 4067 28 4058 28 4066 28 4066 28 4058 28 4057 28 4066 28 4057 28 4046 28 4065 28 4064 28 4068 28 4068 28 4064 28 4063 28 4068 28 4063 28 4069 28 4069 28 4063 28 4062 28 4069 28 4062 28 4070 28 4070 28 4062 28 4061 28 4070 28 4061 28 4071 28 4071 28 4061 28 4060 28 4071 28 4060 28 4067 28 4067 28 4060 28 4059 28 4067 28 4059 28 4058 28 4051 28 4072 28 4052 28 4052 28 4072 28 4073 28 4052 28 4073 28 4041 28 4041 28 4073 28 4074 28 4041 28 4074 28 4042 28 4042 28 4074 28 4075 28 4042 28 4075 28 4043 28 4043 28 4075 28 4076 28 4043 28 4076 28 4044 28 4044 28 4076 28 4077 28 4044 28 4077 28 4066 28 4050 28 4078 28 4051 28 4051 28 4078 28 4079 28 4051 28 4079 28 4072 28 4065 28 4080 28 4053 28 4053 28 4080 28 4078 28 4053 28 4078 28 4054 28 4054 28 4078 28 4050 28 4054 28 4050 28 4055 28 4055 28 4050 28 4049 28 4055 28 4049 28 4056 28 4056 28 4049 28 4048 28 4056 28 4048 28 4057 28 4057 28 4048 28 4047 28 4057 28 4047 28 4046 28 4081 3167 4082 3167 4083 3167 4084 3168 4085 3168 4086 3168 4086 3169 4085 3169 4087 3169 4086 3170 4087 3170 4088 3170 4088 3171 4087 3171 4089 3171 4088 3172 4089 3172 4090 3172 4090 3173 4089 3173 4091 3173 4090 3174 4091 3174 4092 3174 4093 3175 4094 3175 4095 3175 4092 3176 4091 3176 4096 3176 4096 3177 4091 3177 4097 3177 4096 3178 4097 3178 4098 3178 4098 3179 4097 3179 4093 3179 4098 3180 4093 3180 4099 3180 4099 3181 4093 3181 4095 3181 4099 3182 4095 3182 4066 3182 4100 3183 4101 3183 4102 3183 4102 3184 4101 3184 4103 3184 4102 3185 4103 3185 4104 3185 4104 3186 4103 3186 4105 3186 4101 3187 4106 3187 4103 3187 4103 3188 4106 3188 4107 3188 4103 3189 4107 3189 4105 3189 4105 3190 4107 3190 4108 3190 4087 3191 4108 3191 4089 3191 4089 3192 4108 3192 4107 3192 4089 3193 4107 3193 4091 3193 4091 3194 4107 3194 4106 3194 4091 3195 4106 3195 4097 3195 4097 3196 4106 3196 4101 3196 4097 3197 4101 3197 4093 3197 4093 3198 4101 3198 4100 3198 4093 3199 4100 3199 4094 3199 4109 3200 4110 3200 4081 3200 4081 3201 4083 3201 4109 3201 4109 3202 4083 3202 4111 3202 4109 3203 4111 3203 4112 3203 4113 3204 4114 3204 4112 3204 4112 3205 4114 3205 4115 3205 4112 3206 4115 3206 4109 3206 4109 3207 4115 3207 4116 3207 4109 3208 4116 3208 4110 3208 4110 3209 4116 3209 4117 3209 4084 3210 4113 3210 4085 3210 4085 3211 4113 3211 4112 3211 4085 3212 4112 3212 4087 3212 4087 3213 4112 3213 4111 3213 4087 3214 4111 3214 4108 3214 4108 3215 4111 3215 4083 3215 4108 3216 4083 3216 4105 3216 4105 3217 4083 3217 4082 3217 4105 3218 4082 3218 4104 3218 4067 3219 4118 3219 4119 3219 4067 3220 4119 3220 4071 3220 4071 3221 4119 3221 4120 3221 4071 3222 4120 3222 4070 3222 4070 3223 4120 3223 4121 3223 4070 3224 4121 3224 4069 3224 4069 3225 4121 3225 4122 3225 4069 3226 4122 3226 4068 3226 4068 3227 4122 3227 4123 3227 4068 3228 4123 3228 4065 3228 4065 3229 4123 3229 4124 3229 4065 3230 4124 3230 4080 3230 4080 3231 4124 3231 4125 3231 4080 3232 4125 3232 4078 3232 4078 3233 4125 3233 4126 3233 4078 3233 4126 3233 4079 3233 4079 3234 4126 3234 4127 3234 4079 3235 4127 3235 4072 3235 4072 3236 4127 3236 4128 3236 4072 3237 4128 3237 4073 3237 4073 3238 4128 3238 4129 3238 4073 3239 4129 3239 4074 3239 4074 3240 4129 3240 4130 3240 4074 3241 4130 3241 4075 3241 4075 3242 4130 3242 4131 3242 4075 3243 4131 3243 4076 3243 4076 3244 4131 3244 4132 3244 4076 3245 4132 3245 4077 3245 4077 3246 4132 3246 4099 3246 4077 3247 4099 3247 4066 3247 4133 3248 4092 3248 4096 3248 4096 3249 4134 3249 4133 3249 4133 3250 4134 3250 4135 3250 4133 3251 4135 3251 4136 3251 4136 3252 4135 3252 4137 3252 4136 3253 4137 3253 4138 3253 4138 3254 4137 3254 4139 3254 4138 3255 4139 3255 4140 3255 4140 3256 4139 3256 4141 3256 4140 3257 4141 3257 4142 3257 4142 3258 4141 3258 4143 3258 4142 3259 4143 3259 4144 3259 4144 3260 4143 3260 4145 3260 4144 3261 4145 3261 4146 3261 4146 3262 4145 3262 4147 3262 4146 3262 4147 3262 4148 3262 4148 3263 4147 3263 4149 3263 4148 3264 4149 3264 4150 3264 4150 3265 4149 3265 4151 3265 4150 3266 4151 3266 4152 3266 4152 3267 4151 3267 4153 3267 4152 3268 4153 3268 4154 3268 4154 3269 4153 3269 4155 3269 4154 3270 4155 3270 4156 3270 4156 3271 4155 3271 4157 3271 4156 3272 4157 3272 4158 3272 4158 3273 4157 3273 4159 3273 4158 3274 4159 3274 4160 3274 4160 3275 4159 3275 4161 3275 4160 3276 4161 3276 4162 3276 4118 3277 4163 3277 4119 3277 4119 3278 4163 3278 4164 3278 4119 3279 4164 3279 4120 3279 4120 3279 4164 3279 4165 3279 4120 3280 4165 3280 4121 3280 4121 3281 4165 3281 4166 3281 4121 3282 4166 3282 4122 3282 4122 3283 4166 3283 4167 3283 4122 3284 4167 3284 4123 3284 4123 3285 4167 3285 4168 3285 4123 3286 4168 3286 4124 3286 4124 3287 4168 3287 4169 3287 4124 3288 4169 3288 4125 3288 4125 3289 4169 3289 4170 3289 4125 3290 4170 3290 4126 3290 4126 3290 4170 3290 4171 3290 4126 3291 4171 3291 4127 3291 4127 3292 4171 3292 4172 3292 4127 3293 4172 3293 4128 3293 4128 3294 4172 3294 4173 3294 4128 3295 4173 3295 4129 3295 4129 3296 4173 3296 4174 3296 4129 3297 4174 3297 4130 3297 4130 3298 4174 3298 4175 3298 4130 3299 4175 3299 4131 3299 4131 3300 4175 3300 4176 3300 4131 3301 4176 3301 4132 3301 4132 3301 4176 3301 4177 3301 4132 3302 4177 3302 4099 3302 4099 3303 4177 3303 4098 3303 4163 3304 4161 3304 4164 3304 4164 3305 4161 3305 4159 3305 4164 3306 4159 3306 4165 3306 4165 3307 4159 3307 4157 3307 4165 3308 4157 3308 4166 3308 4166 3309 4157 3309 4155 3309 4166 3310 4155 3310 4167 3310 4167 3311 4155 3311 4153 3311 4167 3312 4153 3312 4168 3312 4168 3313 4153 3313 4151 3313 4168 3314 4151 3314 4169 3314 4169 3315 4151 3315 4149 3315 4169 3316 4149 3316 4170 3316 4170 3317 4149 3317 4147 3317 4170 3318 4147 3318 4171 3318 4171 3318 4147 3318 4145 3318 4171 3319 4145 3319 4172 3319 4172 3320 4145 3320 4143 3320 4172 3321 4143 3321 4173 3321 4173 3322 4143 3322 4141 3322 4173 3323 4141 3323 4174 3323 4174 3324 4141 3324 4139 3324 4174 3325 4139 3325 4175 3325 4175 3326 4139 3326 4137 3326 4175 3327 4137 3327 4176 3327 4176 3328 4137 3328 4135 3328 4176 3329 4135 3329 4177 3329 4177 3330 4135 3330 4134 3330 4177 3331 4134 3331 4098 3331 4098 3332 4134 3332 4096 3332 4178 3333 4179 3333 4180 3333 4181 3334 4162 3334 4182 3334 4182 3335 4162 3335 4161 3335 4182 3336 4161 3336 4163 3336 4180 3337 4183 3337 4184 3337 4185 3338 4186 3338 4187 3338 4178 3339 4188 3339 4189 3339 4189 3340 4188 3340 4190 3340 4189 3341 4190 3341 4191 3341 4192 3342 4193 3342 4190 3342 4190 3343 4193 3343 4194 3343 4190 3344 4194 3344 4191 3344 4183 3345 4185 3345 4184 3345 4184 3346 4185 3346 4187 3346 4184 3347 4187 3347 4195 3347 4195 3348 4187 3348 4196 3348 4195 3349 4196 3349 4197 3349 4197 3350 4196 3350 4198 3350 4197 3351 4198 3351 4199 3351 4199 3352 4198 3352 4200 3352 4199 3353 4200 3353 4201 3353 4201 3354 4200 3354 4202 3354 4118 3355 4067 3355 4203 3355 4203 3356 4067 3356 4204 3356 4203 3357 4204 3357 4205 3357 4205 3358 4204 3358 4206 3358 4205 3359 4206 3359 4207 3359 4207 3360 4206 3360 4208 3360 4207 3361 4208 3361 4192 3361 4192 3362 4208 3362 4209 3362 4192 3363 4209 3363 4193 3363 4178 3364 4180 3364 4188 3364 4188 3365 4180 3365 4184 3365 4188 3366 4184 3366 4190 3366 4190 3367 4184 3367 4195 3367 4190 3368 4195 3368 4192 3368 4192 3369 4195 3369 4197 3369 4192 3370 4197 3370 4207 3370 4207 3371 4197 3371 4199 3371 4207 3372 4199 3372 4205 3372 4205 3373 4199 3373 4201 3373 4205 3374 4201 3374 4203 3374 4203 3375 4201 3375 4202 3375 4203 3376 4202 3376 4118 3376 4186 3377 4210 3377 4187 3377 4187 3378 4210 3378 4211 3378 4187 3379 4211 3379 4196 3379 4196 3380 4211 3380 4212 3380 4196 3381 4212 3381 4198 3381 4198 3382 4212 3382 4181 3382 4198 3383 4181 3383 4200 3383 4200 3384 4181 3384 4182 3384 4200 3385 4182 3385 4202 3385 4202 3386 4182 3386 4163 3386 4202 3387 4163 3387 4118 3387 4213 3388 3909 3388 3910 3388 4213 3389 3910 3389 4214 3389 4214 3390 3910 3390 3911 3390 4214 3391 3911 3391 4215 3391 4215 3392 3911 3392 3912 3392 4215 3393 3912 3393 4216 3393 4216 3394 3912 3394 3913 3394 4216 3395 3913 3395 4217 3395 3914 0 3922 0 4218 0 3919 0 3918 0 4219 0 4217 0 3913 0 4220 0 4220 0 3913 0 3914 0 4220 0 3914 0 4221 0 4221 0 3914 0 4218 0 4219 0 3918 0 4222 0 4222 0 3918 0 3917 0 4222 0 3917 0 4223 0 4223 0 3917 0 3916 0 4223 0 3916 0 4224 0 4219 0 4225 0 3919 0 3919 0 4225 0 4226 0 3919 0 4226 0 3920 0 3920 0 4226 0 4227 0 3920 0 4227 0 3921 0 3921 0 4227 0 4228 0 3921 0 4228 0 3922 0 3922 0 4228 0 4229 0 3922 0 4229 0 4218 0 4224 0 3916 0 4230 0 4230 0 3916 0 3915 0 4230 0 3915 0 4231 0 4231 0 3915 0 3904 0 4231 0 3904 0 4232 0 4232 3396 3904 3396 4233 3396 4233 3397 3904 3397 3903 3397 4233 3398 3903 3398 4234 3398 4234 3399 3903 3399 3902 3399 4234 3400 3902 3400 4235 3400 4235 3401 3902 3401 3895 3401 4235 3402 3895 3402 4236 3402 3900 3403 4237 3403 3901 3403 3901 3404 4237 3404 4238 3404 3901 3405 4238 3405 3893 3405 3893 3406 4238 3406 4236 3406 3893 3407 4236 3407 3894 3407 3894 3408 4236 3408 3895 3408 4239 3409 4240 3409 4241 3409 4084 3410 4240 3410 4113 3410 4113 3411 4240 3411 4239 3411 4113 3412 4239 3412 4242 3412 4243 3413 4117 3413 4116 3413 4243 3414 4116 3414 4244 3414 4244 3415 4116 3415 4115 3415 4244 3416 4115 3416 4242 3416 4242 3417 4115 3417 4114 3417 4242 3418 4114 3418 4113 3418 4241 3419 4245 3419 4239 3419 4239 3420 4245 3420 4246 3420 4239 3421 4246 3421 4242 3421 4242 3422 4246 3422 4247 3422 4242 3423 4247 3423 4244 3423 4244 3424 4247 3424 4248 3424 4244 3425 4248 3425 4243 3425 4189 3426 4110 3426 4178 3426 4178 3427 4110 3427 4117 3427 4178 3428 4117 3428 4179 3428 4189 3429 4191 3429 4110 3429 4110 3430 4191 3430 4194 3430 4110 3431 4194 3431 4081 3431 4081 3432 4194 3432 4193 3432 4081 3433 4193 3433 4082 3433 4082 3434 4193 3434 4209 3434 4067 3435 4066 3435 4204 3435 4204 3436 4066 3436 4095 3436 4204 3437 4095 3437 4206 3437 4095 3438 4094 3438 4206 3438 4206 3439 4094 3439 4100 3439 4206 3440 4100 3440 4208 3440 4208 3441 4100 3441 4102 3441 4208 3442 4102 3442 4209 3442 4209 3443 4102 3443 4104 3443 4209 3444 4104 3444 4082 3444 4249 3445 4250 3445 4251 3445 4252 3446 4253 3446 4254 3446 4255 3447 4180 3447 4256 3447 4256 3448 4180 3448 4179 3448 4256 3449 4179 3449 4252 3449 4252 3450 4254 3450 4256 3450 4256 3451 4254 3451 4257 3451 4256 3452 4257 3452 4255 3452 4255 3453 4257 3453 4249 3453 4255 3454 4249 3454 4258 3454 4258 3455 4249 3455 4251 3455 4258 3456 4251 3456 4210 3456 4210 3457 4186 3457 4258 3457 4258 3458 4186 3458 4185 3458 4258 3459 4185 3459 4255 3459 4255 3460 4185 3460 4183 3460 4255 3461 4183 3461 4180 3461 4259 3462 4260 3462 4250 3462 4250 3463 4261 3463 4259 3463 4259 3464 4261 3464 4262 3464 4259 3465 4262 3465 4263 3465 4263 3466 4262 3466 4264 3466 4263 3467 4264 3467 4265 3467 4265 3468 4264 3468 4266 3468 4265 3469 4266 3469 4267 3469 4250 3470 4249 3470 4261 3470 4261 3471 4249 3471 4257 3471 4261 3472 4257 3472 4262 3472 4262 3473 4257 3473 4254 3473 4262 3474 4254 3474 4264 3474 4264 3475 4254 3475 4253 3475 4264 3476 4253 3476 4266 3476 3909 8 4213 8 3908 8 3908 8 4213 8 4268 8 3899 8 4269 8 3900 8 3900 8 4269 8 4237 8 4086 3477 4238 3477 4084 3477 4084 3478 4238 3478 4237 3478 4084 3479 4237 3479 4240 3479 4240 3480 4237 3480 4269 3480 4240 3481 4269 3481 4241 3481 4241 3482 4269 3482 4270 3482 4241 3483 4270 3483 4271 3483 4090 3484 4234 3484 4088 3484 4088 3485 4234 3485 4235 3485 4088 3486 4235 3486 4086 3486 4086 3487 4235 3487 4236 3487 4086 3488 4236 3488 4238 3488 4181 3489 4212 3489 4215 3489 4272 3490 4273 3490 4250 3490 4250 3491 4273 3491 4268 3491 4215 3492 4212 3492 4214 3492 4214 3493 4212 3493 4211 3493 4214 3494 4211 3494 4213 3494 4213 3495 4211 3495 4210 3495 4213 3496 4210 3496 4268 3496 4268 3497 4210 3497 4251 3497 4268 3498 4251 3498 4250 3498 4215 3499 4216 3499 4181 3499 4181 3500 4216 3500 4217 3500 4181 3501 4217 3501 4162 3501 4162 3502 4217 3502 4220 3502 4162 3503 4220 3503 4160 3503 4160 3504 4220 3504 4221 3504 4160 3505 4221 3505 4158 3505 4158 3506 4221 3506 4218 3506 4158 3507 4218 3507 4156 3507 4156 3508 4218 3508 4229 3508 4156 3509 4229 3509 4154 3509 4154 3510 4229 3510 4228 3510 4154 3511 4228 3511 4152 3511 4152 3512 4228 3512 4227 3512 4152 3513 4227 3513 4150 3513 4150 3514 4227 3514 4226 3514 4150 3515 4226 3515 4148 3515 4148 3516 4226 3516 4225 3516 4148 3516 4225 3516 4146 3516 4146 3517 4225 3517 4219 3517 4146 3518 4219 3518 4144 3518 4144 3519 4219 3519 4222 3519 4144 3520 4222 3520 4142 3520 4142 3521 4222 3521 4223 3521 4142 3522 4223 3522 4140 3522 4140 3523 4223 3523 4224 3523 4140 3524 4224 3524 4138 3524 4138 3525 4224 3525 4230 3525 4138 3526 4230 3526 4136 3526 4136 3527 4230 3527 4133 3527 4133 3528 4230 3528 4231 3528 4133 3529 4231 3529 4092 3529 4092 3530 4231 3530 4232 3530 4092 3531 4232 3531 4090 3531 4090 3532 4232 3532 4233 3532 4090 3533 4233 3533 4234 3533 4274 3534 4248 3534 4247 3534 4274 3535 4247 3535 4275 3535 4275 3536 4247 3536 4246 3536 4275 3537 4246 3537 4276 3537 4276 3538 4246 3538 4245 3538 4276 3539 4245 3539 4277 3539 4277 3540 4245 3540 4241 3540 4277 3541 4241 3541 4278 3541 4278 3542 4279 3542 4277 3542 4277 3543 4279 3543 4280 3543 4277 3544 4280 3544 4276 3544 4276 3545 4280 3545 4281 3545 4276 3546 4281 3546 4275 3546 4275 3547 4281 3547 4282 3547 4275 3548 4282 3548 4274 3548 4283 170 4284 170 4285 170 4285 170 4284 170 4286 170 4285 170 4286 170 4287 170 4243 170 4288 170 4117 170 4117 170 4288 170 4289 170 4117 170 4289 170 4290 170 4291 170 4292 170 4293 170 4293 170 4292 170 4179 170 4293 170 4179 170 4294 170 4294 170 4179 170 4117 170 4294 170 4117 170 4295 170 4295 170 4117 170 4296 170 4296 170 4117 170 4290 170 4296 170 4290 170 4283 170 4283 170 4290 170 4297 170 4283 170 4297 170 4284 170 4292 170 4298 170 4179 170 4179 170 4298 170 4299 170 4179 170 4299 170 4252 170 4300 170 4301 170 4302 170 4300 170 4302 170 4303 170 4304 170 4305 170 4306 170 4306 170 4305 170 4307 170 4306 170 4307 170 4308 170 4308 170 4307 170 4309 170 4309 170 4307 170 4310 170 4309 170 4310 170 4311 170 4287 170 4286 170 4312 170 4312 170 4286 170 4313 170 4312 170 4313 170 4314 170 4243 170 4248 170 4288 170 4288 170 4248 170 4274 170 4288 170 4274 170 4300 170 4300 170 4274 170 4282 170 4300 170 4282 170 4301 170 4304 170 4267 170 4305 170 4305 170 4267 170 4266 170 4305 170 4266 170 4299 170 4299 170 4266 170 4253 170 4299 170 4253 170 4252 170 4293 170 4315 170 4291 170 4291 170 4315 170 4316 170 4291 170 4316 170 4317 170 4317 170 4316 170 4318 170 4317 170 4318 170 4319 170 4319 170 4318 170 4320 170 4319 170 4320 170 4321 170 4321 170 4320 170 4322 170 4321 170 4322 170 4323 170 4323 170 4322 170 4324 170 4310 170 4324 170 4311 170 4311 170 4324 170 4322 170 4311 170 4322 170 4325 170 4325 170 4322 170 4326 170 4302 170 4327 170 4303 170 4303 170 4327 170 4328 170 4303 170 4328 170 4329 170 4322 170 4330 170 4326 170 4326 170 4330 170 4331 170 4326 170 4331 170 4332 170 4332 170 4331 170 4333 170 4328 170 4334 170 4329 170 4329 170 4334 170 4335 170 4329 170 4335 170 4336 170 4333 170 4312 170 4332 170 4332 170 4312 170 4314 170 4332 170 4314 170 4337 170 4337 170 4314 170 4336 170 4337 170 4336 170 4338 170 4338 170 4336 170 4335 170 4260 3549 4259 3549 4339 3549 4339 3550 4259 3550 4340 3550 4339 3551 4340 3551 4341 3551 4341 3552 4340 3552 4342 3552 4341 3553 4342 3553 4343 3553 4343 3554 4342 3554 4344 3554 4343 3555 4344 3555 4345 3555 4345 3556 4344 3556 4346 3556 4346 3557 4344 3557 4347 3557 4346 3558 4347 3558 4348 3558 4348 3559 4347 3559 4349 3559 4348 3560 4349 3560 4350 3560 4350 3561 4349 3561 4351 3561 4350 3562 4351 3562 4352 3562 4352 3563 4351 3563 4353 3563 4353 3564 4351 3564 4354 3564 4353 3565 4354 3565 4355 3565 4265 3566 4267 3566 4356 3566 4356 3567 4267 3567 4304 3567 4356 3568 4304 3568 4357 3568 4357 3569 4304 3569 4306 3569 4357 3570 4306 3570 4358 3570 4358 3571 4306 3571 4308 3571 4358 3572 4308 3572 4359 3572 4359 3573 4308 3573 4309 3573 4359 3574 4309 3574 4360 3574 4360 3575 4309 3575 4311 3575 4360 3576 4311 3576 4361 3576 4361 3577 4311 3577 4325 3577 4361 3578 4325 3578 4362 3578 4362 3579 4325 3579 4326 3579 4263 3580 4265 3580 4363 3580 4363 3581 4265 3581 4356 3581 4363 3582 4356 3582 4364 3582 4364 3583 4356 3583 4357 3583 4364 3584 4357 3584 4365 3584 4365 3585 4357 3585 4358 3585 4365 3586 4358 3586 4366 3586 4366 3587 4358 3587 4359 3587 4366 3588 4359 3588 4367 3588 4367 3589 4359 3589 4360 3589 4367 3590 4360 3590 4368 3590 4368 3591 4360 3591 4361 3591 4368 3592 4361 3592 4369 3592 4369 3593 4361 3593 4362 3593 4259 3594 4263 3594 4340 3594 4340 3595 4263 3595 4363 3595 4340 3596 4363 3596 4342 3596 4342 3597 4363 3597 4364 3597 4342 3598 4364 3598 4344 3598 4344 3599 4364 3599 4365 3599 4344 3600 4365 3600 4347 3600 4347 3601 4365 3601 4366 3601 4347 3602 4366 3602 4349 3602 4349 3603 4366 3603 4367 3603 4349 3604 4367 3604 4351 3604 4351 3605 4367 3605 4368 3605 4351 3606 4368 3606 4354 3606 4354 3607 4368 3607 4369 3607 4250 3608 4260 3608 4272 3608 4272 3609 4260 3609 4370 3609 4272 3610 4370 3610 4371 3610 267 3611 266 3611 3905 3611 267 3612 3905 3612 4371 3612 4371 3613 3905 3613 3906 3613 4371 3614 3906 3614 4272 3614 4272 3615 3906 3615 3907 3615 4272 3616 3907 3616 4273 3616 4273 3617 3907 3617 3908 3617 4273 3618 3908 3618 4268 3618 4372 3619 4373 3619 4374 3619 4375 3620 4376 3620 4377 3620 4377 3621 4376 3621 4378 3621 4377 3622 4378 3622 4379 3622 251 3623 250 3623 4379 3623 4379 3624 4378 3624 251 3624 251 3625 4378 3625 4380 3625 251 3626 4380 3626 270 3626 4380 3627 4381 3627 270 3627 270 3628 4381 3628 4382 3628 270 3629 4382 3629 271 3629 221 3630 272 3630 222 3630 222 3631 272 3631 4383 3631 4384 3632 225 3632 224 3632 4385 3633 219 3633 225 3633 4386 3634 217 3634 216 3634 4387 3635 208 3635 211 3635 4388 3636 4389 3636 4390 3636 4390 3637 4389 3637 4384 3637 4390 3638 4384 3638 4383 3638 4383 3639 4384 3639 224 3639 4383 3640 224 3640 222 3640 272 3641 271 3641 4383 3641 4383 3642 271 3642 4382 3642 4383 3643 4382 3643 4390 3643 4390 3644 4382 3644 4381 3644 4390 3645 4381 3645 4388 3645 4388 3646 4381 3646 4380 3646 4388 3647 4380 3647 4391 3647 4391 3648 4380 3648 4378 3648 4391 3649 4378 3649 4392 3649 4392 3650 4378 3650 4376 3650 4392 3651 4376 3651 4393 3651 4394 3652 4395 3652 4396 3652 4396 3653 4395 3653 4397 3653 4396 3654 4397 3654 4385 3654 4385 3655 4397 3655 220 3655 4385 3656 220 3656 219 3656 4398 3657 4399 3657 4400 3657 4400 3658 4399 3658 4386 3658 4400 3659 4386 3659 4401 3659 4401 3660 4386 3660 216 3660 4401 3661 216 3661 215 3661 4402 3662 4403 3662 4404 3662 4404 3663 4403 3663 4405 3663 4404 3664 4405 3664 4406 3664 4406 3665 4405 3665 4398 3665 4406 3666 4398 3666 4394 3666 4394 3667 4398 3667 4400 3667 4394 3668 4400 3668 4395 3668 4395 3669 4400 3669 4401 3669 4395 3670 4401 3670 4397 3670 4397 3671 4401 3671 215 3671 4397 3672 215 3672 220 3672 4407 3673 4408 3673 4402 3673 4402 3674 4408 3674 4409 3674 4402 3675 4409 3675 4403 3675 209 3676 208 3676 4410 3676 4410 3677 208 3677 4387 3677 4410 3678 4387 3678 4411 3678 4409 3679 4412 3679 4403 3679 4403 3680 4412 3680 4413 3680 4403 3681 4413 3681 4405 3681 4405 3682 4413 3682 4411 3682 4405 3683 4411 3683 4398 3683 4398 3684 4411 3684 4387 3684 4398 3685 4387 3685 4399 3685 4399 3686 4387 3686 211 3686 4399 3687 211 3687 4386 3687 4386 3688 211 3688 213 3688 4386 3689 213 3689 217 3689 225 3690 4384 3690 4385 3690 4385 3691 4384 3691 4389 3691 4385 3692 4389 3692 4396 3692 4396 3693 4389 3693 4388 3693 4396 3694 4388 3694 4394 3694 4394 3695 4388 3695 4391 3695 4394 3696 4391 3696 4406 3696 4406 3697 4391 3697 4392 3697 4406 3698 4392 3698 4404 3698 4404 3699 4392 3699 4393 3699 4404 3700 4393 3700 4402 3700 4402 3701 4393 3701 4414 3701 4402 3702 4414 3702 4407 3702 4407 3703 4414 3703 4415 3703 4407 3704 4415 3704 4408 3704 4408 3705 4415 3705 4372 3705 4408 3706 4372 3706 4409 3706 4409 3707 4372 3707 4374 3707 4409 3708 4374 3708 4412 3708 226 3709 209 3709 4410 3709 226 3710 4410 3710 4416 3710 4416 3711 4410 3711 4411 3711 4416 3712 4411 3712 4417 3712 4417 3713 4411 3713 4413 3713 4417 3714 4413 3714 4418 3714 4418 3715 4413 3715 4412 3715 4418 3716 4412 3716 4419 3716 4419 3717 4412 3717 4374 3717 4419 3718 4374 3718 4420 3718 4420 3719 4374 3719 4373 3719 4420 3720 4373 3720 4421 3720 228 3721 226 3721 4416 3721 229 3722 228 3722 4422 3722 228 3723 4416 3723 4422 3723 4422 3724 4416 3724 4417 3724 4422 3725 4417 3725 4423 3725 4423 3726 4417 3726 4418 3726 4423 3727 4418 3727 4424 3727 4424 3728 4418 3728 4419 3728 4424 3729 4419 3729 4425 3729 4425 3730 4419 3730 4420 3730 4425 3730 4420 3730 4426 3730 4426 3731 4420 3731 4421 3731 4426 3731 4421 3731 4427 3731 229 3732 4422 3732 4428 3732 4428 3733 4422 3733 4423 3733 4428 3734 4423 3734 4429 3734 4429 3735 4423 3735 4424 3735 4429 3736 4424 3736 4430 3736 4430 3737 4424 3737 4425 3737 4430 3738 4425 3738 4431 3738 4431 3739 4425 3739 4426 3739 4431 3739 4426 3739 4432 3739 4432 3740 4426 3740 4427 3740 4432 3741 4427 3741 4433 3741 4434 3742 243 3742 239 3742 310 3743 4435 3743 4436 3743 4435 3744 310 3744 230 3744 4437 3745 308 3745 4438 3745 4438 3746 308 3746 312 3746 4438 3747 312 3747 4439 3747 4439 3748 312 3748 314 3748 4439 3749 314 3749 4440 3749 4440 3750 314 3750 313 3750 4441 3751 4442 3751 4443 3751 4444 3752 4445 3752 4446 3752 4446 3753 4445 3753 4447 3753 4446 3754 4447 3754 4448 3754 4447 3755 4449 3755 4448 3755 4448 3756 4449 3756 4450 3756 4448 3757 4450 3757 234 3757 234 3758 4450 3758 232 3758 4451 3759 4440 3759 4452 3759 4452 3760 4440 3760 313 3760 4452 3761 313 3761 4436 3761 4436 3762 313 3762 311 3762 4436 3763 311 3763 310 3763 4453 3764 4454 3764 4428 3764 4428 3765 4454 3765 242 3765 4428 3766 242 3766 229 3766 4429 3767 4430 3767 4455 3767 4455 3768 4430 3768 4431 3768 4455 3769 4431 3769 4456 3769 4456 3770 4431 3770 4432 3770 4456 3771 4432 3771 4441 3771 4441 3772 4432 3772 4433 3772 4441 3773 4433 3773 4442 3773 4457 3774 4458 3774 4459 3774 4459 3775 4458 3775 4460 3775 4459 3776 4460 3776 241 3776 4461 3777 4462 3777 4443 3777 4443 3778 4462 3778 4463 3778 4443 3779 4463 3779 4441 3779 4441 3780 4463 3780 4464 3780 4441 3781 4464 3781 4456 3781 4456 3782 4464 3782 4465 3782 4456 3783 4465 3783 4455 3783 4455 3784 4465 3784 4453 3784 4455 3785 4453 3785 4429 3785 4429 3786 4453 3786 4428 3786 4462 3787 4466 3787 4463 3787 4463 3788 4466 3788 4467 3788 4463 3789 4467 3789 4464 3789 4464 3790 4467 3790 4468 3790 4464 3791 4468 3791 4465 3791 4465 3792 4468 3792 4457 3792 4465 3793 4457 3793 4453 3793 4453 3794 4457 3794 4459 3794 4453 3795 4459 3795 4454 3795 4454 3796 4459 3796 241 3796 4454 3797 241 3797 242 3797 234 3798 238 3798 4448 3798 4448 3799 238 3799 237 3799 4448 3800 237 3800 4446 3800 4446 3801 237 3801 236 3801 4446 3802 236 3802 4444 3802 4444 3803 236 3803 245 3803 4444 3804 245 3804 244 3804 4469 3805 4438 3805 4466 3805 4466 3806 4438 3806 4439 3806 4466 3807 4439 3807 4467 3807 4467 3808 4439 3808 4440 3808 4467 3809 4440 3809 4468 3809 4468 3810 4440 3810 4451 3810 4468 3811 4451 3811 4457 3811 4457 3812 4451 3812 4470 3812 4457 3813 4470 3813 4458 3813 4458 3814 4470 3814 4434 3814 4458 3815 4434 3815 4460 3815 4460 3816 4434 3816 239 3816 4460 3817 239 3817 241 3817 230 3818 232 3818 4435 3818 4435 3819 232 3819 4450 3819 4435 3820 4450 3820 4436 3820 4436 3821 4450 3821 4449 3821 4436 3822 4449 3822 4452 3822 4452 3823 4449 3823 4447 3823 4452 3824 4447 3824 4451 3824 4451 3825 4447 3825 4445 3825 4451 3826 4445 3826 4470 3826 4470 3827 4445 3827 4444 3827 4470 3828 4444 3828 4434 3828 4434 3829 4444 3829 244 3829 4434 3830 244 3830 243 3830 4301 3831 4282 3831 4281 3831 4471 3832 4472 3832 4473 3832 4474 3833 4475 3833 4476 3833 4476 3834 4475 3834 4477 3834 4476 3835 4477 3835 4471 3835 4474 3836 4478 3836 4479 3836 4479 3837 4478 3837 4480 3837 4479 3838 4480 3838 4481 3838 4481 3839 4480 3839 4482 3839 4481 3840 4482 3840 4483 3840 4483 3841 4482 3841 4484 3841 4483 3842 4484 3842 4485 3842 4485 3843 4484 3843 4486 3843 4487 3844 4488 3844 4489 3844 4490 3845 4488 3845 4491 3845 4491 3846 4488 3846 4487 3846 4491 3847 4487 3847 4473 3847 4302 3848 4301 3848 4492 3848 4492 3849 4301 3849 4281 3849 4492 3850 4281 3850 4280 3850 4302 3851 4492 3851 4327 3851 4327 3852 4492 3852 4493 3852 4327 3853 4493 3853 4328 3853 4278 3854 4486 3854 4279 3854 4279 3855 4486 3855 4484 3855 4279 3856 4484 3856 4494 3856 4494 3857 4484 3857 4482 3857 4328 3858 4493 3858 4334 3858 4334 3859 4493 3859 4489 3859 4334 3860 4489 3860 4335 3860 4474 3861 4476 3861 4478 3861 4478 3862 4476 3862 4495 3862 4478 3863 4495 3863 4480 3863 4480 3864 4495 3864 4496 3864 4480 3865 4496 3865 4482 3865 4482 3866 4496 3866 4497 3866 4482 3867 4497 3867 4494 3867 4335 3868 4489 3868 4338 3868 4338 3869 4489 3869 4488 3869 4338 3870 4488 3870 4337 3870 4337 3871 4488 3871 4490 3871 4337 3872 4490 3872 4332 3872 4471 3873 4473 3873 4476 3873 4476 3874 4473 3874 4487 3874 4476 3875 4487 3875 4495 3875 4495 3876 4487 3876 4489 3876 4495 3877 4489 3877 4496 3877 4496 3878 4489 3878 4493 3878 4496 3879 4493 3879 4497 3879 4497 3880 4493 3880 4492 3880 4497 3881 4492 3881 4494 3881 4494 3882 4492 3882 4280 3882 4494 3883 4280 3883 4279 3883 4269 3884 3899 3884 3898 3884 4269 3885 3898 3885 4270 3885 4270 3886 3898 3886 3897 3886 4270 3887 3897 3887 4271 3887 4271 3888 3897 3888 3896 3888 4271 3889 3896 3889 4498 3889 4498 3890 3896 3890 305 3890 4498 3891 305 3891 304 3891 4278 3892 4241 3892 4498 3892 4498 3893 4241 3893 4271 3893 4499 28 4500 28 4501 28 4501 28 4500 28 4502 28 4501 28 4502 28 4503 28 4504 28 4505 28 4501 28 4501 28 4505 28 4506 28 4501 28 4506 28 4499 28 4507 28 4508 28 4501 28 4501 28 4508 28 4509 28 4501 28 4509 28 4504 28 4503 28 4510 28 4501 28 4501 28 4510 28 4511 28 4501 28 4511 28 4507 28 4512 28 4513 28 4514 28 4514 28 4513 28 4515 28 4514 28 4515 28 4516 28 4517 28 4518 28 4514 28 4514 28 4518 28 4519 28 4514 28 4519 28 4512 28 4520 28 4521 28 4514 28 4514 28 4521 28 4522 28 4514 28 4522 28 4517 28 4516 28 4523 28 4514 28 4514 28 4523 28 4524 28 4514 28 4524 28 4520 28 4369 414 4362 414 4490 414 4490 3894 4362 3894 4326 3894 4490 3894 4326 3894 4332 3894 4490 3895 4491 3895 4369 3895 4369 3896 4491 3896 4473 3896 4369 3897 4473 3897 4354 3897 4354 3898 4473 3898 4472 3898 4354 3899 4472 3899 4355 3899 4339 3900 4341 3900 4525 3900 4353 3901 4355 3901 4526 3901 4353 3902 4526 3902 4352 3902 4350 3903 4527 3903 4348 3903 4348 3904 4527 3904 4528 3904 4348 3905 4528 3905 4346 3905 4346 3906 4528 3906 4529 3906 4346 3907 4529 3907 4345 3907 4525 3908 4341 3908 4529 3908 4529 3909 4341 3909 4343 3909 4529 3910 4343 3910 4345 3910 4260 3911 4339 3911 4370 3911 4370 3912 4339 3912 4525 3912 4370 3913 4525 3913 4371 3913 4371 3914 4525 3914 267 3914 4530 3915 4531 3915 4526 3915 4526 3916 4531 3916 4527 3916 4526 3917 4527 3917 4352 3917 4352 3918 4527 3918 4350 3918 4531 3919 4532 3919 4527 3919 4527 3920 4532 3920 4533 3920 4527 3921 4533 3921 4528 3921 4528 3922 4533 3922 4534 3922 4528 3923 4534 3923 4529 3923 4534 3924 4535 3924 4529 3924 4529 3925 4535 3925 4536 3925 4529 3926 4536 3926 4525 3926 4525 3927 4536 3927 4537 3927 4525 3928 4537 3928 267 3928 267 3929 4537 3929 4538 3929 267 3930 4538 3930 269 3930 4539 3931 288 3931 287 3931 4540 3932 4541 3932 4542 3932 4543 3933 4533 3933 4544 3933 4544 3934 4533 3934 4532 3934 4544 3934 4532 3934 4545 3934 4545 3935 4532 3935 4531 3935 4545 3935 4531 3935 4546 3935 4546 3932 4531 3932 4530 3932 4546 3932 4530 3932 4540 3932 4540 3932 4542 3932 4546 3932 4546 3936 4542 3936 4547 3936 4546 3937 4547 3937 4545 3937 4545 3938 4547 3938 4548 3938 4545 3934 4548 3934 4544 3934 4544 3933 4548 3933 4549 3933 4544 3933 4549 3933 4543 3933 4543 3939 4549 3939 4550 3939 4543 3939 4550 3939 4551 3939 4551 3940 4550 3940 4552 3940 4551 3940 4552 3940 4553 3940 4553 3941 4552 3941 4539 3941 4553 3941 4539 3941 4554 3941 4554 3931 4539 3931 287 3931 4554 3931 287 3931 269 3931 269 3942 4538 3942 4554 3942 4554 3943 4538 3943 4537 3943 4554 3941 4537 3941 4553 3941 4553 3940 4537 3940 4536 3940 4553 3940 4536 3940 4551 3940 4551 3944 4536 3944 4535 3944 4551 3945 4535 3945 4543 3945 4543 3946 4535 3946 4534 3946 4543 3933 4534 3933 4533 3933 4555 3931 256 3931 289 3931 4556 3947 4557 3947 4558 3947 4559 3948 4560 3948 4558 3948 4558 3936 4560 3936 4561 3936 4558 3932 4561 3932 4556 3932 4559 3949 4562 3949 4560 3949 4560 3950 4562 3950 4563 3950 4560 3951 4563 3951 4564 3951 4564 3933 4563 3933 4565 3933 4564 3933 4565 3933 4566 3933 4566 3952 4565 3952 4567 3952 4566 3953 4567 3953 4568 3953 4567 3954 4569 3954 4568 3954 4568 3940 4569 3940 4570 3940 4568 3940 4570 3940 4571 3940 4571 3941 4570 3941 4555 3941 4571 3941 4555 3941 4572 3941 4572 3931 4555 3931 289 3931 4572 3931 289 3931 288 3931 288 3931 4539 3931 4572 3931 4572 3941 4539 3941 4552 3941 4572 3941 4552 3941 4571 3941 4571 3940 4552 3940 4550 3940 4571 3940 4550 3940 4568 3940 4568 3939 4550 3939 4549 3939 4568 3939 4549 3939 4566 3939 4566 3933 4549 3933 4548 3933 4566 3933 4548 3933 4564 3933 4564 3951 4548 3951 4547 3951 4564 3951 4547 3951 4560 3951 4560 3936 4547 3936 4542 3936 4560 3936 4542 3936 4561 3936 4561 3932 4542 3932 4541 3932 4561 3932 4541 3932 4556 3932 4573 3955 4574 3955 4575 3955 4576 3956 4577 3956 4578 3956 4579 3957 249 3957 247 3957 4580 3958 281 3958 257 3958 4581 3959 282 3959 281 3959 283 3960 282 3960 4582 3960 4582 3961 282 3961 4581 3961 4582 3962 4581 3962 4583 3962 4584 3963 263 3963 283 3963 264 3964 263 3964 4585 3964 4585 3965 263 3965 4584 3965 4585 3966 4584 3966 4586 3966 4587 3967 4588 3967 4589 3967 4589 3968 4588 3968 253 3968 4589 3969 253 3969 264 3969 4590 3970 4591 3970 4592 3970 4592 3971 4591 3971 278 3971 4592 3972 278 3972 254 3972 4593 3973 284 3973 279 3973 4594 3974 286 3974 4595 3974 4595 3975 286 3975 285 3975 4595 3976 285 3976 284 3976 276 3977 274 3977 4594 3977 4594 3978 274 3978 273 3978 4594 3979 273 3979 286 3979 290 3980 4596 3980 291 3980 291 3981 4596 3981 4597 3981 291 3982 4597 3982 293 3982 293 3983 4597 3983 294 3983 294 3984 4597 3984 4598 3984 294 3985 4598 3985 258 3985 258 3986 4598 3986 246 3986 246 3987 4598 3987 4578 3987 246 3988 4578 3988 247 3988 247 3989 4578 3989 4577 3989 247 3990 4577 3990 4579 3990 4555 3991 4570 3991 4599 3991 4599 3992 4570 3992 4569 3992 4599 3993 4569 3993 4600 3993 4569 3994 4567 3994 4600 3994 4600 3995 4567 3995 4565 3995 4600 3996 4565 3996 4601 3996 4602 3997 4603 3997 4604 3997 4604 3998 4603 3998 4605 3998 4604 3999 4605 3999 4606 3999 4607 4000 4608 4000 4609 4000 4606 4001 4576 4001 4604 4001 4604 4002 4576 4002 4578 4002 4604 4003 4578 4003 4610 4003 4610 4004 4578 4004 4598 4004 4610 4005 4598 4005 4611 4005 4611 4006 4598 4006 4597 4006 4611 4007 4597 4007 4612 4007 4612 4008 4597 4008 4596 4008 4612 4009 4596 4009 4613 4009 4614 4010 4615 4010 4616 4010 4616 4011 4615 4011 4617 4011 4616 4012 4617 4012 4618 4012 4618 4013 4617 4013 4619 4013 4618 4014 4619 4014 4620 4014 4620 4015 4619 4015 4607 4015 4620 4016 4607 4016 4621 4016 4621 4017 4607 4017 4609 4017 4621 4018 4609 4018 4622 4018 290 4019 303 4019 4596 4019 4596 4020 303 4020 4623 4020 4596 4021 4623 4021 4613 4021 4613 4022 4623 4022 4624 4022 4613 4023 4624 4023 4625 4023 4626 4024 4627 4024 4628 4024 4628 4025 4627 4025 4625 4025 4628 4026 4625 4026 4629 4026 4629 4027 4625 4027 4624 4027 4602 4028 4604 4028 4630 4028 4630 4029 4604 4029 4610 4029 4630 4030 4610 4030 4631 4030 4631 4031 4610 4031 4611 4031 4631 4032 4611 4032 4632 4032 4632 4033 4611 4033 4612 4033 4632 4034 4612 4034 4633 4034 4633 4035 4612 4035 4613 4035 4633 4036 4613 4036 4634 4036 4634 4037 4613 4037 4625 4037 4634 4038 4625 4038 4635 4038 4635 4039 4625 4039 4627 4039 4635 4040 4627 4040 4636 4040 4622 4041 4603 4041 4621 4041 4621 4042 4603 4042 4602 4042 4621 4043 4602 4043 4620 4043 4620 4044 4602 4044 4630 4044 4620 4045 4630 4045 4618 4045 4618 4046 4630 4046 4631 4046 4618 4047 4631 4047 4616 4047 4616 4048 4631 4048 4632 4048 4616 4049 4632 4049 4614 4049 4614 4050 4632 4050 4633 4050 4614 4051 4633 4051 4637 4051 4637 4052 4633 4052 4634 4052 4637 4053 4634 4053 4638 4053 4638 4054 4634 4054 4635 4054 4638 4055 4635 4055 4639 4055 4639 4056 4635 4056 4636 4056 4639 4057 4636 4057 4640 4057 284 4058 4593 4058 4595 4058 4595 4059 4593 4059 4641 4059 4595 4060 4641 4060 4594 4060 4642 4061 4643 4061 4644 4061 4644 4062 4643 4062 4640 4062 4644 4063 4640 4063 4645 4063 4645 4064 4640 4064 4636 4064 4645 4065 4636 4065 4646 4065 4646 4066 4636 4066 4627 4066 4646 4067 4627 4067 4647 4067 4647 4068 4627 4068 4626 4068 4643 4069 4648 4069 4640 4069 4640 4070 4648 4070 4649 4070 4640 4071 4649 4071 4639 4071 4639 4072 4649 4072 4650 4072 4639 4073 4650 4073 4638 4073 4638 4074 4650 4074 4651 4074 4638 4075 4651 4075 4637 4075 4637 4076 4651 4076 4652 4076 4637 4077 4652 4077 4614 4077 4614 4078 4652 4078 4653 4078 4614 4079 4653 4079 4615 4079 4654 4080 4641 4080 4590 4080 4590 4081 4641 4081 4593 4081 4590 4082 4593 4082 4591 4082 4591 4083 4593 4083 279 4083 4591 4084 279 4084 278 4084 4655 4085 4642 4085 4656 4085 4656 4086 4642 4086 4644 4086 4656 4087 4644 4087 4657 4087 4657 4088 4644 4088 4645 4088 4657 4089 4645 4089 4658 4089 4658 4090 4645 4090 4646 4090 4658 4091 4646 4091 4659 4091 4659 4092 4646 4092 4647 4092 4660 4093 4654 4093 4661 4093 4661 4094 4654 4094 4590 4094 4661 4095 4590 4095 4587 4095 4587 4096 4590 4096 4592 4096 4587 4097 4592 4097 4588 4097 4588 4098 4592 4098 254 4098 4588 4099 254 4099 253 4099 4662 4100 4655 4100 4660 4100 4660 4101 4655 4101 4656 4101 4660 4102 4656 4102 4654 4102 4654 4103 4656 4103 4657 4103 4654 4104 4657 4104 4641 4104 4641 4105 4657 4105 4658 4105 4641 4106 4658 4106 4594 4106 4594 4107 4658 4107 4659 4107 4594 4108 4659 4108 276 4108 276 4109 4659 4109 4647 4109 276 4110 4647 4110 298 4110 298 4111 4647 4111 4626 4111 298 4112 4626 4112 299 4112 299 4113 4626 4113 4628 4113 299 4114 4628 4114 300 4114 300 4115 4628 4115 4629 4115 300 4116 4629 4116 297 4116 297 4117 4629 4117 4624 4117 297 4118 4624 4118 301 4118 301 4119 4624 4119 4623 4119 301 4120 4623 4120 302 4120 302 4121 4623 4121 303 4121 264 4122 4585 4122 4589 4122 4589 4123 4585 4123 4586 4123 4589 4124 4586 4124 4587 4124 4587 4125 4586 4125 4663 4125 4587 4126 4663 4126 4661 4126 4661 4127 4663 4127 4575 4127 4661 4128 4575 4128 4660 4128 4660 4129 4575 4129 4574 4129 4660 4130 4574 4130 4662 4130 283 4131 4582 4131 4584 4131 4584 4132 4582 4132 4583 4132 4584 4133 4583 4133 4586 4133 4586 4134 4583 4134 4664 4134 4586 4135 4664 4135 4663 4135 4663 4136 4664 4136 4665 4136 4663 4137 4665 4137 4575 4137 4575 4138 4665 4138 4666 4138 4575 4139 4666 4139 4573 4139 4667 4140 4668 4140 4669 4140 281 4141 4580 4141 4581 4141 4581 4142 4580 4142 4670 4142 4581 4143 4670 4143 4583 4143 4583 4144 4670 4144 4671 4144 4583 4145 4671 4145 4664 4145 4664 4146 4671 4146 4667 4146 4664 4147 4667 4147 4665 4147 4665 4148 4667 4148 4669 4148 4665 4149 4669 4149 4666 4149 4565 4150 4563 4150 4601 4150 4601 4151 4563 4151 4562 4151 4601 4152 4562 4152 4672 4152 4672 4153 4562 4153 4559 4153 4672 4154 4559 4154 4558 4154 4557 4155 4668 4155 4558 4155 4558 4156 4668 4156 4667 4156 4558 4157 4667 4157 4672 4157 4672 4158 4667 4158 4671 4158 4672 4159 4671 4159 4601 4159 4601 4160 4671 4160 4670 4160 4601 4161 4670 4161 4600 4161 4600 4162 4670 4162 4580 4162 4600 4163 4580 4163 4599 4163 4599 4164 4580 4164 257 4164 4599 4165 257 4165 4555 4165 4555 4166 257 4166 256 4166 4377 4167 4379 4167 4673 4167 4673 4168 4379 4168 250 4168 4673 4169 250 4169 249 4169 4414 4170 4393 4170 4674 4170 4674 4171 4393 4171 4376 4171 4674 4172 4376 4172 4673 4172 4673 4173 4376 4173 4375 4173 4673 4174 4375 4174 4377 4174 4675 4175 4421 4175 4373 4175 4676 4176 4372 4176 4674 4176 4674 4177 4372 4177 4415 4177 4674 4178 4415 4178 4414 4178 4677 4179 4678 4179 4679 4179 4680 4180 4603 4180 4681 4180 4681 4181 4603 4181 4622 4181 4681 4182 4622 4182 4682 4182 4682 4183 4622 4183 4609 4183 4682 4184 4609 4184 4683 4184 4683 4185 4609 4185 4608 4185 4683 4186 4608 4186 4677 4186 4677 4187 4679 4187 4683 4187 4683 4188 4679 4188 4684 4188 4683 4189 4684 4189 4682 4189 4682 4190 4684 4190 4685 4190 4682 4191 4685 4191 4681 4191 4681 4192 4685 4192 4686 4192 4681 4193 4686 4193 4680 4193 4680 4194 4686 4194 4675 4194 4680 4195 4675 4195 4676 4195 4676 4196 4675 4196 4373 4196 4676 4197 4373 4197 4372 4197 249 4198 4579 4198 4673 4198 4673 4199 4579 4199 4577 4199 4673 4200 4577 4200 4674 4200 4674 4201 4577 4201 4576 4201 4674 4202 4576 4202 4676 4202 4676 4203 4576 4203 4606 4203 4676 4204 4606 4204 4680 4204 4680 4205 4606 4205 4605 4205 4680 4206 4605 4206 4603 4206 4427 4207 4421 4207 4675 4207 4687 4208 4688 4208 4461 4208 4461 4209 4443 4209 4687 4209 4687 4210 4443 4210 4442 4210 4687 4211 4442 4211 4433 4211 4689 4212 4437 4212 4688 4212 4688 4213 4437 4213 4438 4213 4688 4214 4438 4214 4469 4214 4469 4215 4466 4215 4688 4215 4688 4216 4466 4216 4462 4216 4688 4217 4462 4217 4461 4217 4690 4218 4691 4218 4692 4218 4679 4219 4678 4219 4691 4219 4691 4220 4690 4220 4679 4220 4679 4221 4690 4221 4693 4221 4679 4222 4693 4222 4684 4222 4684 4223 4693 4223 4694 4223 4684 4224 4694 4224 4685 4224 4685 4225 4694 4225 4695 4225 4685 4226 4695 4226 4686 4226 4686 4227 4695 4227 4687 4227 4686 4228 4687 4228 4675 4228 4675 4229 4687 4229 4433 4229 4675 4230 4433 4230 4427 4230 4692 4231 4696 4231 4690 4231 4690 4232 4696 4232 4697 4232 4690 4233 4697 4233 4693 4233 4693 4234 4697 4234 4698 4234 4693 4235 4698 4235 4694 4235 4694 4236 4698 4236 4699 4236 4694 4237 4699 4237 4695 4237 4695 4238 4699 4238 4700 4238 4695 4239 4700 4239 4687 4239 4687 4240 4700 4240 4701 4240 4687 4241 4701 4241 4688 4241 4688 4242 4701 4242 306 4242 4688 4243 306 4243 4689 4243 4689 4244 306 4244 308 4244 4689 4245 308 4245 4437 4245 4702 4246 4498 4246 304 4246 4278 4247 4498 4247 4486 4247 4486 4248 4498 4248 4702 4248 4486 4249 4702 4249 4485 4249 4485 4250 4702 4250 4483 4250 4702 4251 4703 4251 4483 4251 4483 4252 4703 4252 4704 4252 4483 4253 4704 4253 4481 4253 4481 4254 4704 4254 4705 4254 4481 4255 4705 4255 4479 4255 4479 4256 4705 4256 4474 4256 4474 4257 4705 4257 4706 4257 4474 4258 4706 4258 4475 4258 4707 4259 4472 4259 4471 4259 4707 4260 4471 4260 4706 4260 4706 4261 4471 4261 4477 4261 4706 4262 4477 4262 4475 4262 4692 4263 4707 4263 4696 4263 4696 4264 4707 4264 4706 4264 4696 4265 4706 4265 4697 4265 4697 4266 4706 4266 4705 4266 4697 4267 4705 4267 4698 4267 4698 4268 4705 4268 4704 4268 4698 4269 4704 4269 4699 4269 4699 4270 4704 4270 4703 4270 4699 4271 4703 4271 4700 4271 4700 4272 4703 4272 4702 4272 4700 4273 4702 4273 4701 4273 4701 4274 4702 4274 304 4274 4701 4275 304 4275 306 4275 4708 4276 4502 4276 4709 4276 4709 4277 4502 4277 4500 4277 4709 4278 4500 4278 4710 4278 4710 4278 4500 4278 4499 4278 4710 4279 4499 4279 4711 4279 4711 4279 4499 4279 4506 4279 4711 4280 4506 4280 4712 4280 4712 4280 4506 4280 4505 4280 4712 4281 4505 4281 4713 4281 4713 4281 4505 4281 4504 4281 4713 4282 4504 4282 4714 4282 4714 4282 4504 4282 4509 4282 4714 4283 4509 4283 4715 4283 4715 4283 4509 4283 4508 4283 4715 4284 4508 4284 4716 4284 4716 4284 4508 4284 4507 4284 4716 4285 4507 4285 4717 4285 4717 4285 4507 4285 4511 4285 4717 4286 4511 4286 4718 4286 4718 4286 4511 4286 4510 4286 4718 4287 4510 4287 4719 4287 4719 4287 4510 4287 4503 4287 4719 4288 4503 4288 4708 4288 4708 4289 4503 4289 4502 4289 4720 4276 4515 4276 4721 4276 4721 4277 4515 4277 4513 4277 4721 4278 4513 4278 4722 4278 4722 4278 4513 4278 4512 4278 4722 4290 4512 4290 4723 4290 4723 4290 4512 4290 4519 4290 4723 4291 4519 4291 4724 4291 4724 4291 4519 4291 4518 4291 4724 4281 4518 4281 4725 4281 4725 4281 4518 4281 4517 4281 4725 4282 4517 4282 4726 4282 4726 4282 4517 4282 4522 4282 4726 4283 4522 4283 4727 4283 4727 4283 4522 4283 4521 4283 4727 4284 4521 4284 4728 4284 4728 4284 4521 4284 4520 4284 4728 4292 4520 4292 4729 4292 4729 4292 4520 4292 4524 4292 4729 4293 4524 4293 4730 4293 4730 4293 4524 4293 4523 4293 4730 4287 4523 4287 4731 4287 4731 4287 4523 4287 4516 4287 4731 4288 4516 4288 4720 4288 4720 4289 4516 4289 4515 4289 4717 28 4718 28 4724 28 4724 28 4718 28 4723 28 4707 28 4692 28 4712 28 4724 28 4725 28 4717 28 4717 28 4725 28 4726 28 4717 28 4726 28 4727 28 4712 28 4692 28 4711 28 4711 28 4692 28 4691 28 4711 28 4691 28 4710 28 4355 28 4714 28 4526 28 4526 28 4714 28 4715 28 4526 28 4715 28 4530 28 4530 28 4715 28 4716 28 4530 28 4716 28 4540 28 4540 28 4716 28 4717 28 4540 28 4717 28 4541 28 4541 28 4717 28 4727 28 4541 28 4727 28 4556 28 4718 28 4719 28 4723 28 4723 28 4719 28 4708 28 4723 28 4708 28 4709 28 4355 28 4472 28 4714 28 4714 28 4472 28 4707 28 4714 28 4707 28 4713 28 4713 28 4707 28 4712 28 4617 28 4615 28 4720 28 4720 28 4615 28 4653 28 4710 28 4691 28 4709 28 4709 28 4691 28 4678 28 4709 28 4678 28 4723 28 4723 28 4678 28 4677 28 4723 28 4677 28 4722 28 4722 28 4677 28 4608 28 4722 28 4608 28 4721 28 4721 28 4608 28 4607 28 4721 28 4607 28 4720 28 4720 28 4607 28 4619 28 4720 28 4619 28 4617 28 4653 28 4652 28 4720 28 4720 28 4652 28 4651 28 4720 28 4651 28 4650 28 4650 28 4649 28 4720 28 4720 28 4649 28 4648 28 4720 28 4648 28 4643 28 4573 28 4720 28 4574 28 4574 28 4720 28 4662 28 4643 28 4642 28 4720 28 4720 28 4642 28 4655 28 4720 28 4655 28 4662 28 4727 28 4728 28 4556 28 4556 28 4728 28 4729 28 4556 28 4729 28 4557 28 4557 28 4729 28 4730 28 4557 28 4730 28 4668 28 4668 28 4730 28 4731 28 4668 28 4731 28 4669 28 4669 28 4731 28 4720 28 4669 28 4720 28 4666 28 4666 28 4720 28 4573 28 4003 4294 4732 4294 4001 4294 4001 4295 4732 4295 4733 4295 4001 4295 4733 4295 3999 4295 3999 4296 4733 4296 4734 4296 3999 4296 4734 4296 3997 4296 3997 4297 4734 4297 4735 4297 3997 4297 4735 4297 3995 4297 3995 4298 4735 4298 4736 4298 3995 4298 4736 4298 3993 4298 3993 4299 4736 4299 4737 4299 3993 4299 4737 4299 4015 4299 4015 4300 4737 4300 4738 4300 4015 4300 4738 4300 4013 4300 4013 4301 4738 4301 4739 4301 4013 4301 4739 4301 4011 4301 4011 4302 4739 4302 4740 4302 4011 4302 4740 4302 4009 4302 4009 4303 4740 4303 4741 4303 4009 4303 4741 4303 4007 4303 4007 4304 4741 4304 4742 4304 4007 4304 4742 4304 4005 4304 4005 4305 4742 4305 4743 4305 4005 4305 4743 4305 4003 4305 4003 4294 4743 4294 4732 4294 4744 28 4742 28 4745 28 4745 28 4742 28 4741 28 4745 28 4741 28 4746 28 4746 28 4741 28 4740 28 4746 28 4740 28 4747 28 4747 28 4740 28 4739 28 4747 28 4739 28 4748 28 4748 28 4739 28 4738 28 4748 28 4738 28 4749 28 4749 28 4738 28 4737 28 4749 28 4737 28 4750 28 4750 28 4737 28 4736 28 4750 28 4736 28 4751 28 4751 28 4736 28 4735 28 4751 28 4735 28 4752 28 4752 28 4735 28 4734 28 4752 28 4734 28 4753 28 4753 28 4734 28 4733 28 4753 28 4733 28 4754 28 4754 28 4733 28 4732 28 4754 28 4732 28 4755 28 4755 28 4732 28 4743 28 4755 28 4743 28 4744 28 4744 28 4743 28 4742 28 3979 4306 4756 4306 3977 4306 3977 4307 4756 4307 4757 4307 3977 4307 4757 4307 3975 4307 3975 4308 4757 4308 4758 4308 3975 4308 4758 4308 3973 4308 3973 4309 4758 4309 4759 4309 3973 4309 4759 4309 3971 4309 3971 4310 4759 4310 4760 4310 3971 4310 4760 4310 3969 4310 3969 4311 4760 4311 4761 4311 3969 4311 4761 4311 3991 4311 3991 4312 4761 4312 4762 4312 3991 4312 4762 4312 3989 4312 3989 4313 4762 4313 4763 4313 3989 4313 4763 4313 3987 4313 3987 4314 4763 4314 4764 4314 3987 4314 4764 4314 3985 4314 3985 4315 4764 4315 4765 4315 3985 4315 4765 4315 3983 4315 3983 4316 4765 4316 4766 4316 3983 4316 4766 4316 3981 4316 3981 4317 4766 4317 4767 4317 3981 4317 4767 4317 3979 4317 3979 4306 4767 4306 4756 4306 4768 28 4759 28 4769 28 4769 28 4759 28 4758 28 4769 28 4758 28 4770 28 4770 28 4758 28 4757 28 4770 28 4757 28 4771 28 4771 28 4757 28 4756 28 4771 28 4756 28 4772 28 4772 28 4756 28 4767 28 4772 28 4767 28 4773 28 4773 28 4767 28 4766 28 4773 28 4766 28 4774 28 4774 28 4766 28 4765 28 4774 28 4765 28 4775 28 4775 28 4765 28 4764 28 4775 28 4764 28 4776 28 4776 28 4764 28 4763 28 4776 28 4763 28 4777 28 4777 28 4763 28 4762 28 4777 28 4762 28 4778 28 4778 28 4762 28 4761 28 4778 28 4761 28 4779 28 4779 28 4761 28 4760 28 4779 28 4760 28 4768 28 4768 28 4760 28 4759 28 4780 27 4781 27 3967 27 4781 27 4782 27 3967 27 3967 27 4782 27 4783 27 3967 27 4783 27 3968 27 4783 27 4784 27 3968 27 3968 27 4784 27 4785 27 3968 27 4785 27 4786 27 4786 27 4787 27 3968 27 3968 27 4787 27 4788 27 3968 27 4788 27 3923 27 3926 27 4789 27 3927 27 3927 27 4789 27 4790 27 3927 27 4790 27 3928 27 4790 27 4791 27 3928 27 3928 27 4791 27 4792 27 3928 27 4792 27 3929 27 4788 27 4793 27 3923 27 3923 27 4793 27 4794 27 3923 27 4794 27 3924 27 3924 27 4794 27 4795 27 3924 27 4795 27 3925 27 4792 27 4796 27 3929 27 3929 27 4796 27 4797 27 3929 27 4797 27 3930 27 4795 27 4798 27 3925 27 3925 27 4798 27 4799 27 3925 27 4799 27 3926 27 3926 27 4799 27 4800 27 3926 27 4800 27 4789 27 4797 27 4801 27 3930 27 3930 27 4801 27 4802 27 3930 27 4802 27 3967 27 3967 27 4802 27 4803 27 3967 27 4803 27 4780 27 3890 28 3967 28 3891 28 3891 28 3967 28 3968 28 3933 4318 4782 4318 3934 4318 3934 4319 4782 4319 4781 4319 3934 4320 4781 4320 3935 4320 3935 4321 4781 4321 4780 4321 3935 4322 4780 4322 3937 4322 3937 4323 4780 4323 4803 4323 3937 4324 4803 4324 3938 4324 3938 4325 4803 4325 4802 4325 3938 4326 4802 4326 3940 4326 3940 4327 4802 4327 4801 4327 3940 4328 4801 4328 3941 4328 3941 4329 4801 4329 4797 4329 3941 4330 4797 4330 3943 4330 3943 4331 4797 4331 4796 4331 3943 4332 4796 4332 3944 4332 3944 4333 4796 4333 4792 4333 3944 4334 4792 4334 3946 4334 3946 4335 4792 4335 4791 4335 3946 4336 4791 4336 3947 4336 3947 4337 4791 4337 4790 4337 3947 4338 4790 4338 3949 4338 3949 4339 4790 4339 4789 4339 3949 4340 4789 4340 3950 4340 3950 4341 4789 4341 4800 4341 3950 4342 4800 4342 3952 4342 3952 4343 4800 4343 4799 4343 3952 4344 4799 4344 3953 4344 3953 4345 4799 4345 4798 4345 3953 4346 4798 4346 3955 4346 3955 4347 4798 4347 4795 4347 3955 4348 4795 4348 3956 4348 3956 4349 4795 4349 4794 4349 3956 4350 4794 4350 3958 4350 3958 4351 4794 4351 4793 4351 3958 4352 4793 4352 3959 4352 3959 4353 4793 4353 4788 4353 3959 4354 4788 4354 3961 4354 3961 4355 4788 4355 4787 4355 3961 4356 4787 4356 3962 4356 3962 4357 4787 4357 4786 4357 3962 4358 4786 4358 3964 4358 3964 4359 4786 4359 4785 4359 3964 4360 4785 4360 3965 4360 3965 4361 4785 4361 4784 4361 3965 4362 4784 4362 3966 4362 3966 4363 4784 4363 4783 4363 3966 4364 4783 4364 3933 4364 3933 4365 4783 4365 4782 4365 4804 28 4805 28 4806 28 4806 28 4805 28 4807 28 4806 28 4807 28 4808 28 4808 28 4807 28 4809 28 4810 4366 4811 4366 4808 4366 4810 4367 4808 4367 4812 4367 4812 4368 4808 4368 4809 4368 4812 4366 4809 4366 4813 4366 4814 4369 4815 4369 4806 4369 4814 4370 4806 4370 4816 4370 4816 4371 4806 4371 4808 4371 4816 4369 4808 4369 4811 4369 4817 170 4818 170 4804 170 4817 170 4804 170 4819 170 4819 170 4804 170 4806 170 4819 170 4806 170 4815 170 4820 4372 4821 4372 4805 4372 4820 4373 4805 4373 4822 4373 4822 4374 4805 4374 4804 4374 4822 4372 4804 4372 4818 4372 4805 4375 4821 4375 4823 4375 4805 4376 4823 4376 4807 4376 4807 4377 4823 4377 4824 4377 4807 4375 4824 4375 4825 4375 4826 8 4813 8 4809 8 4826 8 4809 8 4827 8 4827 8 4809 8 4807 8 4827 8 4807 8 4825 8 4813 4378 4828 4378 4812 4378 4812 4379 4828 4379 4810 4379 4810 4380 4828 4380 4829 4380 4810 4381 4829 4381 4811 4381 4811 4382 4830 4382 4816 4382 4816 4383 4830 4383 4814 4383 4814 4384 4830 4384 4831 4384 4814 4385 4831 4385 4815 4385 4815 4386 4832 4386 4819 4386 4819 4387 4832 4387 4817 4387 4817 4387 4832 4387 4833 4387 4817 4388 4833 4388 4818 4388 4818 4389 4834 4389 4822 4389 4822 4390 4834 4390 4820 4390 4820 4391 4834 4391 4835 4391 4820 4392 4835 4392 4821 4392 4821 4393 4836 4393 4823 4393 4823 4394 4836 4394 4824 4394 4824 4395 4836 4395 4837 4395 4824 4396 4837 4396 4825 4396 4825 4397 4838 4397 4827 4397 4827 4398 4838 4398 4826 4398 4826 4398 4838 4398 4839 4398 4826 4399 4839 4399 4813 4399 4840 28 4834 28 4841 28 4841 28 4834 28 4818 28 4841 28 4818 28 4842 28 4843 28 4830 28 4844 28 4844 28 4830 28 4811 28 4844 28 4811 28 4845 28 4846 28 4838 28 4847 28 4847 28 4838 28 4825 28 4847 28 4825 28 4848 28 4825 28 4837 28 4848 28 4848 28 4837 28 4836 28 4848 28 4836 28 4849 28 4849 28 4836 28 4821 28 4849 28 4821 28 4840 28 4840 28 4821 28 4835 28 4840 28 4835 28 4834 28 4818 28 4833 28 4842 28 4842 28 4833 28 4832 28 4842 28 4832 28 4850 28 4850 28 4832 28 4815 28 4850 28 4815 28 4843 28 4843 28 4815 28 4831 28 4843 28 4831 28 4830 28 4811 28 4829 28 4845 28 4845 28 4829 28 4828 28 4845 28 4828 28 4851 28 4851 28 4828 28 4813 28 4851 28 4813 28 4846 28 4846 28 4813 28 4839 28 4846 28 4839 28 4838 28 4846 4400 4852 4400 4851 4400 4851 4401 4852 4401 4853 4401 4851 4401 4853 4401 4845 4401 4845 4402 4853 4402 4854 4402 4845 4402 4854 4402 4844 4402 4844 4403 4854 4403 4855 4403 4844 4403 4855 4403 4843 4403 4843 4404 4855 4404 4856 4404 4843 4404 4856 4404 4850 4404 4850 4405 4856 4405 4857 4405 4850 4405 4857 4405 4842 4405 4842 4406 4857 4406 4858 4406 4842 4406 4858 4406 4841 4406 4841 4407 4858 4407 4859 4407 4841 4407 4859 4407 4840 4407 4840 4408 4859 4408 4860 4408 4840 4408 4860 4408 4849 4408 4849 4409 4860 4409 4861 4409 4849 4409 4861 4409 4848 4409 4848 4410 4861 4410 4862 4410 4848 4410 4862 4410 4847 4410 4847 4411 4862 4411 4863 4411 4847 4411 4863 4411 4846 4411 4846 4400 4863 4400 4852 4400 4775 4412 4860 4412 4859 4412 4775 4413 4859 4413 4774 4413 4774 4414 4859 4414 4858 4414 4774 4415 4858 4415 4773 4415 4773 4416 4858 4416 4857 4416 4773 4417 4857 4417 4772 4417 4772 4418 4857 4418 4856 4418 4772 4419 4856 4419 4771 4419 4771 4420 4856 4420 4855 4420 4771 4421 4855 4421 4770 4421 4770 4422 4855 4422 4854 4422 4770 4423 4854 4423 4769 4423 4769 4424 4854 4424 4853 4424 4769 4425 4853 4425 4768 4425 4768 4426 4853 4426 4852 4426 4768 4427 4852 4427 4779 4427 4779 4428 4852 4428 4863 4428 4779 4429 4863 4429 4778 4429 4778 4430 4863 4430 4862 4430 4778 4431 4862 4431 4777 4431 4777 4432 4862 4432 4861 4432 4777 4433 4861 4433 4776 4433 4776 4434 4861 4434 4860 4434 4776 4435 4860 4435 4775 4435 4752 4436 4864 4436 4865 4436 4752 4437 4865 4437 4751 4437 4751 4438 4865 4438 4866 4438 4751 4427 4866 4427 4750 4427 4750 4439 4866 4439 4867 4439 4750 4440 4867 4440 4749 4440 4749 4441 4867 4441 4868 4441 4749 4442 4868 4442 4748 4442 4748 4443 4868 4443 4869 4443 4748 4444 4869 4444 4747 4444 4747 4445 4869 4445 4870 4445 4747 4435 4870 4435 4746 4435 4746 4446 4870 4446 4871 4446 4746 4447 4871 4447 4745 4447 4745 4448 4871 4448 4872 4448 4745 4415 4872 4415 4744 4415 4744 4449 4872 4449 4873 4449 4744 4450 4873 4450 4755 4450 4755 4451 4873 4451 4874 4451 4755 4452 4874 4452 4754 4452 4754 4453 4874 4453 4875 4453 4754 4454 4875 4454 4753 4454 4753 4455 4875 4455 4864 4455 4753 4423 4864 4423 4752 4423 4876 28 4877 28 4878 28 4878 28 4877 28 4879 28 4878 28 4879 28 4880 28 4880 28 4879 28 4881 28 4882 4372 4883 4372 4877 4372 4882 4373 4877 4373 4884 4373 4884 4374 4877 4374 4876 4374 4884 4372 4876 4372 4885 4372 4886 170 4885 170 4876 170 4886 170 4876 170 4887 170 4887 170 4876 170 4878 170 4887 170 4878 170 4888 170 4889 4369 4888 4369 4878 4369 4889 4370 4878 4370 4890 4370 4890 4371 4878 4371 4880 4371 4890 4369 4880 4369 4891 4369 4892 4366 4891 4366 4880 4366 4892 4367 4880 4367 4893 4367 4893 4368 4880 4368 4881 4368 4893 4366 4881 4366 4894 4366 4895 8 4894 8 4881 8 4895 8 4881 8 4896 8 4896 8 4881 8 4879 8 4896 8 4879 8 4897 8 4877 4375 4883 4375 4898 4375 4877 4376 4898 4376 4879 4376 4879 4377 4898 4377 4899 4377 4879 4375 4899 4375 4897 4375 4885 4389 4900 4389 4884 4389 4884 4390 4900 4390 4882 4390 4882 4391 4900 4391 4901 4391 4882 4392 4901 4392 4883 4392 4888 4386 4902 4386 4887 4386 4887 4387 4902 4387 4886 4387 4886 4387 4902 4387 4903 4387 4886 4388 4903 4388 4885 4388 4891 4382 4904 4382 4890 4382 4890 4383 4904 4383 4889 4383 4889 4384 4904 4384 4905 4384 4889 4385 4905 4385 4888 4385 4894 4378 4906 4378 4893 4378 4893 4379 4906 4379 4892 4379 4892 4380 4906 4380 4907 4380 4892 4381 4907 4381 4891 4381 4897 4397 4908 4397 4896 4397 4896 4398 4908 4398 4895 4398 4895 4398 4908 4398 4909 4398 4895 4399 4909 4399 4894 4399 4883 4393 4910 4393 4898 4393 4898 4394 4910 4394 4899 4394 4899 4395 4910 4395 4911 4395 4899 4396 4911 4396 4897 4396 4912 28 4900 28 4913 28 4913 28 4900 28 4885 28 4913 28 4885 28 4914 28 4915 28 4904 28 4916 28 4916 28 4904 28 4891 28 4916 28 4891 28 4917 28 4918 28 4908 28 4919 28 4919 28 4908 28 4897 28 4919 28 4897 28 4920 28 4897 28 4911 28 4920 28 4920 28 4911 28 4910 28 4920 28 4910 28 4921 28 4921 28 4910 28 4883 28 4921 28 4883 28 4912 28 4912 28 4883 28 4901 28 4912 28 4901 28 4900 28 4885 28 4903 28 4914 28 4914 28 4903 28 4902 28 4914 28 4902 28 4922 28 4922 28 4902 28 4888 28 4922 28 4888 28 4915 28 4915 28 4888 28 4905 28 4915 28 4905 28 4904 28 4891 28 4907 28 4917 28 4917 28 4907 28 4906 28 4917 28 4906 28 4923 28 4923 28 4906 28 4894 28 4923 28 4894 28 4918 28 4918 28 4894 28 4909 28 4918 28 4909 28 4908 28 4918 4456 4866 4456 4923 4456 4923 4457 4866 4457 4865 4457 4923 4457 4865 4457 4917 4457 4917 4458 4865 4458 4864 4458 4917 4458 4864 4458 4916 4458 4916 4459 4864 4459 4875 4459 4916 4459 4875 4459 4915 4459 4915 4460 4875 4460 4874 4460 4915 4460 4874 4460 4922 4460 4922 4461 4874 4461 4873 4461 4922 4461 4873 4461 4914 4461 4914 4462 4873 4462 4872 4462 4914 4462 4872 4462 4913 4462 4913 4463 4872 4463 4871 4463 4913 4463 4871 4463 4912 4463 4912 4464 4871 4464 4870 4464 4912 4464 4870 4464 4921 4464 4921 4465 4870 4465 4869 4465 4921 4465 4869 4465 4920 4465 4920 4466 4869 4466 4868 4466 4920 4466 4868 4466 4919 4466 4919 4467 4868 4467 4867 4467 4919 4467 4867 4467 4918 4467 4918 4456 4867 4456 4866 4456 4924 4468 4925 4468 3027 4468 3027 4468 4925 4468 3015 4468 326 4469 325 4469 4926 4469 4926 4470 325 4470 4927 4470 3015 4471 4925 4471 3016 4471 3016 4472 4925 4472 4928 4472 325 4473 3029 4473 4927 4473 4927 4474 3029 4474 3030 4474 4927 4475 3030 4475 4928 4475 4928 4476 3030 4476 3017 4476 4928 4477 3017 4477 3016 4477 3585 4478 4929 4478 3020 4478 3020 4479 4929 4479 4930 4479 3020 4480 4930 4480 3021 4480 3021 4481 4930 4481 3022 4481 3022 4482 4930 4482 4931 4482 3022 4483 4931 4483 3024 4483 4924 4484 3027 4484 4931 4484 4931 4485 3027 4485 3026 4485 4931 4486 3026 4486 3024 4486 326 170 4926 170 327 170 327 170 4926 170 4932 170 327 170 4932 170 3663 170 3663 4487 4932 4487 4933 4487 3663 4488 4933 4488 3664 4488 3664 4489 4933 4489 4934 4489 3664 4490 4934 4490 3665 4490 3665 4491 4934 4491 4935 4491 3665 4492 4935 4492 3666 4492 3666 4493 4935 4493 4936 4493 3666 4494 4936 4494 3667 4494 3667 4495 4936 4495 3668 4495 3668 4495 4936 4495 4937 4495 3668 4496 4937 4496 4938 4496 3668 4497 4938 4497 3669 4497 3669 4498 4938 4498 4939 4498 3669 4499 4939 4499 3672 4499 3672 4500 4939 4500 4940 4500 3672 4501 4940 4501 3671 4501 3671 4502 4940 4502 4941 4502 3671 4503 4941 4503 3670 4503 3670 8 4941 8 3586 8 3586 8 4941 8 4929 8 3586 8 4929 8 3585 8 4941 4504 4925 4504 4924 4504 4937 4505 4936 4505 4925 4505 4939 4506 4938 4506 4937 4506 4931 4507 4930 4507 4924 4507 4924 4508 4930 4508 4929 4508 4924 4509 4929 4509 4941 4509 4936 4510 4935 4510 4934 4510 4925 4511 4941 4511 4937 4511 4937 4512 4941 4512 4940 4512 4937 4513 4940 4513 4939 4513 4927 4514 4928 4514 4926 4514 4926 4515 4928 4515 4925 4515 4926 4516 4925 4516 4932 4516 4932 4517 4925 4517 4936 4517 4932 4518 4936 4518 4933 4518 4933 4519 4936 4519 4934 4519 160 4520 223 4520 136 4520 136 4521 223 4521 138 4521 4942 4522 144 4522 4943 4522 4943 4523 144 4523 138 4523 4943 4524 138 4524 4944 4524 4944 4525 138 4525 223 4525 4944 4526 223 4526 4945 4526 4945 4527 223 4527 218 4527 4945 4528 218 4528 4946 4528 4946 4529 218 4529 214 4529 4946 4530 214 4530 4947 4530 4947 4531 214 4531 212 4531 4947 4532 212 4532 4948 4532 4948 4533 212 4533 210 4533 4948 4534 210 4534 4949 4534 4949 4534 210 4534 227 4534 4949 4535 227 4535 4950 4535 4950 4536 227 4536 240 4536 4950 4537 240 4537 4951 4537 4951 4538 240 4538 235 4538 4951 4539 235 4539 4952 4539 235 4540 233 4540 4952 4540 4952 4541 233 4541 231 4541 4952 4542 231 4542 4953 4542 231 4520 134 4520 133 4520 231 4543 133 4543 4953 4543 4953 4544 133 4544 155 4544 4953 4545 155 4545 4954 4545 4954 4546 155 4546 152 4546 4954 4522 152 4522 4955 4522 139 4547 144 4547 4942 4547 139 4548 4942 4548 140 4548 140 4549 4942 4549 4956 4549 140 4550 4956 4550 148 4550 152 4547 150 4547 4955 4547 4955 4551 150 4551 148 4551 4955 4552 148 4552 4957 4552 4957 4550 148 4550 4956 4550 4958 4553 4959 4553 4960 4553 4960 4554 4959 4554 4961 4554 4958 4555 4962 4555 4963 4555 4964 4556 4965 4556 4966 4556 4966 4557 4967 4557 4964 4557 4964 4558 4967 4558 4959 4558 4964 4559 4959 4559 4958 4559 4968 4560 4969 4560 4964 4560 4964 4561 4969 4561 4970 4561 4964 4562 4970 4562 4965 4562 4958 4563 4963 4563 4964 4563 4964 4564 4963 4564 4971 4564 4964 4565 4971 4565 4968 4565 4972 4566 4973 4566 4974 4566 4975 4567 4976 4567 4977 4567 4977 4568 4976 4568 4978 4568 4977 4569 4978 4569 4979 4569 4979 4570 4978 4570 4980 4570 4979 4571 4980 4571 4981 4571 4981 4572 4980 4572 4982 4572 4981 4573 4982 4573 4983 4573 4983 4574 4982 4574 4984 4574 4983 4575 4984 4575 4985 4575 4974 4576 4986 4576 4972 4576 4972 4577 4986 4577 4987 4577 4972 4578 4987 4578 4988 4578 4988 4579 4987 4579 4989 4579 4988 4580 4989 4580 4990 4580 4989 4581 4991 4581 4990 4581 4990 4582 4991 4582 4975 4582 4990 4583 4975 4583 4992 4583 4992 4584 4975 4584 4977 4584 4992 4585 4977 4585 4993 4585 4993 4586 4977 4586 4979 4586 4993 4587 4979 4587 4994 4587 4994 4588 4979 4588 4981 4588 4994 4589 4981 4589 4995 4589 4995 4590 4981 4590 4983 4590 4995 4591 4983 4591 4996 4591 4996 4592 4983 4592 4985 4592 4997 4593 4973 4593 4998 4593 4998 4594 4973 4594 4972 4594 4998 4595 4972 4595 4999 4595 4999 4596 4972 4596 4988 4596 4999 4597 4988 4597 5000 4597 5000 4598 4988 4598 4990 4598 5000 4599 4990 4599 5001 4599 5001 4600 4990 4600 4992 4600 5001 4601 4992 4601 5002 4601 5002 4602 4992 4602 4993 4602 5002 4603 4993 4603 5003 4603 5003 4604 4993 4604 4994 4604 5003 4605 4994 4605 5004 4605 5004 4606 4994 4606 4995 4606 5004 4607 4995 4607 5005 4607 5005 4608 4995 4608 4996 4608 4963 4609 4997 4609 4971 4609 4971 4610 4997 4610 4998 4610 4971 4611 4998 4611 4968 4611 4968 4612 4998 4612 4999 4612 4968 4613 4999 4613 4969 4613 4969 4614 4999 4614 5000 4614 4969 4615 5000 4615 4970 4615 4970 4616 5000 4616 5001 4616 4970 4617 5001 4617 4965 4617 4965 4618 5001 4618 5002 4618 4965 4619 5002 4619 4966 4619 4966 4620 5002 4620 5003 4620 4966 4621 5003 4621 4967 4621 4967 4622 5003 4622 5004 4622 4967 4623 5004 4623 4959 4623 4959 4624 5004 4624 5005 4624 5006 4625 5007 4625 5008 4625 5006 4626 5008 4626 5009 4626 5009 4627 5008 4627 5010 4627 5009 4628 5010 4628 5011 4628 5011 4629 5010 4629 5012 4629 5011 4630 5012 4630 5013 4630 5013 4631 5012 4631 4961 4631 5013 4632 4961 4632 4959 4632 4959 4633 5005 4633 5013 4633 5013 4634 5005 4634 4996 4634 5013 4635 4996 4635 5011 4635 5011 4636 4996 4636 4985 4636 5011 4637 4985 4637 5009 4637 5009 4638 4985 4638 4984 4638 5009 4639 4984 4639 5006 4639 5014 4640 5015 4640 5016 4640 5017 4641 5018 4641 5019 4641 5019 4642 5018 4642 5020 4642 5019 4643 5020 4643 5021 4643 5022 4644 5023 4644 5017 4644 5017 4645 5023 4645 5024 4645 5017 4646 5024 4646 5018 4646 5008 4647 5007 4647 5025 4647 5008 4648 5025 4648 5026 4648 5026 4649 5025 4649 5027 4649 5026 4650 5027 4650 5022 4650 5022 4651 5027 4651 5028 4651 5022 4652 5028 4652 5023 4652 5010 4653 5008 4653 5029 4653 5029 4654 5008 4654 5026 4654 5029 4655 5026 4655 5030 4655 5030 4656 5026 4656 5022 4656 5030 4657 5022 4657 5031 4657 5031 4658 5022 4658 5017 4658 5031 4659 5017 4659 5016 4659 5016 4660 5017 4660 5019 4660 5016 4661 5019 4661 5014 4661 5014 4662 5019 4662 5021 4662 5012 4663 5010 4663 5032 4663 5032 4664 5010 4664 5029 4664 5032 4665 5029 4665 5033 4665 5033 4666 5029 4666 5030 4666 5033 4667 5030 4667 5034 4667 5034 4668 5030 4668 5031 4668 5034 4669 5031 4669 5035 4669 5035 4670 5031 4670 5016 4670 5035 4671 5016 4671 5036 4671 5036 4672 5016 4672 5015 4672 4961 4673 5012 4673 5037 4673 5037 4674 5012 4674 5032 4674 5037 4675 5032 4675 5038 4675 5038 4676 5032 4676 5033 4676 5038 4677 5033 4677 5039 4677 5039 4678 5033 4678 5034 4678 5039 4679 5034 4679 5040 4679 5040 4680 5034 4680 5035 4680 5040 4681 5035 4681 5041 4681 5041 4682 5035 4682 5036 4682 5042 4683 5043 4683 5044 4683 5044 4684 5043 4684 5045 4684 5044 4685 5045 4685 5046 4685 5046 4686 5045 4686 5047 4686 5048 4687 5049 4687 5050 4687 5048 4688 5050 4688 5051 4688 5051 4689 5050 4689 5052 4689 5051 4690 5052 4690 5053 4690 5053 4691 5052 4691 5054 4691 5053 4692 5054 4692 5042 4692 5042 4693 5054 4693 5055 4693 5042 4694 5055 4694 5043 4694 5056 4695 5048 4695 5057 4695 5057 4696 5048 4696 5051 4696 5057 4697 5051 4697 5058 4697 5058 4698 5051 4698 5053 4698 5058 4699 5053 4699 5059 4699 5059 4700 5053 4700 5042 4700 5059 4701 5042 4701 5060 4701 5060 4702 5042 4702 5044 4702 5060 4703 5044 4703 5061 4703 5061 4704 5044 4704 5046 4704 5062 4705 5056 4705 5063 4705 5063 4706 5056 4706 5057 4706 5063 4707 5057 4707 5064 4707 5064 4708 5057 4708 5058 4708 5064 4709 5058 4709 5065 4709 5065 4710 5058 4710 5059 4710 5065 4711 5059 4711 5066 4711 5066 4712 5059 4712 5060 4712 5066 4713 5060 4713 5067 4713 5067 4714 5060 4714 5061 4714 5068 4715 5062 4715 5069 4715 5069 4716 5062 4716 5063 4716 5069 4717 5063 4717 5070 4717 5070 4718 5063 4718 5064 4718 5070 4719 5064 4719 5071 4719 5071 4720 5064 4720 5065 4720 5071 4721 5065 4721 5072 4721 5072 4722 5065 4722 5066 4722 5072 4723 5066 4723 5073 4723 5073 4724 5066 4724 5067 4724 5074 4725 5075 4725 5076 4725 5076 4726 5075 4726 5073 4726 5077 4727 5078 4727 5079 4727 5077 4728 5079 4728 5080 4728 5080 4729 5079 4729 5081 4729 5080 4730 5081 4730 5082 4730 5082 4731 5081 4731 5083 4731 5082 4732 5083 4732 5076 4732 5076 4733 5083 4733 5084 4733 5076 4734 5084 4734 5074 4734 5073 4735 5067 4735 5076 4735 5076 4736 5067 4736 5061 4736 5076 4737 5061 4737 5082 4737 5082 4738 5061 4738 5046 4738 5082 4739 5046 4739 5080 4739 5080 4740 5046 4740 5047 4740 5080 4741 5047 4741 5077 4741 5074 4742 5084 4742 5085 4742 5083 4743 5081 4743 5086 4743 5087 4744 5088 4744 5089 4744 5088 4745 5087 4745 5090 4745 5090 4746 5087 4746 5091 4746 5090 4747 5091 4747 5092 4747 5092 4748 5091 4748 5093 4748 5092 4749 5093 4749 5094 4749 5095 4750 5096 4750 5097 4750 5097 4751 5096 4751 5098 4751 5097 4752 5098 4752 5099 4752 5099 4753 5098 4753 5100 4753 5099 4754 5100 4754 5101 4754 5101 4755 5100 4755 5102 4755 5102 4756 5100 4756 5103 4756 5102 4757 5103 4757 5104 4757 5104 4758 5103 4758 5079 4758 5104 4759 5079 4759 5078 4759 5081 4760 5079 4760 5086 4760 5086 4761 5079 4761 5103 4761 5086 4762 5103 4762 5105 4762 5105 4763 5103 4763 5100 4763 5105 4764 5100 4764 5106 4764 5106 4765 5100 4765 5098 4765 5106 4766 5098 4766 5089 4766 5089 4767 5098 4767 5096 4767 5089 4768 5096 4768 5087 4768 5087 4769 5096 4769 5095 4769 5084 4770 5083 4770 5085 4770 5085 4771 5083 4771 5086 4771 5085 4772 5086 4772 5107 4772 5107 4773 5086 4773 5105 4773 5107 4774 5105 4774 5108 4774 5108 4775 5105 4775 5106 4775 5108 4776 5106 4776 5109 4776 5109 4777 5106 4777 5089 4777 5109 4778 5089 4778 5110 4778 5110 4779 5089 4779 5088 4779 5110 4780 5088 4780 5111 4780 5111 4781 5088 4781 5090 4781 5111 4782 5090 4782 5112 4782 5112 4783 5090 4783 5092 4783 5112 4784 5092 4784 5113 4784 5113 4785 5092 4785 5094 4785 5075 4786 5074 4786 5114 4786 5114 4787 5074 4787 5085 4787 5114 4788 5085 4788 5115 4788 5115 4789 5085 4789 5107 4789 5115 4790 5107 4790 5116 4790 5116 4791 5107 4791 5108 4791 5116 4792 5108 4792 5117 4792 5117 4793 5108 4793 5109 4793 5117 4794 5109 4794 5118 4794 5118 4795 5109 4795 5110 4795 5118 4796 5110 4796 5119 4796 5119 4797 5110 4797 5111 4797 5119 4798 5111 4798 5120 4798 5120 4799 5111 4799 5112 4799 5120 4800 5112 4800 5121 4800 5121 4801 5112 4801 5113 4801 5073 4802 5075 4802 5122 4802 5122 4802 5075 4802 5123 4802 5124 4803 5125 4803 5068 4803 5124 4804 5068 4804 5122 4804 5122 4805 5068 4805 5069 4805 5122 4806 5069 4806 5070 4806 5070 4807 5071 4807 5122 4807 5122 4808 5071 4808 5072 4808 5122 4809 5072 4809 5073 4809 5125 4810 5126 4810 5068 4810 5068 4811 5126 4811 5127 4811 5068 4812 5127 4812 5041 4812 5041 4813 5127 4813 5128 4813 5041 4814 5128 4814 5129 4814 5130 4815 5131 4815 4960 4815 4961 4816 5037 4816 4960 4816 4960 4817 5037 4817 5038 4817 4960 4818 5038 4818 5039 4818 5129 4819 5130 4819 5041 4819 5041 4820 5130 4820 4960 4820 5041 4821 4960 4821 5040 4821 5040 4822 4960 4822 5039 4822 4960 4802 5131 4802 4958 4802 4958 4802 5131 4802 5132 4802 5020 4823 5049 4823 5021 4823 5021 4823 5049 4823 5048 4823 5021 4824 5048 4824 5014 4824 5014 4824 5048 4824 5056 4824 5014 4825 5056 4825 5015 4825 5015 4826 5056 4826 5062 4826 5015 4827 5062 4827 5036 4827 5036 4828 5062 4828 5068 4828 5036 4828 5068 4828 5041 4828 4962 4829 5121 4829 5113 4829 5094 4830 5093 4830 5133 4830 5094 4831 5133 4831 5113 4831 5113 4832 5133 4832 5134 4832 5113 4833 5134 4833 4962 4833 5133 4834 4974 4834 5134 4834 5134 4835 4974 4835 4973 4835 4973 4836 4997 4836 5134 4836 5134 4837 4997 4837 4963 4837 5134 4838 4963 4838 4962 4838 4956 0 5049 0 4957 0 4957 0 5049 0 5020 0 5093 28 4948 28 5133 28 5133 28 4948 28 4949 28 5133 28 4949 28 4974 28 5050 4839 5049 4839 4956 4839 5050 4840 4956 4840 5052 4840 5052 4841 4956 4841 4942 4841 5052 4842 4942 4842 5054 4842 5054 4843 4942 4843 4943 4843 5054 4844 4943 4844 5055 4844 5055 4845 4943 4845 5043 4845 5043 4846 4943 4846 4944 4846 5043 4847 4944 4847 5045 4847 5078 4848 5077 4848 4944 4848 4944 4849 5077 4849 5047 4849 4944 4850 5047 4850 5045 4850 5099 4851 5101 4851 4945 4851 4945 4852 5101 4852 5102 4852 4945 4853 5102 4853 4944 4853 4944 4854 5102 4854 5104 4854 4944 4855 5104 4855 5078 4855 5091 4856 5087 4856 4946 4856 4946 4857 5087 4857 5095 4857 4946 4858 5095 4858 4945 4858 4945 4859 5095 4859 5097 4859 4945 4860 5097 4860 5099 4860 4946 4861 4947 4861 5091 4861 5091 4862 4947 4862 4948 4862 5091 4863 4948 4863 5093 4863 4974 4864 4949 4864 4986 4864 4986 4865 4949 4865 4950 4865 4975 4866 4951 4866 4976 4866 4976 4867 4951 4867 4978 4867 4975 4868 4991 4868 4951 4868 4951 4869 4991 4869 4989 4869 4951 4870 4989 4870 4950 4870 4950 4871 4989 4871 4987 4871 4950 4872 4987 4872 4986 4872 5007 4873 5006 4873 4953 4873 4953 4874 5006 4874 4984 4874 4953 4875 4984 4875 4952 4875 4952 4876 4984 4876 4982 4876 4952 4877 4982 4877 4951 4877 4951 4878 4982 4878 4980 4878 4951 4879 4980 4879 4978 4879 5023 4880 5028 4880 4954 4880 4954 4881 5028 4881 5027 4881 4954 4882 5027 4882 4953 4882 4953 4883 5027 4883 5025 4883 4953 4884 5025 4884 5007 4884 5023 4885 4954 4885 5024 4885 5024 4886 4954 4886 4955 4886 5024 4887 4955 4887 5018 4887 5018 4888 4955 4888 4957 4888 5018 4889 4957 4889 5020 4889 5135 4890 5136 4890 4962 4890 5135 4891 4962 4891 5137 4891 4958 4892 5132 4892 5138 4892 4958 4893 5138 4893 4962 4893 4962 4894 5138 4894 5139 4894 4962 4895 5139 4895 5137 4895 5136 4896 5140 4896 4962 4896 4962 4897 5140 4897 5141 4897 4962 4898 5141 4898 5121 4898 5141 4899 5142 4899 5121 4899 5121 4900 5142 4900 5143 4900 5121 4901 5143 4901 5144 4901 5144 4902 5145 4902 5121 4902 5121 4903 5145 4903 5146 4903 5121 4904 5146 4904 5120 4904 5120 4905 5146 4905 5147 4905 5115 4906 5116 4906 5148 4906 5116 4907 5117 4907 5148 4907 5148 4908 5117 4908 5118 4908 5148 4909 5118 4909 5147 4909 5147 4910 5118 4910 5119 4910 5147 4911 5119 4911 5120 4911 5123 4912 5075 4912 5148 4912 5148 4913 5075 4913 5114 4913 5148 4914 5114 4914 5115 4914 5140 4915 5136 4915 5149 4915 5150 4916 5122 4916 5123 4916 5150 4917 5123 4917 5151 4917 5122 4918 5150 4918 5124 4918 5124 4919 5150 4919 5152 4919 5124 4919 5152 4919 5125 4919 5131 4920 5130 4920 5153 4920 5153 4921 5130 4921 5129 4921 5153 4921 5129 4921 5154 4921 5154 4922 5129 4922 5128 4922 5154 4923 5128 4923 5155 4923 5155 4924 5128 4924 5127 4924 5155 4925 5127 4925 5152 4925 5152 4926 5127 4926 5126 4926 5152 4927 5126 4927 5125 4927 5131 4928 5153 4928 5132 4928 5132 4929 5153 4929 5156 4929 5132 4930 5156 4930 5138 4930 5149 4931 5136 4931 5157 4931 5136 4932 5135 4932 5157 4932 5157 4933 5135 4933 5137 4933 5157 4934 5137 4934 5156 4934 5156 4935 5137 4935 5139 4935 5156 4936 5139 4936 5138 4936 5140 4937 5149 4937 5141 4937 5141 4938 5149 4938 5158 4938 5141 4939 5158 4939 5142 4939 5142 4940 5158 4940 5159 4940 5142 4941 5159 4941 5143 4941 5160 4942 5145 4942 5159 4942 5159 4943 5145 4943 5144 4943 5159 4944 5144 4944 5143 4944 5123 4945 5148 4945 5151 4945 5151 4946 5148 4946 5147 4946 5151 4947 5147 4947 5160 4947 5160 4948 5147 4948 5146 4948 5160 4949 5146 4949 5145 4949 3960 27 3963 27 5161 27 5161 27 3963 27 3932 27 5161 27 3932 27 3931 27 3951 27 3954 27 5161 27 5161 27 3954 27 3957 27 5161 27 3957 27 3960 27 3942 27 3945 27 5161 27 5161 27 3945 27 3948 27 5161 27 3948 27 3951 27 3931 27 3936 27 5161 27 5161 27 3936 27 3939 27 5161 27 3939 27 3942 27 5153 16 5154 16 5162 16 5162 16 5154 16 5155 16 5162 16 5155 16 5152 16 5149 16 5157 16 5162 16 5162 16 5157 16 5156 16 5162 16 5156 16 5153 16 5160 16 5159 16 5162 16 5162 16 5159 16 5158 16 5162 16 5158 16 5149 16 5152 16 5150 16 5162 16 5162 16 5150 16 5151 16 5162 16 5151 16 5160 16 5163 4950 4294 4950 5164 4950 5164 4950 4294 4950 4295 4950 5164 4951 4295 4951 5165 4951 5165 4951 4295 4951 4296 4951 5165 4952 4296 4952 5166 4952 5166 4952 4296 4952 4283 4952 5163 28 5167 28 4294 28 4294 28 5167 28 4293 28 5168 4953 4318 4953 5169 4953 5169 4953 4318 4953 4316 4953 5169 4954 4316 4954 5170 4954 5170 4954 4316 4954 4315 4954 5170 4955 4315 4955 5167 4955 5167 4955 4315 4955 4293 4955 5168 16 5171 16 4318 16 4318 16 5171 16 4320 16 5172 4956 4331 4956 5173 4956 5173 4956 4331 4956 4330 4956 5173 4957 4330 4957 5174 4957 5174 4957 4330 4957 4322 4957 5174 4958 4322 4958 5171 4958 5171 4958 4322 4958 4320 4958 5172 0 5175 0 4331 0 4331 0 5175 0 4333 0 5176 4959 4285 4959 5177 4959 5177 4959 4285 4959 4287 4959 5177 4960 4287 4960 5178 4960 5178 4960 4287 4960 4312 4960 5178 4961 4312 4961 5175 4961 5175 4961 4312 4961 4333 4961 5176 27 5166 27 4285 27 4285 27 5166 27 4283 27 5176 170 5174 170 5166 170 5166 170 5174 170 5171 170 5166 170 5171 170 5168 170 5164 170 5165 170 5163 170 5163 170 5165 170 5166 170 5163 170 5166 170 5167 170 5167 170 5166 170 5168 170 5167 170 5168 170 5170 170 5170 170 5168 170 5169 170 5177 170 5178 170 5176 170 5176 170 5178 170 5175 170 5176 170 5175 170 5174 170 5174 170 5175 170 5172 170 5174 170 5172 170 5173 170 5179 4962 4290 4962 5180 4962 5180 4962 4290 4962 4289 4962 5180 4963 4289 4963 5181 4963 5181 4963 4289 4963 4288 4963 5181 4964 4288 4964 5182 4964 5182 4964 4288 4964 4300 4964 5182 4965 4300 4965 5183 4965 5183 4965 4300 4965 4303 4965 5183 4966 4303 4966 5184 4966 5184 4966 4303 4966 4329 4966 5184 4967 4329 4967 5185 4967 5185 4967 4329 4967 4336 4967 5185 4968 4336 4968 5186 4968 5186 4968 4336 4968 4314 4968 5186 4969 4314 4969 5187 4969 5187 4969 4314 4969 4313 4969 5187 4970 4313 4970 5188 4970 5188 4970 4313 4970 4286 4970 5188 4971 4286 4971 5189 4971 5189 4971 4286 4971 4284 4971 5189 4972 4284 4972 5190 4972 5190 4972 4284 4972 4297 4972 5190 4973 4297 4973 5179 4973 5179 4973 4297 4973 4290 4973 5189 170 5190 170 5191 170 5191 170 5190 170 5179 170 5191 170 5179 170 5180 170 5186 170 5187 170 5191 170 5191 170 5187 170 5188 170 5191 170 5188 170 5189 170 5183 170 5184 170 5191 170 5191 170 5184 170 5185 170 5191 170 5185 170 5186 170 5180 170 5181 170 5191 170 5191 170 5181 170 5182 170 5191 170 5182 170 5183 170 5192 4962 4292 4962 5193 4962 5193 4962 4292 4962 4291 4962 5193 4974 4291 4974 5194 4974 5194 4974 4291 4974 4317 4974 5194 4975 4317 4975 5195 4975 5195 4975 4317 4975 4319 4975 5195 4976 4319 4976 5196 4976 5196 4976 4319 4976 4321 4976 5196 4977 4321 4977 5197 4977 5197 4977 4321 4977 4323 4977 5197 4967 4323 4967 5198 4967 5198 4967 4323 4967 4324 4967 5198 4968 4324 4968 5199 4968 5199 4968 4324 4968 4310 4968 5199 4978 4310 4978 5200 4978 5200 4978 4310 4978 4307 4978 5200 4979 4307 4979 5201 4979 5201 4979 4307 4979 4305 4979 5201 4980 4305 4980 5202 4980 5202 4980 4305 4980 4299 4980 5202 4981 4299 4981 5203 4981 5203 4981 4299 4981 4298 4981 5203 4973 4298 4973 5192 4973 5192 4973 4298 4973 4292 4973 5202 170 5203 170 5204 170 5204 170 5203 170 5192 170 5204 170 5192 170 5193 170 5199 170 5200 170 5204 170 5204 170 5200 170 5201 170 5204 170 5201 170 5202 170 5196 170 5197 170 5204 170 5204 170 5197 170 5198 170 5204 170 5198 170 5199 170 5193 170 5194 170 5204 170 5204 170 5194 170 5195 170 5204 170 5195 170 5196 170</p>
        </triangles>
      </mesh>
    </geometry>
  </library_geometries>
  <library_visual_scenes>
    <visual_scene id="DefaultScene">
      <node id="node_42ea2a41_74ed_444b_a514_e0cc803b1103" type="NODE">
        <matrix>1 0 0 0 0 1 0 0 0 0 1 0 0 0 0 1</matrix>
        <node id="node_4777297b_f86d_42c5_918a_adee4d9a1b9b" type="NODE">
          <matrix>1 0 0 0 0 1 0 0 0 0 1 0 0 0 0 1</matrix>
          <node id="node_4777297b_f86d_42c5_918a_adee4d9a1b9b_mesh0" type="NODE">
            <matrix>1 0 0 0 0 1 0 0 0 0 1 0 0 0 0 1</matrix>
            <instance_geometry url="#geometry_f6116d47_4da0_4028_88d8_d6f0288c4e0d">
              <bind_material>
                <technique_common>
                  <instance_material symbol="mat_0" target="#mat_0"/>
                </technique_common>
              </bind_material>
            </instance_geometry>
          </node>
        </node>
      </node>
    </visual_scene>
  </library_visual_scenes>
  <scene>
    <instance_visual_scene url="#DefaultScene"/>
  </scene>
</COLLADA>
